scenario_id,replicate_id,model,decile,n,mean_predicted_risk5,mean_true_risk5,observed_event1_5y_rate,observed_event2_5y_rate
S0_linear_PH_inst30,1,finegray_dgm_cif_R,1,150,0.09735833319590567,0.10503590412,0.05333333333333334,0.15333333333333332
S0_linear_PH_inst30,1,finegray_dgm_cif_R,2,150,0.1498491702568075,0.16229946386,0.20666666666666667,0.14
S0_linear_PH_inst30,1,finegray_dgm_cif_R,3,150,0.18674388966606678,0.1948919168,0.15333333333333332,0.19333333333333333
S0_linear_PH_inst30,1,finegray_dgm_cif_R,4,150,0.2232183297729208,0.2392390384,0.3,0.20666666666666667
S0_linear_PH_inst30,1,finegray_dgm_cif_R,5,150,0.2595182799086805,0.27036636146666665,0.24,0.2733333333333333
S0_linear_PH_inst30,1,finegray_dgm_cif_R,6,150,0.2996991086558298,0.3080804516,0.32,0.22
S0_linear_PH_inst30,1,finegray_dgm_cif_R,7,150,0.3396723412397142,0.33786749726666665,0.38666666666666666,0.2733333333333333
S0_linear_PH_inst30,1,finegray_dgm_cif_R,8,150,0.39294125460741436,0.39415231573333337,0.34,0.29333333333333333
S0_linear_PH_inst30,1,finegray_dgm_cif_R,9,150,0.45954250356467574,0.448785268,0.4066666666666667,0.38666666666666666
S0_linear_PH_inst30,1,finegray_dgm_cif_R,10,150,0.6079928998156717,0.5510074996666666,0.5933333333333334,0.29333333333333333
S0_linear_PH_inst30,1,finegray_all_safe_reduced_R,1,150,0.10317235610520348,0.11901798138666665,0.08666666666666667,0.18
S0_linear_PH_inst30,1,finegray_all_safe_reduced_R,2,150,0.15579428922009703,0.17278617788666667,0.18666666666666668,0.20666666666666667
S0_linear_PH_inst30,1,finegray_all_safe_reduced_R,3,150,0.19343495338319444,0.19843717977333333,0.17333333333333334,0.22666666666666666
S0_linear_PH_inst30,1,finegray_all_safe_reduced_R,4,150,0.2260222029620933,0.24741354953333333,0.24666666666666667,0.26
S0_linear_PH_inst30,1,finegray_all_safe_reduced_R,5,150,0.2592732345613993,0.26880708519999996,0.2733333333333333,0.25333333333333335
S0_linear_PH_inst30,1,finegray_all_safe_reduced_R,6,150,0.2938817819927691,0.31104388580000003,0.38666666666666666,0.18
S0_linear_PH_inst30,1,finegray_all_safe_reduced_R,7,150,0.3330310271628721,0.3359210348,0.32666666666666666,0.28
S0_linear_PH_inst30,1,finegray_all_safe_reduced_R,8,150,0.38286563252165073,0.38443718326666665,0.36,0.29333333333333333
S0_linear_PH_inst30,1,finegray_all_safe_reduced_R,9,150,0.45396862403488264,0.4309083766,0.4,0.25333333333333335
S0_linear_PH_inst30,1,finegray_all_safe_reduced_R,10,150,0.6017679930736507,0.5429532626666667,0.56,0.3
S0_linear_PH_inst30,1,cs_rsf_dgm_cif,1,150,0.10925956175815249,0.11643382558666665,0.11333333333333333,0.12666666666666668
S0_linear_PH_inst30,1,cs_rsf_dgm_cif,2,150,0.17401010712518855,0.16153577250666667,0.14666666666666667,0.13333333333333333
S0_linear_PH_inst30,1,cs_rsf_dgm_cif,3,150,0.21896105855678183,0.20506668768666667,0.20666666666666667,0.26666666666666666
S0_linear_PH_inst30,1,cs_rsf_dgm_cif,4,150,0.25601489840723174,0.23226454766666668,0.22666666666666666,0.28
S0_linear_PH_inst30,1,cs_rsf_dgm_cif,5,150,0.2914253671445558,0.27747932966666666,0.2866666666666667,0.24666666666666667
S0_linear_PH_inst30,1,cs_rsf_dgm_cif,6,150,0.3287502088422139,0.2991018816666667,0.3333333333333333,0.26666666666666666
S0_linear_PH_inst30,1,cs_rsf_dgm_cif,7,150,0.3707767076434928,0.34506468746666663,0.3333333333333333,0.24666666666666667
S0_linear_PH_inst30,1,cs_rsf_dgm_cif,8,150,0.41675198651166573,0.3949393974,0.4066666666666667,0.24666666666666667
S0_linear_PH_inst30,1,cs_rsf_dgm_cif,9,150,0.47165372231913133,0.44228030139999996,0.42,0.36666666666666664
S0_linear_PH_inst30,1,cs_rsf_dgm_cif,10,150,0.5552070488536527,0.5375592858666667,0.5266666666666666,0.25333333333333335
S0_linear_PH_inst30,1,cs_rsf_all_safe_cif,1,150,0.1286972231774628,0.12413862070000001,0.10666666666666667,0.16
S0_linear_PH_inst30,1,cs_rsf_all_safe_cif,2,150,0.18630855450686906,0.1744704205,0.18,0.24666666666666667
S0_linear_PH_inst30,1,cs_rsf_all_safe_cif,3,150,0.22409732162745225,0.20248274134,0.22666666666666666,0.20666666666666667
S0_linear_PH_inst30,1,cs_rsf_all_safe_cif,4,150,0.26164825926210034,0.24585838550666664,0.32666666666666666,0.25333333333333335
S0_linear_PH_inst30,1,cs_rsf_all_safe_cif,5,150,0.2990003392683768,0.2726674122,0.24,0.22666666666666666
S0_linear_PH_inst30,1,cs_rsf_all_safe_cif,6,150,0.3386699960977261,0.30659968299999996,0.29333333333333333,0.22666666666666666
S0_linear_PH_inst30,1,cs_rsf_all_safe_cif,7,150,0.38159816321836054,0.34154156546666664,0.3,0.31333333333333335
S0_linear_PH_inst30,1,cs_rsf_all_safe_cif,8,150,0.42594078693135284,0.3821668454666666,0.36666666666666664,0.29333333333333333
S0_linear_PH_inst30,1,cs_rsf_all_safe_cif,9,150,0.4825220435326229,0.4310467236666667,0.44,0.25333333333333335
S0_linear_PH_inst30,1,cs_rsf_all_safe_cif,10,150,0.5780454334450996,0.5307533190666667,0.52,0.25333333333333335
S0_linear_PH_inst30,1,cs_gbsa_dgm_cif,1,151,0.22585104469785972,0.13666187380794703,0.10596026490066225,0.2119205298013245
S0_linear_PH_inst30,1,cs_gbsa_dgm_cif,2,150,0.23431567090773026,0.16490883023333333,0.2,0.17333333333333334
S0_linear_PH_inst30,1,cs_gbsa_dgm_cif,3,149,0.25631642687793965,0.21951199091275167,0.21476510067114093,0.20134228187919462
S0_linear_PH_inst30,1,cs_gbsa_dgm_cif,4,150,0.27611872429531703,0.23536030167333333,0.24,0.30666666666666664
S0_linear_PH_inst30,1,cs_gbsa_dgm_cif,5,150,0.2909413391968043,0.2703562205333333,0.22666666666666666,0.24
S0_linear_PH_inst30,1,cs_gbsa_dgm_cif,6,150,0.30858135838446044,0.3127494952666666,0.35333333333333333,0.26
S0_linear_PH_inst30,1,cs_gbsa_dgm_cif,7,150,0.3257023591454551,0.3375756047333333,0.36,0.3
S0_linear_PH_inst30,1,cs_gbsa_dgm_cif,8,150,0.3502997233574933,0.3908616095333333,0.38,0.23333333333333334
S0_linear_PH_inst30,1,cs_gbsa_dgm_cif,9,150,0.37765364598632795,0.42707703766666666,0.4,0.24666666666666667
S0_linear_PH_inst30,1,cs_gbsa_dgm_cif,10,150,0.42739064029180923,0.5172150866666666,0.52,0.26
S0_linear_PH_inst30,1,cs_gbsa_all_safe_cif,1,152,0.225876050847597,0.1439512897894737,0.09868421052631579,0.28289473684210525
S0_linear_PH_inst30,1,cs_gbsa_all_safe_cif,2,148,0.23381632843590597,0.16880963047972974,0.20945945945945946,0.10135135135135136
S0_linear_PH_inst30,1,cs_gbsa_all_safe_cif,3,150,0.2530283373719889,0.21425427661333335,0.24666666666666667,0.25333333333333335
S0_linear_PH_inst30,1,cs_gbsa_all_safe_cif,4,150,0.2726603432149817,0.23281530103999998,0.23333333333333334,0.23333333333333334
S0_linear_PH_inst30,1,cs_gbsa_all_safe_cif,5,150,0.2897999543069074,0.27402244319999997,0.30666666666666664,0.24666666666666667
S0_linear_PH_inst30,1,cs_gbsa_all_safe_cif,6,150,0.30876800389743553,0.30113626520000003,0.32,0.26666666666666666
S0_linear_PH_inst30,1,cs_gbsa_all_safe_cif,7,150,0.3242301051405922,0.3444711602666667,0.30666666666666664,0.2866666666666667
S0_linear_PH_inst30,1,cs_gbsa_all_safe_cif,8,150,0.34777855781262923,0.38407797073333333,0.36,0.22
S0_linear_PH_inst30,1,cs_gbsa_all_safe_cif,9,150,0.38245884260799806,0.4207999678,0.38666666666666666,0.29333333333333333
S0_linear_PH_inst30,1,cs_gbsa_all_safe_cif,10,150,0.4463024162001894,0.5277188563333333,0.5333333333333333,0.24666666666666667
S0_linear_PH_inst30,2,finegray_dgm_cif_R,1,150,0.10264572322146309,0.10899490434666667,0.08,0.12666666666666668
S0_linear_PH_inst30,2,finegray_dgm_cif_R,2,150,0.152786770941253,0.16550636864666668,0.16666666666666666,0.14
S0_linear_PH_inst30,2,finegray_dgm_cif_R,3,150,0.1901476631991947,0.20292468646666667,0.19333333333333333,0.15333333333333332
S0_linear_PH_inst30,2,finegray_dgm_cif_R,4,150,0.22263453218018167,0.24272414433333334,0.16,0.22666666666666666
S0_linear_PH_inst30,2,finegray_dgm_cif_R,5,150,0.26004563493698724,0.282154678,0.24,0.3333333333333333
S0_linear_PH_inst30,2,finegray_dgm_cif_R,6,150,0.29714548107945604,0.316740022,0.2866666666666667,0.29333333333333333
S0_linear_PH_inst30,2,finegray_dgm_cif_R,7,150,0.34162625501716803,0.3569029178,0.38,0.26666666666666666
S0_linear_PH_inst30,2,finegray_dgm_cif_R,8,150,0.40085385709957566,0.40552414193333336,0.3933333333333333,0.3466666666666667
S0_linear_PH_inst30,2,finegray_dgm_cif_R,9,150,0.47944183070541657,0.47441184393333335,0.4666666666666667,0.32
S0_linear_PH_inst30,2,finegray_dgm_cif_R,10,150,0.6202722058323283,0.5711568901333334,0.6333333333333333,0.24
S0_linear_PH_inst30,2,finegray_all_safe_reduced_R,1,150,0.11948473720738534,0.12536635306666669,0.1,0.18666666666666668
S0_linear_PH_inst30,2,finegray_all_safe_reduced_R,2,150,0.16747451824306112,0.17154031929333333,0.18,0.15333333333333332
S0_linear_PH_inst30,2,finegray_all_safe_reduced_R,3,150,0.20276613394697535,0.21754722173333335,0.16,0.19333333333333333
S0_linear_PH_inst30,2,finegray_all_safe_reduced_R,4,150,0.2338188429745136,0.2526032460666667,0.22,0.29333333333333333
S0_linear_PH_inst30,2,finegray_all_safe_reduced_R,5,150,0.2619494097030696,0.2713979239,0.21333333333333335,0.31333333333333335
S0_linear_PH_inst30,2,finegray_all_safe_reduced_R,6,150,0.2939735422535942,0.3108030448,0.30666666666666664,0.31333333333333335
S0_linear_PH_inst30,2,finegray_all_safe_reduced_R,7,150,0.32974525930020926,0.34306583593333334,0.3333333333333333,0.26
S0_linear_PH_inst30,2,finegray_all_safe_reduced_R,8,150,0.37986520037778426,0.39482736913333333,0.38,0.2866666666666667
S0_linear_PH_inst30,2,finegray_all_safe_reduced_R,9,150,0.4520941733553202,0.46499593159999997,0.54,0.21333333333333335
S0_linear_PH_inst30,2,finegray_all_safe_reduced_R,10,150,0.5904496481460084,0.5748933520666667,0.5666666666666667,0.23333333333333334
S0_linear_PH_inst30,2,cs_rsf_dgm_cif,1,150,0.1264738180787765,0.11704268880666667,0.14,0.08666666666666667
S0_linear_PH_inst30,2,cs_rsf_dgm_cif,2,150,0.18385386647637822,0.168510556,0.15333333333333332,0.15333333333333332
S0_linear_PH_inst30,2,cs_rsf_dgm_cif,3,150,0.22091589162803105,0.20975936402666667,0.12,0.20666666666666667
S0_linear_PH_inst30,2,cs_rsf_dgm_cif,4,150,0.2584333537339453,0.24159896089333335,0.19333333333333333,0.2733333333333333
S0_linear_PH_inst30,2,cs_rsf_dgm_cif,5,150,0.29603322686880046,0.2804118267333333,0.29333333333333333,0.28
S0_linear_PH_inst30,2,cs_rsf_dgm_cif,6,150,0.3314773869005563,0.3165866384666666,0.3,0.2866666666666667
S0_linear_PH_inst30,2,cs_rsf_dgm_cif,7,150,0.3689684177033955,0.3483657436,0.3466666666666667,0.2866666666666667
S0_linear_PH_inst30,2,cs_rsf_dgm_cif,8,150,0.41170225411089195,0.40297161206666665,0.38666666666666666,0.3333333333333333
S0_linear_PH_inst30,2,cs_rsf_dgm_cif,9,150,0.45544667242725323,0.46106191246666667,0.44666666666666666,0.32666666666666666
S0_linear_PH_inst30,2,cs_rsf_dgm_cif,10,150,0.5332656811573842,0.5807312945333334,0.62,0.21333333333333335
S0_linear_PH_inst30,2,cs_rsf_all_safe_cif,1,150,0.13901539013876568,0.1294061882,0.10666666666666667,0.13333333333333333
S0_linear_PH_inst30,2,cs_rsf_all_safe_cif,2,150,0.19777850070905872,0.18732484746666667,0.2,0.16
S0_linear_PH_inst30,2,cs_rsf_all_safe_cif,3,150,0.23698348796749627,0.22341153492666668,0.16666666666666666,0.2866666666666667
S0_linear_PH_inst30,2,cs_rsf_all_safe_cif,4,150,0.2674257929316504,0.23896822836666667,0.25333333333333335,0.21333333333333335
S0_linear_PH_inst30,2,cs_rsf_all_safe_cif,5,150,0.29706184718450324,0.2781228635333333,0.23333333333333334,0.2866666666666667
S0_linear_PH_inst30,2,cs_rsf_all_safe_cif,6,150,0.33031779824939606,0.3075788735666667,0.2866666666666667,0.3333333333333333
S0_linear_PH_inst30,2,cs_rsf_all_safe_cif,7,150,0.3747620630146094,0.34691078373333334,0.2866666666666667,0.2866666666666667
S0_linear_PH_inst30,2,cs_rsf_all_safe_cif,8,150,0.42629112642444206,0.39754740346666667,0.38,0.26666666666666666
S0_linear_PH_inst30,2,cs_rsf_all_safe_cif,9,150,0.48855657190104285,0.4548455974666667,0.49333333333333335,0.24666666666666667
S0_linear_PH_inst30,2,cs_rsf_all_safe_cif,10,150,0.5826719216022292,0.5629242768666667,0.5933333333333334,0.23333333333333334
S0_linear_PH_inst30,2,cs_gbsa_dgm_cif,1,156,0.22777202518864653,0.13390570350641026,0.14102564102564102,0.10256410256410256
S0_linear_PH_inst30,2,cs_gbsa_dgm_cif,2,144,0.24122878842981446,0.18387027617361112,0.1527777777777778,0.20833333333333334
S0_linear_PH_inst30,2,cs_gbsa_dgm_cif,3,150,0.27110371321694726,0.2306928082866667,0.21333333333333335,0.28
S0_linear_PH_inst30,2,cs_gbsa_dgm_cif,4,150,0.288005257608027,0.22908460546666665,0.18666666666666668,0.22666666666666666
S0_linear_PH_inst30,2,cs_gbsa_dgm_cif,5,151,0.298633707897471,0.2743634327814569,0.23841059602649006,0.304635761589404
S0_linear_PH_inst30,2,cs_gbsa_dgm_cif,6,149,0.30916862687931723,0.3086907299328859,0.21476510067114093,0.3691275167785235
S0_linear_PH_inst30,2,cs_gbsa_dgm_cif,7,150,0.32062605187724025,0.3551393822,0.3466666666666667,0.28
S0_linear_PH_inst30,2,cs_gbsa_dgm_cif,8,150,0.33615466332889826,0.3990050629333333,0.46,0.22666666666666666
S0_linear_PH_inst30,2,cs_gbsa_dgm_cif,9,150,0.35723787569244586,0.45822006140000004,0.4866666666666667,0.22
S0_linear_PH_inst30,2,cs_gbsa_dgm_cif,10,150,0.41149234521181766,0.5562959664666667,0.56,0.23333333333333334
S0_linear_PH_inst30,2,cs_gbsa_all_safe_cif,1,150,0.2322675610624148,0.13006022611333334,0.13333333333333333,0.12666666666666668
S0_linear_PH_inst30,2,cs_gbsa_all_safe_cif,2,150,0.24998634904952777,0.1948609969933333,0.16,0.22
S0_linear_PH_inst30,2,cs_gbsa_all_safe_cif,3,150,0.2623291104661124,0.22179400808666666,0.22,0.24666666666666667
S0_linear_PH_inst30,2,cs_gbsa_all_safe_cif,4,150,0.2760266720147863,0.25785138646666667,0.23333333333333334,0.25333333333333335
S0_linear_PH_inst30,2,cs_gbsa_all_safe_cif,5,150,0.2851190135728192,0.2699966173,0.23333333333333334,0.26
S0_linear_PH_inst30,2,cs_gbsa_all_safe_cif,6,150,0.29988182172041866,0.3060916821,0.3,0.2866666666666667
S0_linear_PH_inst30,2,cs_gbsa_all_safe_cif,7,150,0.31755628182673346,0.3403234258666667,0.2866666666666667,0.30666666666666664
S0_linear_PH_inst30,2,cs_gbsa_all_safe_cif,8,150,0.3454872789888077,0.38733220926666667,0.38,0.2733333333333333
S0_linear_PH_inst30,2,cs_gbsa_all_safe_cif,9,150,0.38070984308467587,0.45365159906666663,0.48,0.26666666666666666
S0_linear_PH_inst30,2,cs_gbsa_all_safe_cif,10,150,0.43652088871880174,0.5650784463333333,0.5733333333333334,0.20666666666666667
S1_linear_PH_inst15,1,finegray_dgm_cif_R,1,150,0.0444433867386397,0.04339555047333333,0.04,0.16666666666666666
S1_linear_PH_inst15,1,finegray_dgm_cif_R,2,150,0.0669886878111839,0.06642773698666667,0.05333333333333334,0.16
S1_linear_PH_inst15,1,finegray_dgm_cif_R,3,150,0.08441930826909781,0.08662444253333333,0.07333333333333333,0.28
S1_linear_PH_inst15,1,finegray_dgm_cif_R,4,150,0.10169495408451106,0.10915143774000001,0.11333333333333333,0.24
S1_linear_PH_inst15,1,finegray_dgm_cif_R,5,150,0.11899280771188735,0.12817753442666666,0.15333333333333332,0.2733333333333333
S1_linear_PH_inst15,1,finegray_dgm_cif_R,6,150,0.13777593171782174,0.14054306842666667,0.17333333333333334,0.2733333333333333
S1_linear_PH_inst15,1,finegray_dgm_cif_R,7,150,0.16096068199050037,0.16468252772,0.15333333333333332,0.35333333333333333
S1_linear_PH_inst15,1,finegray_dgm_cif_R,8,150,0.19169791504900907,0.1950024869,0.24,0.34
S1_linear_PH_inst15,1,finegray_dgm_cif_R,9,150,0.23445142050623918,0.23482111302666667,0.20666666666666667,0.32666666666666666
S1_linear_PH_inst15,1,finegray_dgm_cif_R,10,150,0.3583957923093016,0.30193589022666667,0.29333333333333333,0.4533333333333333
S1_linear_PH_inst15,1,finegray_all_safe_reduced_R,1,150,0.04856118021058599,0.04659147379333334,0.06,0.21333333333333335
S1_linear_PH_inst15,1,finegray_all_safe_reduced_R,2,150,0.07272145848033147,0.07375163559999999,0.05333333333333334,0.2733333333333333
S1_linear_PH_inst15,1,finegray_all_safe_reduced_R,3,150,0.08992730992796176,0.08735156058666667,0.09333333333333334,0.24666666666666667
S1_linear_PH_inst15,1,finegray_all_safe_reduced_R,4,150,0.10700389411097051,0.10726208822666666,0.08666666666666667,0.29333333333333333
S1_linear_PH_inst15,1,finegray_all_safe_reduced_R,5,150,0.12377555465061865,0.12410101318666666,0.16666666666666666,0.32666666666666666
S1_linear_PH_inst15,1,finegray_all_safe_reduced_R,6,150,0.14219099712590882,0.14197035646666667,0.12666666666666668,0.2866666666666667
S1_linear_PH_inst15,1,finegray_all_safe_reduced_R,7,150,0.16352120135992912,0.16758045109333333,0.14666666666666667,0.28
S1_linear_PH_inst15,1,finegray_all_safe_reduced_R,8,150,0.18806509544314276,0.18342619317333334,0.19333333333333333,0.3
S1_linear_PH_inst15,1,finegray_all_safe_reduced_R,9,150,0.22772956646797932,0.22857906633333333,0.2866666666666667,0.2866666666666667
S1_linear_PH_inst15,1,finegray_all_safe_reduced_R,10,150,0.334086181182012,0.31014795,0.2866666666666667,0.36
S1_linear_PH_inst15,1,cs_rsf_dgm_cif,1,150,0.05721765915827198,0.057844390366666665,0.02666666666666667,0.13333333333333333
S1_linear_PH_inst15,1,cs_rsf_dgm_cif,2,150,0.07908028150643977,0.0723485941,0.05333333333333334,0.19333333333333333
S1_linear_PH_inst15,1,cs_rsf_dgm_cif,3,150,0.09677328827368681,0.08287649010666667,0.12,0.21333333333333335
S1_linear_PH_inst15,1,cs_rsf_dgm_cif,4,150,0.11404498079433625,0.10466320436,0.12,0.31333333333333335
S1_linear_PH_inst15,1,cs_rsf_dgm_cif,5,150,0.13368683394856568,0.11977183010666667,0.12,0.29333333333333333
S1_linear_PH_inst15,1,cs_rsf_dgm_cif,6,150,0.1551849627213343,0.14048896489333332,0.10666666666666667,0.35333333333333333
S1_linear_PH_inst15,1,cs_rsf_dgm_cif,7,150,0.18069373248319578,0.16431350397333333,0.18666666666666668,0.37333333333333335
S1_linear_PH_inst15,1,cs_rsf_dgm_cif,8,150,0.20817164942944874,0.19631347799333335,0.22666666666666666,0.28
S1_linear_PH_inst15,1,cs_rsf_dgm_cif,9,150,0.24547826361015018,0.22554864096,0.26,0.35333333333333333
S1_linear_PH_inst15,1,cs_rsf_dgm_cif,10,150,0.3131788007134172,0.30659269159999997,0.28,0.36
S1_linear_PH_inst15,1,cs_rsf_all_safe_cif,1,150,0.06130893325456932,0.06970006925333333,0.03333333333333333,0.22666666666666666
S1_linear_PH_inst15,1,cs_rsf_all_safe_cif,2,150,0.08513657958842424,0.08491093668666667,0.08,0.28
S1_linear_PH_inst15,1,cs_rsf_all_safe_cif,3,150,0.10163831393056891,0.09267133113333333,0.15333333333333332,0.28
S1_linear_PH_inst15,1,cs_rsf_all_safe_cif,4,150,0.11873836902978131,0.10561290618,0.06666666666666667,0.3333333333333333
S1_linear_PH_inst15,1,cs_rsf_all_safe_cif,5,150,0.134563633857746,0.11983153446,0.10666666666666667,0.29333333333333333
S1_linear_PH_inst15,1,cs_rsf_all_safe_cif,6,150,0.1541978205278864,0.13513474701333333,0.13333333333333333,0.30666666666666664
S1_linear_PH_inst15,1,cs_rsf_all_safe_cif,7,150,0.1785730216672844,0.15407714919999999,0.19333333333333333,0.25333333333333335
S1_linear_PH_inst15,1,cs_rsf_all_safe_cif,8,150,0.20921714242246056,0.18124597194,0.2,0.2866666666666667
S1_linear_PH_inst15,1,cs_rsf_all_safe_cif,9,150,0.2549030136469736,0.2331217441933333,0.3,0.28
S1_linear_PH_inst15,1,cs_rsf_all_safe_cif,10,150,0.3551914531874848,0.2944553984,0.23333333333333334,0.32666666666666666
S1_linear_PH_inst15,1,cs_gbsa_dgm_cif,1,151,0.1280530172009418,0.07742610357615895,0.0728476821192053,0.33112582781456956
S1_linear_PH_inst15,1,cs_gbsa_dgm_cif,2,156,0.13224393670377235,0.06799617503846155,0.05128205128205128,0.21794871794871795
S1_linear_PH_inst15,1,cs_gbsa_dgm_cif,3,143,0.13498947312593162,0.09128752451748251,0.1048951048951049,0.22377622377622378
S1_linear_PH_inst15,1,cs_gbsa_dgm_cif,4,150,0.14165090739795413,0.10812321328666667,0.10666666666666667,0.26666666666666666
S1_linear_PH_inst15,1,cs_gbsa_dgm_cif,5,150,0.1471950197475639,0.11999810370666668,0.14666666666666667,0.2866666666666667
S1_linear_PH_inst15,1,cs_gbsa_dgm_cif,6,150,0.15194464416668582,0.14178100522666667,0.13333333333333333,0.35333333333333333
S1_linear_PH_inst15,1,cs_gbsa_dgm_cif,7,150,0.15731744739001277,0.15601294019333334,0.20666666666666667,0.32
S1_linear_PH_inst15,1,cs_gbsa_dgm_cif,8,150,0.1631049827797121,0.19829584463333333,0.16,0.2733333333333333
S1_linear_PH_inst15,1,cs_gbsa_dgm_cif,9,150,0.17018469323088015,0.2302498431,0.2733333333333333,0.2733333333333333
S1_linear_PH_inst15,1,cs_gbsa_dgm_cif,10,150,0.18426366143163064,0.28061509863333334,0.24666666666666667,0.32
S1_linear_PH_inst15,1,cs_gbsa_all_safe_cif,1,150,0.12662417733219147,0.10616113226,0.06666666666666667,0.5133333333333333
S1_linear_PH_inst15,1,cs_gbsa_all_safe_cif,2,150,0.13459130386111273,0.11608101032666668,0.11333333333333333,0.32666666666666666
S1_linear_PH_inst15,1,cs_gbsa_all_safe_cif,3,153,0.13724729987081294,0.08776431348366014,0.1111111111111111,0.26143790849673204
S1_linear_PH_inst15,1,cs_gbsa_all_safe_cif,4,147,0.13939630336139847,0.09144910637414966,0.14285714285714285,0.14965986394557823
S1_linear_PH_inst15,1,cs_gbsa_all_safe_cif,5,150,0.14249059720882853,0.12251368824666665,0.10666666666666667,0.3
S1_linear_PH_inst15,1,cs_gbsa_all_safe_cif,6,150,0.14615703474414515,0.13795456736666667,0.15333333333333332,0.3
S1_linear_PH_inst15,1,cs_gbsa_all_safe_cif,7,150,0.1510646977398149,0.14250188176,0.16,0.19333333333333333
S1_linear_PH_inst15,1,cs_gbsa_all_safe_cif,8,150,0.15650738749759488,0.16887692088,0.11333333333333333,0.24
S1_linear_PH_inst15,1,cs_gbsa_all_safe_cif,9,150,0.17072911504304392,0.22181102602,0.28,0.3
S1_linear_PH_inst15,1,cs_gbsa_all_safe_cif,10,150,0.20839758269738645,0.2757218376,0.25333333333333335,0.28
S1_linear_PH_inst15,2,finegray_dgm_cif_R,1,150,0.03832534429734773,0.046308235893333334,0.04666666666666667,0.14666666666666667
S1_linear_PH_inst15,2,finegray_dgm_cif_R,2,150,0.061266222186962246,0.07153508151333333,0.08666666666666667,0.21333333333333335
S1_linear_PH_inst15,2,finegray_dgm_cif_R,3,150,0.07851279113578911,0.08699247962666666,0.12666666666666668,0.2
S1_linear_PH_inst15,2,finegray_dgm_cif_R,4,150,0.09583617108170028,0.10483570621333332,0.11333333333333333,0.25333333333333335
S1_linear_PH_inst15,2,finegray_dgm_cif_R,5,150,0.11522966536515862,0.12406164934000001,0.06666666666666667,0.3
S1_linear_PH_inst15,2,finegray_dgm_cif_R,6,150,0.13627335690746561,0.1454696844,0.12,0.32666666666666666
S1_linear_PH_inst15,2,finegray_dgm_cif_R,7,150,0.16280379894319752,0.16323474286666667,0.18,0.29333333333333333
S1_linear_PH_inst15,2,finegray_dgm_cif_R,8,150,0.19226511206880006,0.19374431685333335,0.15333333333333332,0.37333333333333335
S1_linear_PH_inst15,2,finegray_dgm_cif_R,9,150,0.23939125347694937,0.2307328498666667,0.2733333333333333,0.3333333333333333
S1_linear_PH_inst15,2,finegray_dgm_cif_R,10,150,0.356380739345196,0.3023862858,0.3333333333333333,0.43333333333333335
S1_linear_PH_inst15,2,finegray_all_safe_reduced_R,1,150,0.040001771436017776,0.051518697513333336,0.05333333333333334,0.20666666666666667
S1_linear_PH_inst15,2,finegray_all_safe_reduced_R,2,150,0.06405643353420308,0.07402570668,0.09333333333333334,0.20666666666666667
S1_linear_PH_inst15,2,finegray_all_safe_reduced_R,3,150,0.0812108393546033,0.092588689,0.10666666666666667,0.24
S1_linear_PH_inst15,2,finegray_all_safe_reduced_R,4,150,0.09813613618233352,0.10763275962666666,0.1,0.24666666666666667
S1_linear_PH_inst15,2,finegray_all_safe_reduced_R,5,150,0.11508623104219716,0.12494023872,0.08666666666666667,0.3333333333333333
S1_linear_PH_inst15,2,finegray_all_safe_reduced_R,6,150,0.13552069901682304,0.14173831796,0.13333333333333333,0.2866666666666667
S1_linear_PH_inst15,2,finegray_all_safe_reduced_R,7,150,0.1585192497934065,0.16740271021333333,0.20666666666666667,0.30666666666666664
S1_linear_PH_inst15,2,finegray_all_safe_reduced_R,8,150,0.18763847674535342,0.1904036935,0.18666666666666668,0.36666666666666664
S1_linear_PH_inst15,2,finegray_all_safe_reduced_R,9,150,0.2319557085204533,0.21913462602666664,0.19333333333333333,0.3333333333333333
S1_linear_PH_inst15,2,finegray_all_safe_reduced_R,10,150,0.3450905869443648,0.2999155931333334,0.34,0.3466666666666667
S1_linear_PH_inst15,2,cs_rsf_dgm_cif,1,150,0.03887234683811655,0.05236971131333334,0.04666666666666667,0.08
S1_linear_PH_inst15,2,cs_rsf_dgm_cif,2,150,0.06984072563217716,0.07468211392,0.14,0.19333333333333333
S1_linear_PH_inst15,2,cs_rsf_dgm_cif,3,150,0.0927879605990227,0.09063551888,0.06666666666666667,0.31333333333333335
S1_linear_PH_inst15,2,cs_rsf_dgm_cif,4,150,0.11221970460935128,0.10928954933999999,0.08,0.22666666666666666
S1_linear_PH_inst15,2,cs_rsf_dgm_cif,5,150,0.13304185951484498,0.12621222432,0.12666666666666668,0.31333333333333335
S1_linear_PH_inst15,2,cs_rsf_dgm_cif,6,150,0.1551338955079484,0.14389887936666668,0.14,0.31333333333333335
S1_linear_PH_inst15,2,cs_rsf_dgm_cif,7,150,0.17858479321855256,0.16500913425333333,0.16,0.34
S1_linear_PH_inst15,2,cs_rsf_dgm_cif,8,150,0.2064546287010695,0.18446347094,0.15333333333333332,0.37333333333333335
S1_linear_PH_inst15,2,cs_rsf_dgm_cif,9,150,0.2463970029161491,0.22242912477333335,0.28,0.36
S1_linear_PH_inst15,2,cs_rsf_dgm_cif,10,150,0.3378885847109721,0.30031130526666666,0.30666666666666664,0.36
S1_linear_PH_inst15,2,cs_rsf_all_safe_cif,1,150,0.04269815683736693,0.05563947269333333,0.07333333333333333,0.19333333333333333
S1_linear_PH_inst15,2,cs_rsf_all_safe_cif,2,150,0.07324825018622319,0.07952451322000001,0.1,0.24666666666666667
S1_linear_PH_inst15,2,cs_rsf_all_safe_cif,3,150,0.09702200568887025,0.09756798252666667,0.1,0.3
S1_linear_PH_inst15,2,cs_rsf_all_safe_cif,4,150,0.11956148463141576,0.11267134366666667,0.11333333333333333,0.26
S1_linear_PH_inst15,2,cs_rsf_all_safe_cif,5,150,0.13843342046682977,0.12528934020666668,0.08,0.30666666666666664
S1_linear_PH_inst15,2,cs_rsf_all_safe_cif,6,150,0.15973302016148755,0.14870696338,0.16666666666666666,0.31333333333333335
S1_linear_PH_inst15,2,cs_rsf_all_safe_cif,7,150,0.18386327794414015,0.15743773015333334,0.14666666666666667,0.32
S1_linear_PH_inst15,2,cs_rsf_all_safe_cif,8,150,0.21366768588224958,0.18338809366,0.16,0.29333333333333333
S1_linear_PH_inst15,2,cs_rsf_all_safe_cif,9,150,0.25410683551675106,0.2204974958666667,0.24,0.35333333333333333
S1_linear_PH_inst15,2,cs_rsf_all_safe_cif,10,150,0.3541428804140807,0.288578097,0.32,0.2866666666666667
S1_linear_PH_inst15,2,cs_gbsa_dgm_cif,1,152,0.12118292039592841,0.11328753069736841,0.13815789473684212,0.4342105263157895
S1_linear_PH_inst15,2,cs_gbsa_dgm_cif,2,149,0.1288821022474613,0.09740677333557046,0.08053691275167785,0.2348993288590604
S1_linear_PH_inst15,2,cs_gbsa_dgm_cif,3,156,0.13075213448707806,0.0753269630576923,0.07692307692307693,0.1987179487179487
S1_linear_PH_inst15,2,cs_gbsa_dgm_cif,4,143,0.13247731760639664,0.0873581812097902,0.08391608391608392,0.14685314685314685
S1_linear_PH_inst15,2,cs_gbsa_dgm_cif,5,150,0.1409395088299779,0.1603614488,0.16666666666666666,0.35333333333333333
S1_linear_PH_inst15,2,cs_gbsa_dgm_cif,6,150,0.15103520015830335,0.15358491248666667,0.20666666666666667,0.32
S1_linear_PH_inst15,2,cs_gbsa_dgm_cif,7,150,0.15542825461498427,0.14887938045333332,0.15333333333333332,0.26
S1_linear_PH_inst15,2,cs_gbsa_dgm_cif,8,158,0.16131409754985823,0.1582372224177215,0.12025316455696203,0.27848101265822783
S1_linear_PH_inst15,2,cs_gbsa_dgm_cif,9,142,0.17494280098851134,0.21282934971830986,0.20422535211267606,0.34507042253521125
S1_linear_PH_inst15,2,cs_gbsa_dgm_cif,10,150,0.21285444475633974,0.26514336499999996,0.2733333333333333,0.3
S1_linear_PH_inst15,2,cs_gbsa_all_safe_cif,1,150,0.12105872839371434,0.10784813354,0.10666666666666667,0.4666666666666667
S1_linear_PH_inst15,2,cs_gbsa_all_safe_cif,2,151,0.12919379466259168,0.08005129265562914,0.07947019867549669,0.2251655629139073
S1_linear_PH_inst15,2,cs_gbsa_all_safe_cif,3,149,0.13220323254462824,0.09461014769127517,0.087248322147651,0.20134228187919462
S1_linear_PH_inst15,2,cs_gbsa_all_safe_cif,4,152,0.13590195949940023,0.09502373641447368,0.125,0.20394736842105263
S1_linear_PH_inst15,2,cs_gbsa_all_safe_cif,5,148,0.14092249813917443,0.12995809724324325,0.1891891891891892,0.24324324324324326
S1_linear_PH_inst15,2,cs_gbsa_all_safe_cif,6,150,0.1490452135744471,0.14224936422666665,0.09333333333333334,0.32666666666666666
S1_linear_PH_inst15,2,cs_gbsa_all_safe_cif,7,150,0.15572991242191536,0.1506094174,0.13333333333333333,0.30666666666666664
S1_linear_PH_inst15,2,cs_gbsa_all_safe_cif,8,150,0.16412725805743872,0.18189753831333333,0.20666666666666667,0.36
S1_linear_PH_inst15,2,cs_gbsa_all_safe_cif,9,150,0.17634353219156543,0.2126264659,0.19333333333333333,0.26
S1_linear_PH_inst15,2,cs_gbsa_all_safe_cif,10,150,0.20378975242553443,0.2749896895,0.2866666666666667,0.28
S2_linear_PH_inst45,1,finegray_dgm_cif_R,1,150,0.17532177980322713,0.17801405522666666,0.17333333333333334,0.16
S2_linear_PH_inst45,1,finegray_dgm_cif_R,2,150,0.2533422475890691,0.26633861026666666,0.26666666666666666,0.14666666666666667
S2_linear_PH_inst45,1,finegray_dgm_cif_R,3,150,0.30293404077139807,0.31695704793333335,0.3333333333333333,0.19333333333333333
S2_linear_PH_inst45,1,finegray_dgm_cif_R,4,150,0.34919477409931876,0.3645943973333333,0.4,0.23333333333333334
S2_linear_PH_inst45,1,finegray_dgm_cif_R,5,150,0.3974054517242101,0.42433443286666667,0.43333333333333335,0.23333333333333334
S2_linear_PH_inst45,1,finegray_dgm_cif_R,6,150,0.45239326491656373,0.4709633908,0.38666666666666666,0.26
S2_linear_PH_inst45,1,finegray_dgm_cif_R,7,150,0.5070649343525421,0.5218325956000001,0.5733333333333334,0.17333333333333334
S2_linear_PH_inst45,1,finegray_dgm_cif_R,8,150,0.5661696210841336,0.5725070412000001,0.58,0.2
S2_linear_PH_inst45,1,finegray_dgm_cif_R,9,150,0.6496427123120292,0.6229538829333333,0.62,0.25333333333333335
S2_linear_PH_inst45,1,finegray_dgm_cif_R,10,150,0.7853015341748022,0.7069396918,0.7333333333333333,0.21333333333333335
S2_linear_PH_inst45,1,finegray_all_safe_reduced_R,1,150,0.18771119846657888,0.19263944422666665,0.22,0.18
S2_linear_PH_inst45,1,finegray_all_safe_reduced_R,2,150,0.26822450261856906,0.26915466146666667,0.2733333333333333,0.17333333333333334
S2_linear_PH_inst45,1,finegray_all_safe_reduced_R,3,150,0.31989164366742096,0.3250677952,0.30666666666666664,0.16666666666666666
S2_linear_PH_inst45,1,finegray_all_safe_reduced_R,4,150,0.3640704050951393,0.3663478748,0.35333333333333333,0.2733333333333333
S2_linear_PH_inst45,1,finegray_all_safe_reduced_R,5,150,0.40557961345808496,0.4242160556,0.46,0.21333333333333335
S2_linear_PH_inst45,1,finegray_all_safe_reduced_R,6,150,0.44978625629962143,0.4615138244666666,0.5066666666666667,0.19333333333333333
S2_linear_PH_inst45,1,finegray_all_safe_reduced_R,7,150,0.4959055512794949,0.5111318004000001,0.49333333333333335,0.21333333333333335
S2_linear_PH_inst45,1,finegray_all_safe_reduced_R,8,150,0.5552070441146874,0.5576500552666667,0.5866666666666667,0.17333333333333334
S2_linear_PH_inst45,1,finegray_all_safe_reduced_R,9,150,0.6300390413801332,0.6246636258,0.64,0.22
S2_linear_PH_inst45,1,finegray_all_safe_reduced_R,10,150,0.7663076094535578,0.7130500087333334,0.66,0.26
S2_linear_PH_inst45,1,cs_rsf_dgm_cif,1,150,0.2260199872121532,0.19456370226,0.18666666666666668,0.16666666666666666
S2_linear_PH_inst45,1,cs_rsf_dgm_cif,2,150,0.3053763058763653,0.2725172396,0.2866666666666667,0.14
S2_linear_PH_inst45,1,cs_rsf_dgm_cif,3,150,0.3538834714612259,0.3181144093,0.30666666666666664,0.18666666666666668
S2_linear_PH_inst45,1,cs_rsf_dgm_cif,4,150,0.4037586720420174,0.36458232046666667,0.3333333333333333,0.26666666666666666
S2_linear_PH_inst45,1,cs_rsf_dgm_cif,5,150,0.4503303397510972,0.4132367781333333,0.4866666666666667,0.20666666666666667
S2_linear_PH_inst45,1,cs_rsf_dgm_cif,6,150,0.49618192278860485,0.46657461953333335,0.4266666666666667,0.24
S2_linear_PH_inst45,1,cs_rsf_dgm_cif,7,150,0.5465376172858626,0.5202136353333334,0.5333333333333333,0.2
S2_linear_PH_inst45,1,cs_rsf_dgm_cif,8,150,0.5914866494365376,0.5730166184,0.6533333333333333,0.21333333333333335
S2_linear_PH_inst45,1,cs_rsf_dgm_cif,9,150,0.6391124511003671,0.6218058714,0.5533333333333333,0.25333333333333335
S2_linear_PH_inst45,1,cs_rsf_dgm_cif,10,150,0.7128353245987128,0.7008099515333334,0.7333333333333333,0.19333333333333333
S2_linear_PH_inst45,1,cs_rsf_all_safe_cif,1,150,0.23082794792010367,0.21342650072666666,0.18666666666666668,0.2
S2_linear_PH_inst45,1,cs_rsf_all_safe_cif,2,150,0.3124445847501486,0.26999099086666667,0.31333333333333335,0.18
S2_linear_PH_inst45,1,cs_rsf_all_safe_cif,3,150,0.3693041980421088,0.3278587489,0.34,0.17333333333333334
S2_linear_PH_inst45,1,cs_rsf_all_safe_cif,4,150,0.4190069037993532,0.378145402,0.32666666666666666,0.23333333333333334
S2_linear_PH_inst45,1,cs_rsf_all_safe_cif,5,150,0.4652628386604234,0.40986859233333334,0.44666666666666666,0.23333333333333334
S2_linear_PH_inst45,1,cs_rsf_all_safe_cif,6,150,0.5133623315834436,0.47213690080000004,0.48,0.21333333333333335
S2_linear_PH_inst45,1,cs_rsf_all_safe_cif,7,150,0.555883956997393,0.5056560277333333,0.56,0.16666666666666666
S2_linear_PH_inst45,1,cs_rsf_all_safe_cif,8,150,0.6013797079856216,0.5717641733333334,0.5266666666666666,0.26
S2_linear_PH_inst45,1,cs_rsf_all_safe_cif,9,150,0.652999378238127,0.6067084679333333,0.6466666666666666,0.20666666666666667
S2_linear_PH_inst45,1,cs_rsf_all_safe_cif,10,150,0.7346539771110384,0.6898793413333333,0.6733333333333333,0.2
S2_linear_PH_inst45,1,cs_gbsa_dgm_cif,1,151,0.3298985304571529,0.203455339,0.2052980132450331,0.152317880794702
S2_linear_PH_inst45,1,cs_gbsa_dgm_cif,2,149,0.3613481729559162,0.27128215057046984,0.26174496644295303,0.174496644295302
S2_linear_PH_inst45,1,cs_gbsa_dgm_cif,3,150,0.39168616901429504,0.3177225807333333,0.32,0.22
S2_linear_PH_inst45,1,cs_gbsa_dgm_cif,4,150,0.4203804114738017,0.3678776186666667,0.36,0.24
S2_linear_PH_inst45,1,cs_gbsa_dgm_cif,5,150,0.444312563476702,0.4169754084,0.4066666666666667,0.22
S2_linear_PH_inst45,1,cs_gbsa_dgm_cif,6,150,0.4704905147424171,0.46154949866666667,0.5266666666666666,0.19333333333333333
S2_linear_PH_inst45,1,cs_gbsa_dgm_cif,7,150,0.4978669387200197,0.5128544642,0.5066666666666667,0.21333333333333335
S2_linear_PH_inst45,1,cs_gbsa_dgm_cif,8,150,0.5291357924655385,0.5687528537333334,0.6,0.18
S2_linear_PH_inst45,1,cs_gbsa_dgm_cif,9,150,0.5676549775752422,0.6279714072,0.6533333333333333,0.22666666666666666
S2_linear_PH_inst45,1,cs_gbsa_dgm_cif,10,150,0.6101793744949814,0.6974460035333333,0.66,0.24666666666666667
S2_linear_PH_inst45,1,cs_gbsa_all_safe_cif,1,150,0.3293683683648447,0.20860133329333333,0.17333333333333334,0.17333333333333334
S2_linear_PH_inst45,1,cs_gbsa_all_safe_cif,2,150,0.3602835119383944,0.26481112603333334,0.26666666666666666,0.16
S2_linear_PH_inst45,1,cs_gbsa_all_safe_cif,3,150,0.38780785544700175,0.3189940950333333,0.30666666666666664,0.20666666666666667
S2_linear_PH_inst45,1,cs_gbsa_all_safe_cif,4,150,0.41576628583145253,0.36855658166666666,0.42,0.24666666666666667
S2_linear_PH_inst45,1,cs_gbsa_all_safe_cif,5,150,0.4417464990991828,0.42448241000000003,0.44666666666666666,0.22
S2_linear_PH_inst45,1,cs_gbsa_all_safe_cif,6,150,0.4654479268575871,0.4705585230666667,0.44666666666666666,0.21333333333333335
S2_linear_PH_inst45,1,cs_gbsa_all_safe_cif,7,150,0.49216972654272934,0.5052044182666666,0.52,0.20666666666666667
S2_linear_PH_inst45,1,cs_gbsa_all_safe_cif,8,150,0.5297077031992452,0.5560694552000001,0.6066666666666667,0.20666666666666667
S2_linear_PH_inst45,1,cs_gbsa_all_safe_cif,9,150,0.574795081514622,0.6274968016666667,0.62,0.21333333333333335
S2_linear_PH_inst45,1,cs_gbsa_all_safe_cif,10,150,0.6278396792487149,0.7006604017333333,0.6933333333333334,0.22
S2_linear_PH_inst45,2,finegray_dgm_cif_R,1,150,0.16053884783109196,0.16905475754000002,0.2,0.12
S2_linear_PH_inst45,2,finegray_dgm_cif_R,2,150,0.2493591183184127,0.267301972,0.2733333333333333,0.16
S2_linear_PH_inst45,2,finegray_dgm_cif_R,3,150,0.30367172584180724,0.33087284786666665,0.29333333333333333,0.18
S2_linear_PH_inst45,2,finegray_dgm_cif_R,4,150,0.35257146732409406,0.37915024173333334,0.4,0.22
S2_linear_PH_inst45,2,finegray_dgm_cif_R,5,150,0.3994659745328308,0.429134531,0.44,0.18666666666666668
S2_linear_PH_inst45,2,finegray_dgm_cif_R,6,150,0.45451264456992013,0.46464921233333334,0.47333333333333333,0.24
S2_linear_PH_inst45,2,finegray_dgm_cif_R,7,150,0.5158046931670913,0.526286999,0.49333333333333335,0.24
S2_linear_PH_inst45,2,finegray_dgm_cif_R,8,150,0.5826463173410991,0.5867652687333333,0.5733333333333334,0.21333333333333335
S2_linear_PH_inst45,2,finegray_dgm_cif_R,9,150,0.6600642782443302,0.63041817,0.64,0.24
S2_linear_PH_inst45,2,finegray_dgm_cif_R,10,150,0.7959319131651197,0.7071266202666666,0.7133333333333334,0.24
S2_linear_PH_inst45,2,finegray_all_safe_reduced_R,1,150,0.1860362202066017,0.18318898027333333,0.22666666666666666,0.14
S2_linear_PH_inst45,2,finegray_all_safe_reduced_R,2,150,0.2707042556492969,0.2789897815333333,0.2733333333333333,0.21333333333333335
S2_linear_PH_inst45,2,finegray_all_safe_reduced_R,3,150,0.32154640792062983,0.33313388639999997,0.36666666666666664,0.16666666666666666
S2_linear_PH_inst45,2,finegray_all_safe_reduced_R,4,150,0.3692020903422948,0.3826808388666667,0.36666666666666664,0.24666666666666667
S2_linear_PH_inst45,2,finegray_all_safe_reduced_R,5,150,0.40956009884693934,0.42103218333333337,0.41333333333333333,0.20666666666666667
S2_linear_PH_inst45,2,finegray_all_safe_reduced_R,6,150,0.4550689941625919,0.46264547719999993,0.42,0.24
S2_linear_PH_inst45,2,finegray_all_safe_reduced_R,7,150,0.5041919066017746,0.5209762837333333,0.49333333333333335,0.22666666666666666
S2_linear_PH_inst45,2,finegray_all_safe_reduced_R,8,150,0.5625597583125511,0.5695569172666667,0.6333333333333333,0.16666666666666666
S2_linear_PH_inst45,2,finegray_all_safe_reduced_R,9,150,0.6316102847897274,0.6268068017999999,0.6,0.21333333333333335
S2_linear_PH_inst45,2,finegray_all_safe_reduced_R,10,150,0.7622688500268856,0.7117494700666667,0.7066666666666667,0.22
S2_linear_PH_inst45,2,cs_rsf_dgm_cif,1,150,0.1988941584487079,0.17369971500666667,0.2,0.12
S2_linear_PH_inst45,2,cs_rsf_dgm_cif,2,150,0.3037553315880632,0.2700952814,0.2733333333333333,0.14666666666666667
S2_linear_PH_inst45,2,cs_rsf_dgm_cif,3,150,0.36556020662981287,0.33889517033333333,0.37333333333333335,0.20666666666666667
S2_linear_PH_inst45,2,cs_rsf_dgm_cif,4,150,0.41632487987954564,0.37754831333333333,0.3933333333333333,0.15333333333333332
S2_linear_PH_inst45,2,cs_rsf_dgm_cif,5,150,0.46410261685116616,0.42986732999999994,0.37333333333333335,0.23333333333333334
S2_linear_PH_inst45,2,cs_rsf_dgm_cif,6,150,0.5086378836666625,0.4734745439333333,0.4666666666666667,0.2866666666666667
S2_linear_PH_inst45,2,cs_rsf_dgm_cif,7,150,0.5564022408982497,0.5246413842000001,0.5133333333333333,0.26
S2_linear_PH_inst45,2,cs_rsf_dgm_cif,8,150,0.5984566153705981,0.5705708875333334,0.54,0.25333333333333335
S2_linear_PH_inst45,2,cs_rsf_dgm_cif,9,150,0.6478266032176793,0.6240541239333334,0.7,0.18
S2_linear_PH_inst45,2,cs_rsf_dgm_cif,10,150,0.7085429865063504,0.7079138708,0.6666666666666666,0.2
S2_linear_PH_inst45,2,cs_rsf_all_safe_cif,1,150,0.2200213352087817,0.18798621107333335,0.20666666666666667,0.16666666666666666
S2_linear_PH_inst45,2,cs_rsf_all_safe_cif,2,150,0.31740139355633357,0.28275011833333336,0.2866666666666667,0.16666666666666666
S2_linear_PH_inst45,2,cs_rsf_all_safe_cif,3,150,0.380991513998015,0.34399565973333335,0.32666666666666666,0.24666666666666667
S2_linear_PH_inst45,2,cs_rsf_all_safe_cif,4,150,0.43422265296776186,0.3843421784,0.38666666666666666,0.20666666666666667
S2_linear_PH_inst45,2,cs_rsf_all_safe_cif,5,150,0.4787189107658829,0.43779116619999997,0.46,0.20666666666666667
S2_linear_PH_inst45,2,cs_rsf_all_safe_cif,6,150,0.5208945617065948,0.46796535893333335,0.4866666666666667,0.22666666666666666
S2_linear_PH_inst45,2,cs_rsf_all_safe_cif,7,150,0.5660735971325432,0.5075836197333333,0.5066666666666667,0.18
S2_linear_PH_inst45,2,cs_rsf_all_safe_cif,8,150,0.6129672985560876,0.5747631116,0.5666666666666667,0.24666666666666667
S2_linear_PH_inst45,2,cs_rsf_all_safe_cif,9,150,0.6615348367617122,0.6128364535333334,0.5666666666666667,0.24
S2_linear_PH_inst45,2,cs_rsf_all_safe_cif,10,150,0.723834985634465,0.6907467429333334,0.7066666666666667,0.15333333333333332
S2_linear_PH_inst45,2,cs_gbsa_dgm_cif,1,150,0.33686382167810813,0.17961718007333333,0.22,0.1
S2_linear_PH_inst45,2,cs_gbsa_dgm_cif,2,150,0.3634230041380693,0.2912508645333333,0.30666666666666664,0.18
S2_linear_PH_inst45,2,cs_gbsa_dgm_cif,3,150,0.388757131003193,0.33195554326666665,0.32,0.2
S2_linear_PH_inst45,2,cs_gbsa_dgm_cif,4,150,0.4162562740410076,0.39251123173333335,0.38,0.21333333333333335
S2_linear_PH_inst45,2,cs_gbsa_dgm_cif,5,150,0.44304834036403984,0.4135750994,0.41333333333333333,0.22666666666666666
S2_linear_PH_inst45,2,cs_gbsa_dgm_cif,6,151,0.473017396785547,0.4801767717880795,0.47019867549668876,0.2251655629139073
S2_linear_PH_inst45,2,cs_gbsa_dgm_cif,7,150,0.5065974456184615,0.5180304372,0.5,0.22
S2_linear_PH_inst45,2,cs_gbsa_dgm_cif,8,150,0.5417770352169256,0.5565237766666666,0.5333333333333333,0.23333333333333334
S2_linear_PH_inst45,2,cs_gbsa_dgm_cif,9,149,0.5772556022348364,0.6279039327516779,0.6442953020134228,0.21476510067114093
S2_linear_PH_inst45,2,cs_gbsa_dgm_cif,10,150,0.6298657719765223,0.7002006308,0.7133333333333334,0.22666666666666666
S2_linear_PH_inst45,2,cs_gbsa_all_safe_cif,1,150,0.32736225250386053,0.18706406767333333,0.20666666666666667,0.12
S2_linear_PH_inst45,2,cs_gbsa_all_safe_cif,2,150,0.3601279738203447,0.2740124456,0.2733333333333333,0.18666666666666668
S2_linear_PH_inst45,2,cs_gbsa_all_safe_cif,3,150,0.39154482253018313,0.33887234153333334,0.35333333333333333,0.2
S2_linear_PH_inst45,2,cs_gbsa_all_safe_cif,4,150,0.4209457627383356,0.38337979073333334,0.38,0.18666666666666668
S2_linear_PH_inst45,2,cs_gbsa_all_safe_cif,5,150,0.44861370508904597,0.4135836390666667,0.4066666666666667,0.21333333333333335
S2_linear_PH_inst45,2,cs_gbsa_all_safe_cif,6,150,0.4755773803399679,0.47509185133333337,0.46,0.23333333333333334
S2_linear_PH_inst45,2,cs_gbsa_all_safe_cif,7,150,0.5050952262227321,0.5149041340666667,0.5,0.22
S2_linear_PH_inst45,2,cs_gbsa_all_safe_cif,8,150,0.5373012117823392,0.5783195618,0.5866666666666667,0.24666666666666667
S2_linear_PH_inst45,2,cs_gbsa_all_safe_cif,9,150,0.5781966431228004,0.6168555436,0.6333333333333333,0.21333333333333335
S2_linear_PH_inst45,2,cs_gbsa_all_safe_cif,10,150,0.6238894855410633,0.7086772450666667,0.7,0.22
S3_nonlinear_interaction_inst30,1,finegray_dgm_cif_R,1,150,0.06613127267789207,0.09180189066000001,0.08666666666666667,0.17333333333333334
S3_nonlinear_interaction_inst30,1,finegray_dgm_cif_R,2,150,0.11076270765052293,0.13150425202000002,0.15333333333333332,0.20666666666666667
S3_nonlinear_interaction_inst30,1,finegray_dgm_cif_R,3,150,0.15430959393035568,0.16905871156666666,0.19333333333333333,0.16
S3_nonlinear_interaction_inst30,1,finegray_dgm_cif_R,4,150,0.192933297477663,0.20117133930666667,0.24,0.2
S3_nonlinear_interaction_inst30,1,finegray_dgm_cif_R,5,150,0.23133578670580215,0.23916991753333336,0.28,0.24
S3_nonlinear_interaction_inst30,1,finegray_dgm_cif_R,6,150,0.28173500855588335,0.29088915446666663,0.28,0.21333333333333335
S3_nonlinear_interaction_inst30,1,finegray_dgm_cif_R,7,150,0.34030480581638306,0.32738645553333334,0.26666666666666666,0.36
S3_nonlinear_interaction_inst30,1,finegray_dgm_cif_R,8,150,0.41568075848649094,0.4041229921333333,0.31333333333333335,0.34
S3_nonlinear_interaction_inst30,1,finegray_dgm_cif_R,9,150,0.5229646559951258,0.5057310809333333,0.46,0.26
S3_nonlinear_interaction_inst30,1,finegray_dgm_cif_R,10,150,0.7279045378695483,0.6733405914666667,0.7266666666666667,0.20666666666666667
S3_nonlinear_interaction_inst30,1,finegray_all_safe_reduced_R,1,150,0.07512711550747522,0.09450127447333333,0.08666666666666667,0.23333333333333334
S3_nonlinear_interaction_inst30,1,finegray_all_safe_reduced_R,2,150,0.1231527731979603,0.13716026621333335,0.21333333333333335,0.18
S3_nonlinear_interaction_inst30,1,finegray_all_safe_reduced_R,3,150,0.15951000379347374,0.16283134453999998,0.16666666666666666,0.22
S3_nonlinear_interaction_inst30,1,finegray_all_safe_reduced_R,4,150,0.19818702917252187,0.21019275582666666,0.26,0.19333333333333333
S3_nonlinear_interaction_inst30,1,finegray_all_safe_reduced_R,5,150,0.24032741558988965,0.2500798891,0.24666666666666667,0.29333333333333333
S3_nonlinear_interaction_inst30,1,finegray_all_safe_reduced_R,6,150,0.2842941434118109,0.28820295933333334,0.28,0.26
S3_nonlinear_interaction_inst30,1,finegray_all_safe_reduced_R,7,150,0.3389954322393689,0.3278248668666667,0.29333333333333333,0.24666666666666667
S3_nonlinear_interaction_inst30,1,finegray_all_safe_reduced_R,8,150,0.4055649865909537,0.41143924626666667,0.3466666666666667,0.2866666666666667
S3_nonlinear_interaction_inst30,1,finegray_all_safe_reduced_R,9,150,0.5011692700921924,0.4833793482666667,0.4066666666666667,0.25333333333333335
S3_nonlinear_interaction_inst30,1,finegray_all_safe_reduced_R,10,150,0.702901872356472,0.6685644347333334,0.7,0.19333333333333333
S3_nonlinear_interaction_inst30,1,cs_rsf_dgm_cif,1,150,0.10264632926323886,0.10079201139999999,0.10666666666666667,0.16666666666666666
S3_nonlinear_interaction_inst30,1,cs_rsf_dgm_cif,2,150,0.15018922802056547,0.13025217837333333,0.16666666666666666,0.21333333333333335
S3_nonlinear_interaction_inst30,1,cs_rsf_dgm_cif,3,150,0.19265744338892327,0.16987317748666667,0.13333333333333333,0.18666666666666668
S3_nonlinear_interaction_inst30,1,cs_rsf_dgm_cif,4,150,0.23426944589450902,0.21159032902666666,0.25333333333333335,0.26666666666666666
S3_nonlinear_interaction_inst30,1,cs_rsf_dgm_cif,5,150,0.2721552471168068,0.24167071573333335,0.28,0.24
S3_nonlinear_interaction_inst30,1,cs_rsf_dgm_cif,6,150,0.31277150370433193,0.28386130973333334,0.25333333333333335,0.25333333333333335
S3_nonlinear_interaction_inst30,1,cs_rsf_dgm_cif,7,150,0.362713972587183,0.3293230112,0.32,0.28
S3_nonlinear_interaction_inst30,1,cs_rsf_dgm_cif,8,150,0.43231385499224245,0.4007236063333333,0.32666666666666666,0.34
S3_nonlinear_interaction_inst30,1,cs_rsf_dgm_cif,9,150,0.5169195171499732,0.5042098718666667,0.48,0.22666666666666666
S3_nonlinear_interaction_inst30,1,cs_rsf_dgm_cif,10,150,0.6454607176157259,0.6618801744666666,0.68,0.18666666666666668
S3_nonlinear_interaction_inst30,1,cs_rsf_all_safe_cif,1,150,0.10447366593730222,0.10440344478000001,0.10666666666666667,0.18
S3_nonlinear_interaction_inst30,1,cs_rsf_all_safe_cif,2,150,0.1528920026858669,0.14365499149333333,0.18666666666666668,0.25333333333333335
S3_nonlinear_interaction_inst30,1,cs_rsf_all_safe_cif,3,150,0.19558233157955723,0.17389310478666667,0.19333333333333333,0.22
S3_nonlinear_interaction_inst30,1,cs_rsf_all_safe_cif,4,150,0.24076114780156443,0.22041761269333335,0.22666666666666666,0.26
S3_nonlinear_interaction_inst30,1,cs_rsf_all_safe_cif,5,150,0.28636117555942014,0.24853016026666666,0.22666666666666666,0.24666666666666667
S3_nonlinear_interaction_inst30,1,cs_rsf_all_safe_cif,6,150,0.33178516997828056,0.28192489146666666,0.26666666666666666,0.26
S3_nonlinear_interaction_inst30,1,cs_rsf_all_safe_cif,7,150,0.3834909390181295,0.33453626026666666,0.36,0.21333333333333335
S3_nonlinear_interaction_inst30,1,cs_rsf_all_safe_cif,8,150,0.4459855367090239,0.3911701895333333,0.3466666666666667,0.29333333333333333
S3_nonlinear_interaction_inst30,1,cs_rsf_all_safe_cif,9,150,0.5359919899265446,0.4948467615333333,0.4533333333333333,0.26
S3_nonlinear_interaction_inst30,1,cs_rsf_all_safe_cif,10,150,0.6650082673390013,0.6407989688,0.6333333333333333,0.17333333333333334
S3_nonlinear_interaction_inst30,1,cs_gbsa_dgm_cif,1,150,0.22341045848162655,0.13880578858666667,0.16,0.32666666666666666
S3_nonlinear_interaction_inst30,1,cs_gbsa_dgm_cif,2,150,0.23594528688427588,0.12356248078666666,0.12,0.16666666666666666
S3_nonlinear_interaction_inst30,1,cs_gbsa_dgm_cif,3,150,0.244346182568683,0.16202148211333334,0.2,0.16666666666666666
S3_nonlinear_interaction_inst30,1,cs_gbsa_dgm_cif,4,150,0.2599570385783918,0.2454910113,0.30666666666666664,0.23333333333333334
S3_nonlinear_interaction_inst30,1,cs_gbsa_dgm_cif,5,150,0.2823883555029175,0.2928091117,0.28,0.32
S3_nonlinear_interaction_inst30,1,cs_gbsa_dgm_cif,6,153,0.2980116092808079,0.268368794248366,0.20261437908496732,0.20915032679738563
S3_nonlinear_interaction_inst30,1,cs_gbsa_dgm_cif,7,147,0.30684821241994065,0.30250602170068025,0.272108843537415,0.272108843537415
S3_nonlinear_interaction_inst30,1,cs_gbsa_dgm_cif,8,151,0.34114547806497425,0.37959446953642384,0.3576158940397351,0.2781456953642384
S3_nonlinear_interaction_inst30,1,cs_gbsa_dgm_cif,9,150,0.42687370318812734,0.4771872272666667,0.44666666666666666,0.19333333333333333
S3_nonlinear_interaction_inst30,1,cs_gbsa_dgm_cif,10,149,0.5334774274044477,0.646290717919463,0.6577181208053692,0.19463087248322147
S3_nonlinear_interaction_inst30,1,cs_gbsa_all_safe_cif,1,153,0.22118490598635257,0.14350727979738562,0.17647058823529413,0.28104575163398693
S3_nonlinear_interaction_inst30,1,cs_gbsa_all_safe_cif,2,158,0.23480939561762507,0.11557413660126584,0.12025316455696203,0.17088607594936708
S3_nonlinear_interaction_inst30,1,cs_gbsa_all_safe_cif,3,139,0.24193486556844931,0.17277732737410073,0.17266187050359713,0.2158273381294964
S3_nonlinear_interaction_inst30,1,cs_gbsa_all_safe_cif,4,150,0.26159577644616233,0.2319076967066667,0.26,0.28
S3_nonlinear_interaction_inst30,1,cs_gbsa_all_safe_cif,5,150,0.28181208113003325,0.2392569466,0.3,0.21333333333333335
S3_nonlinear_interaction_inst30,1,cs_gbsa_all_safe_cif,6,150,0.29766297323164714,0.2888613482,0.22,0.26
S3_nonlinear_interaction_inst30,1,cs_gbsa_all_safe_cif,7,150,0.3193089384119018,0.32083769013333335,0.22666666666666666,0.3
S3_nonlinear_interaction_inst30,1,cs_gbsa_all_safe_cif,8,150,0.35044821053161695,0.3933636694666667,0.42,0.24666666666666667
S3_nonlinear_interaction_inst30,1,cs_gbsa_all_safe_cif,9,150,0.4163629790570533,0.4753744372666667,0.43333333333333335,0.20666666666666667
S3_nonlinear_interaction_inst30,1,cs_gbsa_all_safe_cif,10,150,0.5203130376765599,0.6563520912666667,0.6733333333333333,0.18666666666666668
S3_nonlinear_interaction_inst30,2,finegray_dgm_cif_R,1,150,0.0740504846535749,0.08833981864,0.1,0.10666666666666667
S3_nonlinear_interaction_inst30,2,finegray_dgm_cif_R,2,150,0.12099178839962899,0.12828366310666667,0.10666666666666667,0.15333333333333332
S3_nonlinear_interaction_inst30,2,finegray_dgm_cif_R,3,150,0.15944254786807488,0.16412667532666667,0.14,0.22666666666666666
S3_nonlinear_interaction_inst30,2,finegray_dgm_cif_R,4,150,0.19794940395507993,0.19074253220666668,0.2,0.23333333333333334
S3_nonlinear_interaction_inst30,2,finegray_dgm_cif_R,5,150,0.23663685487347313,0.22688843779999998,0.24666666666666667,0.26
S3_nonlinear_interaction_inst30,2,finegray_dgm_cif_R,6,150,0.2846942569174395,0.2773106265333333,0.24666666666666667,0.30666666666666664
S3_nonlinear_interaction_inst30,2,finegray_dgm_cif_R,7,150,0.3454213216656382,0.3320958402,0.30666666666666664,0.31333333333333335
S3_nonlinear_interaction_inst30,2,finegray_dgm_cif_R,8,150,0.4181320976997009,0.39512182453333333,0.42,0.26
S3_nonlinear_interaction_inst30,2,finegray_dgm_cif_R,9,150,0.5184157194969086,0.4874628912,0.52,0.2866666666666667
S3_nonlinear_interaction_inst30,2,finegray_dgm_cif_R,10,150,0.7247065271573728,0.6759057530666667,0.7133333333333334,0.22666666666666666
S3_nonlinear_interaction_inst30,2,finegray_all_safe_reduced_R,1,150,0.08142807303053672,0.09236245254666667,0.1,0.14666666666666667
S3_nonlinear_interaction_inst30,2,finegray_all_safe_reduced_R,2,150,0.12946713217293504,0.13195588132666666,0.12666666666666668,0.21333333333333335
S3_nonlinear_interaction_inst30,2,finegray_all_safe_reduced_R,3,150,0.16403419823038748,0.16559198827333332,0.13333333333333333,0.25333333333333335
S3_nonlinear_interaction_inst30,2,finegray_all_safe_reduced_R,4,150,0.20217489776716088,0.19781335296,0.22,0.21333333333333335
S3_nonlinear_interaction_inst30,2,finegray_all_safe_reduced_R,5,150,0.24377310224244922,0.2388915618,0.22666666666666666,0.23333333333333334
S3_nonlinear_interaction_inst30,2,finegray_all_safe_reduced_R,6,150,0.2888048950050749,0.27147492937333334,0.26,0.3333333333333333
S3_nonlinear_interaction_inst30,2,finegray_all_safe_reduced_R,7,150,0.3429864421395235,0.3310260842666667,0.3,0.31333333333333335
S3_nonlinear_interaction_inst30,2,finegray_all_safe_reduced_R,8,150,0.40788476130161666,0.3984344414,0.43333333333333335,0.22
S3_nonlinear_interaction_inst30,2,finegray_all_safe_reduced_R,9,150,0.5000868194022465,0.4736971808,0.4666666666666667,0.26666666666666666
S3_nonlinear_interaction_inst30,2,finegray_all_safe_reduced_R,10,150,0.7068124905693114,0.6650301898666667,0.7333333333333333,0.18
S3_nonlinear_interaction_inst30,2,cs_rsf_dgm_cif,1,150,0.11114793505394668,0.0985073246,0.11333333333333333,0.08666666666666667
S3_nonlinear_interaction_inst30,2,cs_rsf_dgm_cif,2,150,0.15898450115087018,0.13320113472666667,0.1,0.20666666666666667
S3_nonlinear_interaction_inst30,2,cs_rsf_dgm_cif,3,150,0.1975559199102198,0.16042263245333332,0.12,0.22
S3_nonlinear_interaction_inst30,2,cs_rsf_dgm_cif,4,150,0.2336603178849054,0.19163215490666666,0.18,0.2733333333333333
S3_nonlinear_interaction_inst30,2,cs_rsf_dgm_cif,5,150,0.27307885652112435,0.22278598279333334,0.2733333333333333,0.25333333333333335
S3_nonlinear_interaction_inst30,2,cs_rsf_dgm_cif,6,150,0.3174521652502889,0.2773420105333333,0.26666666666666666,0.28
S3_nonlinear_interaction_inst30,2,cs_rsf_dgm_cif,7,150,0.3664172261598663,0.32794951673333333,0.3333333333333333,0.2733333333333333
S3_nonlinear_interaction_inst30,2,cs_rsf_dgm_cif,8,150,0.42992178256006164,0.3921046306,0.36,0.36
S3_nonlinear_interaction_inst30,2,cs_rsf_dgm_cif,9,150,0.5111535823832546,0.4919326084,0.5266666666666666,0.24
S3_nonlinear_interaction_inst30,2,cs_rsf_dgm_cif,10,150,0.6536894296501673,0.6704000668666666,0.7266666666666667,0.18
S3_nonlinear_interaction_inst30,2,cs_rsf_all_safe_cif,1,150,0.121929195388548,0.10274903488666666,0.1,0.15333333333333332
S3_nonlinear_interaction_inst30,2,cs_rsf_all_safe_cif,2,150,0.17132691116316998,0.13759267665333333,0.14,0.24
S3_nonlinear_interaction_inst30,2,cs_rsf_all_safe_cif,3,150,0.2103993519625471,0.16534691844000002,0.17333333333333334,0.21333333333333335
S3_nonlinear_interaction_inst30,2,cs_rsf_all_safe_cif,4,150,0.2459604238835308,0.19813940214,0.15333333333333332,0.22666666666666666
S3_nonlinear_interaction_inst30,2,cs_rsf_all_safe_cif,5,150,0.28701645344380355,0.23964471166666665,0.26,0.28
S3_nonlinear_interaction_inst30,2,cs_rsf_all_safe_cif,6,150,0.3263298652718569,0.2698298732,0.24666666666666667,0.26
S3_nonlinear_interaction_inst30,2,cs_rsf_all_safe_cif,7,150,0.3782518610034671,0.3277103000266667,0.26666666666666666,0.31333333333333335
S3_nonlinear_interaction_inst30,2,cs_rsf_all_safe_cif,8,150,0.43975335531886106,0.41028818019999996,0.4533333333333333,0.26
S3_nonlinear_interaction_inst30,2,cs_rsf_all_safe_cif,9,150,0.5283467219902452,0.48608832613333336,0.5466666666666666,0.22666666666666666
S3_nonlinear_interaction_inst30,2,cs_rsf_all_safe_cif,10,150,0.6671049979015494,0.6288886392666667,0.66,0.2
S3_nonlinear_interaction_inst30,2,cs_gbsa_dgm_cif,1,150,0.22351667633918695,0.11147555870666667,0.10666666666666667,0.24
S3_nonlinear_interaction_inst30,2,cs_gbsa_dgm_cif,2,151,0.23578357554152896,0.13860316829801325,0.13245033112582782,0.23178807947019867
S3_nonlinear_interaction_inst30,2,cs_gbsa_dgm_cif,3,149,0.25029202378693277,0.1590347977315436,0.1476510067114094,0.2080536912751678
S3_nonlinear_interaction_inst30,2,cs_gbsa_dgm_cif,4,150,0.26646756895796503,0.20693255239333333,0.22666666666666666,0.19333333333333333
S3_nonlinear_interaction_inst30,2,cs_gbsa_dgm_cif,5,151,0.2896073615880447,0.2526044449735099,0.26490066225165565,0.2980132450331126
S3_nonlinear_interaction_inst30,2,cs_gbsa_dgm_cif,6,149,0.30719941320591815,0.27120601848993287,0.28187919463087246,0.2751677852348993
S3_nonlinear_interaction_inst30,2,cs_gbsa_dgm_cif,7,150,0.32488183255083253,0.32112891150666667,0.26,0.24666666666666667
S3_nonlinear_interaction_inst30,2,cs_gbsa_dgm_cif,8,150,0.34483558186194635,0.3547262224,0.35333333333333333,0.22
S3_nonlinear_interaction_inst30,2,cs_gbsa_dgm_cif,9,150,0.3913076720957515,0.5040017216,0.5266666666666666,0.25333333333333335
S3_nonlinear_interaction_inst30,2,cs_gbsa_dgm_cif,10,150,0.5022452900609462,0.6468248878666666,0.7,0.20666666666666667
S3_nonlinear_interaction_inst30,2,cs_gbsa_all_safe_cif,1,150,0.2275253023784668,0.12601181118666666,0.12666666666666668,0.32
S3_nonlinear_interaction_inst30,2,cs_gbsa_all_safe_cif,2,151,0.23619696084197606,0.12589080582119205,0.1390728476821192,0.09271523178807947
S3_nonlinear_interaction_inst30,2,cs_gbsa_all_safe_cif,3,149,0.24651880590842754,0.15885038367785237,0.1342281879194631,0.22818791946308725
S3_nonlinear_interaction_inst30,2,cs_gbsa_all_safe_cif,4,150,0.2622456123747385,0.20576364096666666,0.20666666666666667,0.24666666666666667
S3_nonlinear_interaction_inst30,2,cs_gbsa_all_safe_cif,5,150,0.28661096026326854,0.24315656383333334,0.25333333333333335,0.31333333333333335
S3_nonlinear_interaction_inst30,2,cs_gbsa_all_safe_cif,6,151,0.30515388911558694,0.2593910256754967,0.26490066225165565,0.23841059602649006
S3_nonlinear_interaction_inst30,2,cs_gbsa_all_safe_cif,7,150,0.32661729741820655,0.32599224033333335,0.2866666666666667,0.24
S3_nonlinear_interaction_inst30,2,cs_gbsa_all_safe_cif,8,149,0.3517820034970813,0.39578740127516776,0.40268456375838924,0.24161073825503357
S3_nonlinear_interaction_inst30,2,cs_gbsa_all_safe_cif,9,150,0.3930859827943243,0.48029764160000005,0.4866666666666667,0.26666666666666666
S3_nonlinear_interaction_inst30,2,cs_gbsa_all_safe_cif,10,150,0.5040783055602065,0.6462655879333333,0.7,0.18666666666666668
S4_nonPH_inst30,1,finegray_dgm_cif_R,1,150,0.10458957735611799,0.09203132040666667,0.14,0.1
S4_nonPH_inst30,1,finegray_dgm_cif_R,2,150,0.15343336437329208,0.13984809850666666,0.12666666666666668,0.13333333333333333
S4_nonPH_inst30,1,finegray_dgm_cif_R,3,150,0.19417503044069023,0.18042541644,0.2,0.22
S4_nonPH_inst30,1,finegray_dgm_cif_R,4,150,0.23095810127099844,0.23590615499999998,0.32,0.16666666666666666
S4_nonPH_inst30,1,finegray_dgm_cif_R,5,150,0.2655187967109829,0.27176825433333335,0.25333333333333335,0.24666666666666667
S4_nonPH_inst30,1,finegray_dgm_cif_R,6,150,0.30491842335179187,0.30987355033333336,0.29333333333333333,0.29333333333333333
S4_nonPH_inst30,1,finegray_dgm_cif_R,7,150,0.34424271099533293,0.35849496253333335,0.30666666666666664,0.35333333333333333
S4_nonPH_inst30,1,finegray_dgm_cif_R,8,150,0.3906169310336707,0.3953190404,0.35333333333333333,0.26666666666666666
S4_nonPH_inst30,1,finegray_dgm_cif_R,9,150,0.4632854331112038,0.4660586374666667,0.4866666666666667,0.29333333333333333
S4_nonPH_inst30,1,finegray_dgm_cif_R,10,150,0.6182475872098574,0.5635267938,0.52,0.36666666666666664
S4_nonPH_inst30,1,finegray_all_safe_reduced_R,1,150,0.1166858849347543,0.0942073997,0.12666666666666668,0.14
S4_nonPH_inst30,1,finegray_all_safe_reduced_R,2,150,0.16538671220596945,0.14730190869999998,0.16,0.16
S4_nonPH_inst30,1,finegray_all_safe_reduced_R,3,150,0.2040661982412388,0.18560339304666668,0.22666666666666666,0.22
S4_nonPH_inst30,1,finegray_all_safe_reduced_R,4,150,0.23671425707207974,0.23799174650666666,0.32666666666666666,0.2
S4_nonPH_inst30,1,finegray_all_safe_reduced_R,5,150,0.27049098058785787,0.25700844106666665,0.2733333333333333,0.28
S4_nonPH_inst30,1,finegray_all_safe_reduced_R,6,150,0.3045144786334601,0.3104672368,0.28,0.32666666666666666
S4_nonPH_inst30,1,finegray_all_safe_reduced_R,7,150,0.3403692476944612,0.3536436915333333,0.3466666666666667,0.22
S4_nonPH_inst30,1,finegray_all_safe_reduced_R,8,150,0.38808148135592463,0.3937071782666667,0.32,0.32666666666666666
S4_nonPH_inst30,1,finegray_all_safe_reduced_R,9,150,0.45290173169739206,0.45166510593333337,0.4533333333333333,0.25333333333333335
S4_nonPH_inst30,1,finegray_all_safe_reduced_R,10,150,0.5890797425958639,0.5816561276666667,0.4866666666666667,0.31333333333333335
S4_nonPH_inst30,1,cs_rsf_dgm_cif,1,150,0.12767976164637682,0.10427494930666667,0.13333333333333333,0.11333333333333333
S4_nonPH_inst30,1,cs_rsf_dgm_cif,2,150,0.1870220752033991,0.14430382757333335,0.13333333333333333,0.13333333333333333
S4_nonPH_inst30,1,cs_rsf_dgm_cif,3,150,0.2246875746247583,0.18397112352,0.22,0.2
S4_nonPH_inst30,1,cs_rsf_dgm_cif,4,150,0.2626989095019829,0.22729114568666664,0.28,0.20666666666666667
S4_nonPH_inst30,1,cs_rsf_dgm_cif,5,150,0.2986254234843183,0.26946069693333335,0.2866666666666667,0.22
S4_nonPH_inst30,1,cs_rsf_dgm_cif,6,150,0.3344991139248613,0.3130722404,0.29333333333333333,0.28
S4_nonPH_inst30,1,cs_rsf_dgm_cif,7,150,0.3688131309344282,0.3411990766,0.32,0.3
S4_nonPH_inst30,1,cs_rsf_dgm_cif,8,150,0.4082718210190261,0.3919072688,0.4,0.3333333333333333
S4_nonPH_inst30,1,cs_rsf_dgm_cif,9,150,0.4528748962741282,0.47022872320000003,0.4066666666666667,0.34
S4_nonPH_inst30,1,cs_rsf_dgm_cif,10,150,0.5384237765035381,0.5675431772,0.5266666666666666,0.31333333333333335
S4_nonPH_inst30,1,cs_rsf_all_safe_cif,1,150,0.15509981425632263,0.10288675522,0.12,0.11333333333333333
S4_nonPH_inst30,1,cs_rsf_all_safe_cif,2,150,0.21480726691751698,0.15906722813333335,0.22,0.14666666666666667
S4_nonPH_inst30,1,cs_rsf_all_safe_cif,3,150,0.25564872160358787,0.1843969971,0.20666666666666667,0.18
S4_nonPH_inst30,1,cs_rsf_all_safe_cif,4,150,0.2865996247933648,0.22356237383333333,0.29333333333333333,0.22666666666666666
S4_nonPH_inst30,1,cs_rsf_all_safe_cif,5,150,0.31356176652925605,0.28269529946666666,0.28,0.30666666666666664
S4_nonPH_inst30,1,cs_rsf_all_safe_cif,6,150,0.3423056080348017,0.3138836788,0.3333333333333333,0.29333333333333333
S4_nonPH_inst30,1,cs_rsf_all_safe_cif,7,150,0.3694151867179759,0.33620609926666667,0.29333333333333333,0.32666666666666666
S4_nonPH_inst30,1,cs_rsf_all_safe_cif,8,150,0.4075651067162083,0.39874165266666667,0.38,0.2866666666666667
S4_nonPH_inst30,1,cs_rsf_all_safe_cif,9,150,0.45766153632986856,0.4386320552,0.3933333333333333,0.2866666666666667
S4_nonPH_inst30,1,cs_rsf_all_safe_cif,10,150,0.5461036800054553,0.5731800895333333,0.48,0.2733333333333333
S4_nonPH_inst30,1,cs_gbsa_dgm_cif,1,150,0.23265156571000697,0.11072791612666667,0.10666666666666667,0.1
S4_nonPH_inst30,1,cs_gbsa_dgm_cif,2,153,0.24661807660270035,0.15822563835947712,0.20261437908496732,0.1503267973856209
S4_nonPH_inst30,1,cs_gbsa_dgm_cif,3,148,0.2559178174075141,0.20042294380405404,0.22972972972972974,0.24324324324324326
S4_nonPH_inst30,1,cs_gbsa_dgm_cif,4,151,0.27405558120528833,0.23498766041059602,0.271523178807947,0.25165562913907286
S4_nonPH_inst30,1,cs_gbsa_dgm_cif,5,160,0.29953702491791356,0.2670246715625,0.24375,0.2375
S4_nonPH_inst30,1,cs_gbsa_dgm_cif,6,138,0.31585653902893485,0.3351783056521739,0.37681159420289856,0.35507246376811596
S4_nonPH_inst30,1,cs_gbsa_dgm_cif,7,152,0.3266674589335999,0.3088920042105263,0.34868421052631576,0.19078947368421054
S4_nonPH_inst30,1,cs_gbsa_dgm_cif,8,148,0.34853553998398457,0.39789312297297297,0.33783783783783783,0.34459459459459457
S4_nonPH_inst30,1,cs_gbsa_dgm_cif,9,150,0.3763883521743492,0.4551853932666666,0.3933333333333333,0.26666666666666666
S4_nonPH_inst30,1,cs_gbsa_dgm_cif,10,150,0.43119618688237815,0.5528550828666667,0.5,0.31333333333333335
S4_nonPH_inst30,1,cs_gbsa_all_safe_cif,1,150,0.23325464132462562,0.11173568971333334,0.12666666666666668,0.08
S4_nonPH_inst30,1,cs_gbsa_all_safe_cif,2,150,0.2462936337544735,0.15049201685333335,0.16666666666666666,0.18
S4_nonPH_inst30,1,cs_gbsa_all_safe_cif,3,150,0.25666699041044977,0.19794103500000002,0.26666666666666666,0.20666666666666667
S4_nonPH_inst30,1,cs_gbsa_all_safe_cif,4,150,0.27800486930307716,0.22915062901333333,0.24,0.2733333333333333
S4_nonPH_inst30,1,cs_gbsa_all_safe_cif,5,150,0.29786608479779614,0.2590579249066666,0.2733333333333333,0.25333333333333335
S4_nonPH_inst30,1,cs_gbsa_all_safe_cif,6,150,0.31220024150826253,0.3051207556666667,0.32,0.3
S4_nonPH_inst30,1,cs_gbsa_all_safe_cif,7,150,0.32292890935724716,0.34023132159999997,0.3466666666666667,0.24
S4_nonPH_inst30,1,cs_gbsa_all_safe_cif,8,150,0.34156438636085396,0.39551849559999996,0.3933333333333333,0.25333333333333335
S4_nonPH_inst30,1,cs_gbsa_all_safe_cif,9,150,0.3795506993471866,0.4757311972666667,0.41333333333333333,0.34
S4_nonPH_inst30,1,cs_gbsa_all_safe_cif,10,150,0.44085983977320436,0.5482731636,0.4533333333333333,0.31333333333333335
S4_nonPH_inst30,2,finegray_dgm_cif_R,1,150,0.09686412431580216,0.09346543744000001,0.12,0.1
S4_nonPH_inst30,2,finegray_dgm_cif_R,2,150,0.14583251522167748,0.14684705375333332,0.18666666666666668,0.16
S4_nonPH_inst30,2,finegray_dgm_cif_R,3,150,0.17852510269851699,0.18645807837333334,0.18666666666666668,0.19333333333333333
S4_nonPH_inst30,2,finegray_dgm_cif_R,4,150,0.21454658221038334,0.21347723143333336,0.23333333333333334,0.17333333333333334
S4_nonPH_inst30,2,finegray_dgm_cif_R,5,150,0.25242745976697284,0.2664606629333333,0.24,0.26
S4_nonPH_inst30,2,finegray_dgm_cif_R,6,150,0.29181092363642963,0.30629581073333334,0.30666666666666664,0.28
S4_nonPH_inst30,2,finegray_dgm_cif_R,7,150,0.3345093820094824,0.339950824,0.28,0.3333333333333333
S4_nonPH_inst30,2,finegray_dgm_cif_R,8,150,0.3953794160893601,0.4060112111333333,0.44,0.25333333333333335
S4_nonPH_inst30,2,finegray_dgm_cif_R,9,150,0.4730615322888691,0.4667260831333333,0.46,0.34
S4_nonPH_inst30,2,finegray_dgm_cif_R,10,150,0.6339540981217933,0.5702468680666667,0.5466666666666666,0.31333333333333335
S4_nonPH_inst30,2,finegray_all_safe_reduced_R,1,150,0.09813354536649696,0.09408160596666666,0.16666666666666666,0.12
S4_nonPH_inst30,2,finegray_all_safe_reduced_R,2,150,0.14581130584893498,0.14612955734000002,0.14,0.13333333333333333
S4_nonPH_inst30,2,finegray_all_safe_reduced_R,3,150,0.18480622195069243,0.18734663045333333,0.18666666666666668,0.17333333333333334
S4_nonPH_inst30,2,finegray_all_safe_reduced_R,4,150,0.21923431344224967,0.22719712430666666,0.19333333333333333,0.2733333333333333
S4_nonPH_inst30,2,finegray_all_safe_reduced_R,5,150,0.2513628553527295,0.2538343986,0.22666666666666666,0.26
S4_nonPH_inst30,2,finegray_all_safe_reduced_R,6,150,0.2886949651505654,0.30662283459999995,0.35333333333333333,0.24
S4_nonPH_inst30,2,finegray_all_safe_reduced_R,7,150,0.33072696234679566,0.3453065274,0.31333333333333335,0.2866666666666667
S4_nonPH_inst30,2,finegray_all_safe_reduced_R,8,150,0.38294224483760964,0.39734633033333333,0.43333333333333335,0.29333333333333333
S4_nonPH_inst30,2,finegray_all_safe_reduced_R,9,150,0.4586474662716307,0.4628359436666667,0.3933333333333333,0.36666666666666664
S4_nonPH_inst30,2,finegray_all_safe_reduced_R,10,150,0.6261663972507177,0.5752383083333333,0.5933333333333334,0.26
S4_nonPH_inst30,2,cs_rsf_dgm_cif,1,150,0.11689576781061609,0.10100416294,0.1,0.14
S4_nonPH_inst30,2,cs_rsf_dgm_cif,2,150,0.17073304790516958,0.14529759728666666,0.18666666666666668,0.17333333333333334
S4_nonPH_inst30,2,cs_rsf_dgm_cif,3,150,0.21639606824267324,0.18794040109333332,0.22666666666666666,0.11333333333333333
S4_nonPH_inst30,2,cs_rsf_dgm_cif,4,150,0.2552857511893626,0.22288230348,0.24666666666666667,0.2
S4_nonPH_inst30,2,cs_rsf_dgm_cif,5,150,0.2929335549142147,0.2659336227333333,0.24666666666666667,0.24666666666666667
S4_nonPH_inst30,2,cs_rsf_dgm_cif,6,150,0.3266863368274876,0.29035266246666663,0.29333333333333333,0.31333333333333335
S4_nonPH_inst30,2,cs_rsf_dgm_cif,7,150,0.36677482757019075,0.3397613515333333,0.31333333333333335,0.36666666666666664
S4_nonPH_inst30,2,cs_rsf_dgm_cif,8,150,0.409927710898543,0.40355017633333334,0.38666666666666666,0.32
S4_nonPH_inst30,2,cs_rsf_dgm_cif,9,150,0.46737044877483575,0.4610325234666666,0.48,0.2733333333333333
S4_nonPH_inst30,2,cs_rsf_dgm_cif,10,150,0.5585600093133037,0.5781844596666667,0.52,0.26
S4_nonPH_inst30,2,cs_rsf_all_safe_cif,1,150,0.13936440552474935,0.11206104498666666,0.15333333333333332,0.19333333333333333
S4_nonPH_inst30,2,cs_rsf_all_safe_cif,2,150,0.19534561962226482,0.14952542019333334,0.16666666666666666,0.1
S4_nonPH_inst30,2,cs_rsf_all_safe_cif,3,150,0.24036839186407788,0.1928904422,0.18,0.18666666666666668
S4_nonPH_inst30,2,cs_rsf_all_safe_cif,4,150,0.27638364926676573,0.21809516241333332,0.28,0.19333333333333333
S4_nonPH_inst30,2,cs_rsf_all_safe_cif,5,150,0.3078479735073184,0.2604673107666666,0.22666666666666666,0.3466666666666667
S4_nonPH_inst30,2,cs_rsf_all_safe_cif,6,150,0.34260736171968004,0.29793547924,0.3333333333333333,0.2866666666666667
S4_nonPH_inst30,2,cs_rsf_all_safe_cif,7,150,0.37957138862416495,0.3412847350666667,0.35333333333333333,0.25333333333333335
S4_nonPH_inst30,2,cs_rsf_all_safe_cif,8,150,0.4221614964134861,0.3879857554,0.38,0.29333333333333333
S4_nonPH_inst30,2,cs_rsf_all_safe_cif,9,150,0.4724111271415389,0.4469691928,0.3933333333333333,0.32
S4_nonPH_inst30,2,cs_rsf_all_safe_cif,10,150,0.5707743636996354,0.5887247179333334,0.5333333333333333,0.23333333333333334
S4_nonPH_inst30,2,cs_gbsa_dgm_cif,1,150,0.2272266673445373,0.10994021990666666,0.14666666666666667,0.11333333333333333
S4_nonPH_inst30,2,cs_gbsa_dgm_cif,2,150,0.2377087053525679,0.17153259848,0.17333333333333334,0.19333333333333333
S4_nonPH_inst30,2,cs_gbsa_dgm_cif,3,152,0.24842899124102397,0.19123601538157894,0.19078947368421054,0.16447368421052633
S4_nonPH_inst30,2,cs_gbsa_dgm_cif,4,148,0.26663471762263735,0.2443671527972973,0.2635135135135135,0.2635135135135135
S4_nonPH_inst30,2,cs_gbsa_dgm_cif,5,150,0.29014179312069227,0.2606880189,0.2866666666666667,0.26666666666666666
S4_nonPH_inst30,2,cs_gbsa_dgm_cif,6,150,0.30817745353905146,0.2776197541666667,0.24,0.25333333333333335
S4_nonPH_inst30,2,cs_gbsa_dgm_cif,7,150,0.3306204818805124,0.33051608460000004,0.31333333333333335,0.31333333333333335
S4_nonPH_inst30,2,cs_gbsa_dgm_cif,8,150,0.34884894681511003,0.3952590633333333,0.38666666666666666,0.29333333333333333
S4_nonPH_inst30,2,cs_gbsa_dgm_cif,9,150,0.37497670118278564,0.4689828026666667,0.4666666666666667,0.2866666666666667
S4_nonPH_inst30,2,cs_gbsa_dgm_cif,10,150,0.4340831937159624,0.5465059659333333,0.5333333333333333,0.26
S4_nonPH_inst30,2,cs_gbsa_all_safe_cif,1,165,0.23163609701984517,0.13664188775757577,0.15757575757575756,0.17575757575757575
S4_nonPH_inst30,2,cs_gbsa_all_safe_cif,2,135,0.23639938158812493,0.15148908747407408,0.1925925925925926,0.13333333333333333
S4_nonPH_inst30,2,cs_gbsa_all_safe_cif,3,151,0.24910032378091962,0.19626497987417219,0.18543046357615894,0.1986754966887417
S4_nonPH_inst30,2,cs_gbsa_all_safe_cif,4,150,0.2674204851639575,0.24594734523999998,0.2733333333333333,0.22666666666666666
S4_nonPH_inst30,2,cs_gbsa_all_safe_cif,5,149,0.2926931494303943,0.2389534621409396,0.24161073825503357,0.28187919463087246
S4_nonPH_inst30,2,cs_gbsa_all_safe_cif,6,150,0.3051809786250638,0.2782341510333333,0.25333333333333335,0.23333333333333334
S4_nonPH_inst30,2,cs_gbsa_all_safe_cif,7,150,0.3261036085633691,0.34828899453333334,0.36,0.26666666666666666
S4_nonPH_inst30,2,cs_gbsa_all_safe_cif,8,151,0.34970687371899584,0.3703266466887417,0.3509933774834437,0.33112582781456956
S4_nonPH_inst30,2,cs_gbsa_all_safe_cif,9,149,0.3776276066489947,0.4616818873154363,0.40939597315436244,0.31543624161073824
S4_nonPH_inst30,2,cs_gbsa_all_safe_cif,10,150,0.4325770410275939,0.5704891637333334,0.58,0.24
S5_MAR_missingness_inst30,1,finegray_dgm_cif_R,1,150,0.10029132065106061,0.10018519240666666,0.11333333333333333,0.08666666666666667
S5_MAR_missingness_inst30,1,finegray_dgm_cif_R,2,150,0.15339806720218868,0.15358795114,0.14,0.14
S5_MAR_missingness_inst30,1,finegray_dgm_cif_R,3,150,0.18860234883271387,0.1931854866,0.24,0.18
S5_MAR_missingness_inst30,1,finegray_dgm_cif_R,4,150,0.22298033286244953,0.22869755606666667,0.24666666666666667,0.24666666666666667
S5_MAR_missingness_inst30,1,finegray_dgm_cif_R,5,150,0.25926800918768367,0.261661661,0.28,0.23333333333333334
S5_MAR_missingness_inst30,1,finegray_dgm_cif_R,6,150,0.2980376020541971,0.2898984225333333,0.23333333333333334,0.30666666666666664
S5_MAR_missingness_inst30,1,finegray_dgm_cif_R,7,150,0.3426824217374575,0.33365351193333337,0.4,0.26666666666666666
S5_MAR_missingness_inst30,1,finegray_dgm_cif_R,8,150,0.3979606132188656,0.3966608913333333,0.4066666666666667,0.29333333333333333
S5_MAR_missingness_inst30,1,finegray_dgm_cif_R,9,150,0.46358928304326896,0.4329652632666667,0.3933333333333333,0.32
S5_MAR_missingness_inst30,1,finegray_dgm_cif_R,10,150,0.6098856328310343,0.5227833086,0.5466666666666666,0.35333333333333333
S5_MAR_missingness_inst30,1,finegray_all_safe_reduced_R,1,150,0.11212068723687371,0.11422821914666666,0.16,0.10666666666666667
S5_MAR_missingness_inst30,1,finegray_all_safe_reduced_R,2,150,0.16415800826693483,0.16614119088666668,0.16666666666666666,0.24
S5_MAR_missingness_inst30,1,finegray_all_safe_reduced_R,3,150,0.20211830943089196,0.20216100071333334,0.24,0.20666666666666667
S5_MAR_missingness_inst30,1,finegray_all_safe_reduced_R,4,150,0.23123128345195856,0.22426042959333334,0.24666666666666667,0.21333333333333335
S5_MAR_missingness_inst30,1,finegray_all_safe_reduced_R,5,150,0.26554832031901004,0.26457189214,0.26666666666666666,0.24
S5_MAR_missingness_inst30,1,finegray_all_safe_reduced_R,6,150,0.3003465187693527,0.29858989953333337,0.32666666666666666,0.22666666666666666
S5_MAR_missingness_inst30,1,finegray_all_safe_reduced_R,7,150,0.33505230842128736,0.3288769179333333,0.35333333333333333,0.32
S5_MAR_missingness_inst30,1,finegray_all_safe_reduced_R,8,150,0.38146691312347697,0.37270501846666665,0.31333333333333335,0.25333333333333335
S5_MAR_missingness_inst30,1,finegray_all_safe_reduced_R,9,150,0.44121359884695455,0.4174313316,0.36666666666666664,0.35333333333333333
S5_MAR_missingness_inst30,1,finegray_all_safe_reduced_R,10,150,0.5755268999613167,0.5243133448666667,0.56,0.26666666666666666
S5_MAR_missingness_inst30,1,cs_rsf_dgm_cif,1,150,0.11905666016619293,0.1106262238,0.12666666666666668,0.08666666666666667
S5_MAR_missingness_inst30,1,cs_rsf_dgm_cif,2,150,0.18294094215826,0.15889812797333336,0.14,0.12
S5_MAR_missingness_inst30,1,cs_rsf_dgm_cif,3,150,0.22237006059924536,0.19724894637333332,0.23333333333333334,0.20666666666666667
S5_MAR_missingness_inst30,1,cs_rsf_dgm_cif,4,150,0.25993991917467496,0.22053849793333333,0.25333333333333335,0.24
S5_MAR_missingness_inst30,1,cs_rsf_dgm_cif,5,150,0.2948868684370225,0.2629708266,0.28,0.25333333333333335
S5_MAR_missingness_inst30,1,cs_rsf_dgm_cif,6,150,0.3335058657309658,0.3013203274,0.26,0.3
S5_MAR_missingness_inst30,1,cs_rsf_dgm_cif,7,150,0.3758207132827161,0.3309846942,0.36,0.2866666666666667
S5_MAR_missingness_inst30,1,cs_rsf_dgm_cif,8,150,0.41618383961367134,0.3722444155333334,0.32666666666666666,0.32666666666666666
S5_MAR_missingness_inst30,1,cs_rsf_dgm_cif,9,150,0.46646459191728873,0.43116160733333336,0.4666666666666667,0.3
S5_MAR_missingness_inst30,1,cs_rsf_dgm_cif,10,150,0.5421881787244605,0.5272855777333334,0.5533333333333333,0.30666666666666664
S5_MAR_missingness_inst30,1,cs_rsf_all_safe_cif,1,150,0.13364430787426868,0.11994196664000001,0.14666666666666667,0.16
S5_MAR_missingness_inst30,1,cs_rsf_all_safe_cif,2,150,0.2090117287200063,0.17052174310666668,0.16666666666666666,0.19333333333333333
S5_MAR_missingness_inst30,1,cs_rsf_all_safe_cif,3,150,0.24670980587204194,0.2044613645,0.22,0.23333333333333334
S5_MAR_missingness_inst30,1,cs_rsf_all_safe_cif,4,150,0.2771004766700716,0.23003370043333335,0.22,0.23333333333333334
S5_MAR_missingness_inst30,1,cs_rsf_all_safe_cif,5,150,0.30662285808076123,0.2651165882666667,0.26666666666666666,0.23333333333333334
S5_MAR_missingness_inst30,1,cs_rsf_all_safe_cif,6,150,0.3414688455517963,0.2917648192666667,0.28,0.2733333333333333
S5_MAR_missingness_inst30,1,cs_rsf_all_safe_cif,7,150,0.37690295291872034,0.31941716266666664,0.35333333333333333,0.23333333333333334
S5_MAR_missingness_inst30,1,cs_rsf_all_safe_cif,8,150,0.41833527554209926,0.36127972713333334,0.42,0.2733333333333333
S5_MAR_missingness_inst30,1,cs_rsf_all_safe_cif,9,150,0.46730921879939075,0.42943755079999996,0.4066666666666667,0.2866666666666667
S5_MAR_missingness_inst30,1,cs_rsf_all_safe_cif,10,150,0.5806175712773747,0.5213046220666666,0.52,0.30666666666666664
S5_MAR_missingness_inst30,1,cs_gbsa_dgm_cif,1,151,0.2273949148080955,0.1239217788344371,0.152317880794702,0.0728476821192053
S5_MAR_missingness_inst30,1,cs_gbsa_dgm_cif,2,149,0.24267657447059396,0.16023953473825503,0.1342281879194631,0.14093959731543623
S5_MAR_missingness_inst30,1,cs_gbsa_dgm_cif,3,150,0.2582901555005997,0.21894851363333334,0.25333333333333335,0.24
S5_MAR_missingness_inst30,1,cs_gbsa_dgm_cif,4,150,0.27717612821114895,0.24051335960666667,0.2866666666666667,0.2733333333333333
S5_MAR_missingness_inst30,1,cs_gbsa_dgm_cif,5,150,0.29518584576088847,0.24334466837333332,0.23333333333333334,0.28
S5_MAR_missingness_inst30,1,cs_gbsa_dgm_cif,6,150,0.3135880010386986,0.30190960159999997,0.3,0.28
S5_MAR_missingness_inst30,1,cs_gbsa_dgm_cif,7,151,0.3362368507308959,0.3320942105298013,0.3509933774834437,0.24503311258278146
S5_MAR_missingness_inst30,1,cs_gbsa_dgm_cif,8,149,0.35509919733961987,0.3681561386577181,0.37583892617449666,0.2684563758389262
S5_MAR_missingness_inst30,1,cs_gbsa_dgm_cif,9,150,0.37613501335847926,0.4271740050666667,0.38666666666666666,0.30666666666666664
S5_MAR_missingness_inst30,1,cs_gbsa_dgm_cif,10,150,0.41050216343222695,0.4974599650666666,0.5266666666666666,0.32
S5_MAR_missingness_inst30,1,cs_gbsa_all_safe_cif,1,150,0.22807647809773277,0.12476704669333333,0.12666666666666668,0.07333333333333333
S5_MAR_missingness_inst30,1,cs_gbsa_all_safe_cif,2,150,0.24426738913470847,0.15914342320666666,0.19333333333333333,0.15333333333333332
S5_MAR_missingness_inst30,1,cs_gbsa_all_safe_cif,3,150,0.2629135424398049,0.21210673386666667,0.22,0.2733333333333333
S5_MAR_missingness_inst30,1,cs_gbsa_all_safe_cif,4,150,0.28028724348182965,0.22986498433999997,0.29333333333333333,0.28
S5_MAR_missingness_inst30,1,cs_gbsa_all_safe_cif,5,150,0.29153407867603076,0.25733659497333333,0.24,0.2733333333333333
S5_MAR_missingness_inst30,1,cs_gbsa_all_safe_cif,6,150,0.30950414407481847,0.2863722762,0.25333333333333335,0.24666666666666667
S5_MAR_missingness_inst30,1,cs_gbsa_all_safe_cif,7,150,0.3322511111713604,0.3313711654,0.36666666666666664,0.24666666666666667
S5_MAR_missingness_inst30,1,cs_gbsa_all_safe_cif,8,150,0.35144622363571476,0.36566206506666665,0.3466666666666667,0.2866666666666667
S5_MAR_missingness_inst30,1,cs_gbsa_all_safe_cif,9,150,0.3757800686916048,0.42732012499999994,0.44,0.25333333333333335
S5_MAR_missingness_inst30,1,cs_gbsa_all_safe_cif,10,150,0.4210035783265016,0.5193348301333333,0.52,0.34
S5_MAR_missingness_inst30,2,finegray_dgm_cif_R,1,150,0.10564276299355031,0.10423416915333333,0.07333333333333333,0.11333333333333333
S5_MAR_missingness_inst30,2,finegray_dgm_cif_R,2,150,0.1567756305777005,0.15809973992,0.09333333333333334,0.2
S5_MAR_missingness_inst30,2,finegray_dgm_cif_R,3,150,0.19681354487529695,0.19836002506666667,0.22666666666666666,0.24666666666666667
S5_MAR_missingness_inst30,2,finegray_dgm_cif_R,4,150,0.2292048603363519,0.2272913334,0.18,0.26
S5_MAR_missingness_inst30,2,finegray_dgm_cif_R,5,150,0.26504799777957133,0.2688038708666667,0.31333333333333335,0.22
S5_MAR_missingness_inst30,2,finegray_dgm_cif_R,6,150,0.3034148931888186,0.308429373,0.3333333333333333,0.22
S5_MAR_missingness_inst30,2,finegray_dgm_cif_R,7,150,0.3436952367042237,0.3417942742666667,0.36,0.32
S5_MAR_missingness_inst30,2,finegray_dgm_cif_R,8,150,0.3885048609255905,0.38775224973333333,0.41333333333333333,0.26666666666666666
S5_MAR_missingness_inst30,2,finegray_dgm_cif_R,9,150,0.45281285616190503,0.43568925893333327,0.5066666666666667,0.28
S5_MAR_missingness_inst30,2,finegray_dgm_cif_R,10,150,0.5994839621354832,0.5489804521333334,0.5,0.3466666666666667
S5_MAR_missingness_inst30,2,finegray_all_safe_reduced_R,1,150,0.11826523192424572,0.11124908036666667,0.06,0.10666666666666667
S5_MAR_missingness_inst30,2,finegray_all_safe_reduced_R,2,150,0.16507736204897944,0.16361774494,0.2,0.22666666666666666
S5_MAR_missingness_inst30,2,finegray_all_safe_reduced_R,3,150,0.2029795309355911,0.19726511903333332,0.18666666666666668,0.26
S5_MAR_missingness_inst30,2,finegray_all_safe_reduced_R,4,150,0.23790731145463634,0.23513413293333335,0.21333333333333335,0.25333333333333335
S5_MAR_missingness_inst30,2,finegray_all_safe_reduced_R,5,150,0.26635267617870295,0.2777753638666667,0.22666666666666666,0.29333333333333333
S5_MAR_missingness_inst30,2,finegray_all_safe_reduced_R,6,150,0.2987302234530946,0.3038727954,0.37333333333333335,0.24666666666666667
S5_MAR_missingness_inst30,2,finegray_all_safe_reduced_R,7,150,0.3375379545690274,0.3341739779333333,0.3333333333333333,0.28
S5_MAR_missingness_inst30,2,finegray_all_safe_reduced_R,8,150,0.38283082672136604,0.3744091261333333,0.41333333333333333,0.24
S5_MAR_missingness_inst30,2,finegray_all_safe_reduced_R,9,150,0.4466396870248814,0.4322988443333333,0.47333333333333333,0.26
S5_MAR_missingness_inst30,2,finegray_all_safe_reduced_R,10,150,0.5944329352893416,0.5496385615333333,0.52,0.30666666666666664
S5_MAR_missingness_inst30,2,cs_rsf_dgm_cif,1,150,0.12691053403747393,0.11007035120666667,0.06,0.1
S5_MAR_missingness_inst30,2,cs_rsf_dgm_cif,2,150,0.1864060827569135,0.16397410134,0.14,0.2
S5_MAR_missingness_inst30,2,cs_rsf_dgm_cif,3,150,0.22956803621184207,0.19612929746,0.2,0.19333333333333333
S5_MAR_missingness_inst30,2,cs_rsf_dgm_cif,4,150,0.2668318829320068,0.23486909386666668,0.24,0.28
S5_MAR_missingness_inst30,2,cs_rsf_dgm_cif,5,150,0.30117549150453804,0.266373032,0.25333333333333335,0.24666666666666667
S5_MAR_missingness_inst30,2,cs_rsf_dgm_cif,6,150,0.3339322699305061,0.30234295586666665,0.2733333333333333,0.32
S5_MAR_missingness_inst30,2,cs_rsf_dgm_cif,7,150,0.36954803776307954,0.3458329450666667,0.4066666666666667,0.3
S5_MAR_missingness_inst30,2,cs_rsf_dgm_cif,8,150,0.4089149742915915,0.3854138429333333,0.4666666666666667,0.24666666666666667
S5_MAR_missingness_inst30,2,cs_rsf_dgm_cif,9,150,0.4542036379601645,0.4280975438,0.4533333333333333,0.26
S5_MAR_missingness_inst30,2,cs_rsf_dgm_cif,10,150,0.5324430679167154,0.5463315829333334,0.5066666666666667,0.32666666666666666
S5_MAR_missingness_inst30,2,cs_rsf_all_safe_cif,1,150,0.1442084934310567,0.11955147115333332,0.1,0.11333333333333333
S5_MAR_missingness_inst30,2,cs_rsf_all_safe_cif,2,150,0.1951753611724648,0.16299044894666667,0.12,0.23333333333333334
S5_MAR_missingness_inst30,2,cs_rsf_all_safe_cif,3,150,0.23385307752464304,0.2066496806,0.2,0.28
S5_MAR_missingness_inst30,2,cs_rsf_all_safe_cif,4,150,0.27143623886908963,0.24854396993333333,0.26,0.26
S5_MAR_missingness_inst30,2,cs_rsf_all_safe_cif,5,150,0.3060412531296749,0.2627606386733333,0.2,0.30666666666666664
S5_MAR_missingness_inst30,2,cs_rsf_all_safe_cif,6,150,0.3447269531505284,0.30263691936666665,0.38666666666666666,0.25333333333333335
S5_MAR_missingness_inst30,2,cs_rsf_all_safe_cif,7,150,0.3844327798135841,0.3372595216666667,0.34,0.22666666666666666
S5_MAR_missingness_inst30,2,cs_rsf_all_safe_cif,8,150,0.4251181091404963,0.38187768693333335,0.42,0.22666666666666666
S5_MAR_missingness_inst30,2,cs_rsf_all_safe_cif,9,150,0.4751763658039166,0.4329989901333334,0.49333333333333335,0.31333333333333335
S5_MAR_missingness_inst30,2,cs_rsf_all_safe_cif,10,150,0.5629302026711925,0.5241654190666667,0.48,0.26
S5_MAR_missingness_inst30,2,cs_gbsa_dgm_cif,1,150,0.22989849448757738,0.1303666493533333,0.1,0.16
S5_MAR_missingness_inst30,2,cs_gbsa_dgm_cif,2,150,0.24722258629753355,0.16040681533333334,0.12,0.2
S5_MAR_missingness_inst30,2,cs_gbsa_dgm_cif,3,150,0.2634646561484776,0.21948823720000002,0.22666666666666666,0.2
S5_MAR_missingness_inst30,2,cs_gbsa_dgm_cif,4,151,0.28115577820854487,0.24535152858278148,0.2251655629139073,0.31788079470198677
S5_MAR_missingness_inst30,2,cs_gbsa_dgm_cif,5,149,0.29685965882610316,0.26129820598657716,0.28859060402684567,0.2550335570469799
S5_MAR_missingness_inst30,2,cs_gbsa_dgm_cif,6,151,0.31246203420934204,0.2916867264900662,0.2847682119205298,0.2781456953642384
S5_MAR_missingness_inst30,2,cs_gbsa_dgm_cif,7,150,0.32650157451991446,0.34224715673333334,0.37333333333333335,0.26
S5_MAR_missingness_inst30,2,cs_gbsa_dgm_cif,8,149,0.3465712143867221,0.3814337842281879,0.3825503355704698,0.26174496644295303
S5_MAR_missingness_inst30,2,cs_gbsa_dgm_cif,9,150,0.37065219669357247,0.42094967186666665,0.4533333333333333,0.26666666666666666
S5_MAR_missingness_inst30,2,cs_gbsa_dgm_cif,10,150,0.41604033226125076,0.5269105956000001,0.5466666666666666,0.2733333333333333
S5_MAR_missingness_inst30,2,cs_gbsa_all_safe_cif,1,150,0.22994373093480372,0.12856572149333334,0.09333333333333334,0.2
S5_MAR_missingness_inst30,2,cs_gbsa_all_safe_cif,2,150,0.24383824261188883,0.16308967469333333,0.12666666666666668,0.16
S5_MAR_missingness_inst30,2,cs_gbsa_all_safe_cif,3,150,0.262999715658528,0.20302607888666666,0.22,0.24
S5_MAR_missingness_inst30,2,cs_gbsa_all_safe_cif,4,150,0.2780657567766759,0.23796168010000002,0.19333333333333333,0.26666666666666666
S5_MAR_missingness_inst30,2,cs_gbsa_all_safe_cif,5,150,0.2934698895489843,0.26829673083333333,0.25333333333333335,0.3333333333333333
S5_MAR_missingness_inst30,2,cs_gbsa_all_safe_cif,6,150,0.30729483631288285,0.29810521813333335,0.36,0.26
S5_MAR_missingness_inst30,2,cs_gbsa_all_safe_cif,7,150,0.328437826022781,0.3407160691333333,0.36,0.26
S5_MAR_missingness_inst30,2,cs_gbsa_all_safe_cif,8,150,0.347446643797049,0.38060477853333335,0.43333333333333335,0.22
S5_MAR_missingness_inst30,2,cs_gbsa_all_safe_cif,9,150,0.3732399089336288,0.42724330693333334,0.46,0.25333333333333335
S5_MAR_missingness_inst30,2,cs_gbsa_all_safe_cif,10,150,0.42187149541830343,0.5318254877333334,0.5,0.28
S6_highdim_sparseMRI_inst30,1,finegray_dgm_cif_R,1,150,0.08804346356126005,0.08026242707333334,0.12,0.24666666666666667
S6_highdim_sparseMRI_inst30,1,finegray_dgm_cif_R,2,150,0.13465581933585638,0.13106416752666666,0.14,0.23333333333333334
S6_highdim_sparseMRI_inst30,1,finegray_dgm_cif_R,3,150,0.17291752488363682,0.16913261753333333,0.2,0.24
S6_highdim_sparseMRI_inst30,1,finegray_dgm_cif_R,4,150,0.20572945708173307,0.20044509132,0.21333333333333335,0.25333333333333335
S6_highdim_sparseMRI_inst30,1,finegray_dgm_cif_R,5,150,0.23987730323680115,0.23659280849333333,0.24,0.25333333333333335
S6_highdim_sparseMRI_inst30,1,finegray_dgm_cif_R,6,150,0.27982063781488103,0.28870676966666664,0.3333333333333333,0.25333333333333335
S6_highdim_sparseMRI_inst30,1,finegray_dgm_cif_R,7,150,0.32567308253691774,0.3392616038,0.36,0.2
S6_highdim_sparseMRI_inst30,1,finegray_dgm_cif_R,8,150,0.3847942811295034,0.39602739406666665,0.30666666666666664,0.30666666666666664
S6_highdim_sparseMRI_inst30,1,finegray_dgm_cif_R,9,150,0.4705965735611853,0.47018436739999997,0.4666666666666667,0.2866666666666667
S6_highdim_sparseMRI_inst30,1,finegray_dgm_cif_R,10,150,0.6548409592920785,0.6511332977333333,0.62,0.24666666666666667
S6_highdim_sparseMRI_inst30,1,finegray_all_safe_reduced_R,1,150,0.08462827946923644,0.07592268326,0.11333333333333333,0.25333333333333335
S6_highdim_sparseMRI_inst30,1,finegray_all_safe_reduced_R,2,150,0.1347809197240995,0.12528843656666666,0.13333333333333333,0.22666666666666666
S6_highdim_sparseMRI_inst30,1,finegray_all_safe_reduced_R,3,150,0.1718354658187043,0.15925146683333333,0.14,0.22666666666666666
S6_highdim_sparseMRI_inst30,1,finegray_all_safe_reduced_R,4,150,0.20575708784376198,0.19738177095333334,0.16666666666666666,0.24666666666666667
S6_highdim_sparseMRI_inst30,1,finegray_all_safe_reduced_R,5,150,0.24200170430441864,0.24064627786666667,0.31333333333333335,0.24
S6_highdim_sparseMRI_inst30,1,finegray_all_safe_reduced_R,6,150,0.28037093863938123,0.28152323453333333,0.31333333333333335,0.23333333333333334
S6_highdim_sparseMRI_inst30,1,finegray_all_safe_reduced_R,7,150,0.33606268727033345,0.33966470153333334,0.36666666666666664,0.28
S6_highdim_sparseMRI_inst30,1,finegray_all_safe_reduced_R,8,150,0.3907025717692696,0.3904656380666667,0.3933333333333333,0.24666666666666667
S6_highdim_sparseMRI_inst30,1,finegray_all_safe_reduced_R,9,150,0.4797698655621305,0.48652603233333336,0.43333333333333335,0.3
S6_highdim_sparseMRI_inst30,1,finegray_all_safe_reduced_R,10,150,0.6798301535664837,0.6661403026666667,0.6266666666666667,0.26666666666666666
S6_highdim_sparseMRI_inst30,1,cs_rsf_dgm_cif,1,150,0.1003491675608675,0.08962313128666667,0.12666666666666668,0.21333333333333335
S6_highdim_sparseMRI_inst30,1,cs_rsf_dgm_cif,2,150,0.1595255515022996,0.13311944741333331,0.18,0.21333333333333335
S6_highdim_sparseMRI_inst30,1,cs_rsf_dgm_cif,3,150,0.2030816121653827,0.17365348846666667,0.2,0.21333333333333335
S6_highdim_sparseMRI_inst30,1,cs_rsf_dgm_cif,4,150,0.24090142128369593,0.20710669789333333,0.2,0.26666666666666666
S6_highdim_sparseMRI_inst30,1,cs_rsf_dgm_cif,5,150,0.2801101127912615,0.23432820599333334,0.25333333333333335,0.20666666666666667
S6_highdim_sparseMRI_inst30,1,cs_rsf_dgm_cif,6,150,0.32072107653783466,0.286642704,0.26666666666666666,0.29333333333333333
S6_highdim_sparseMRI_inst30,1,cs_rsf_dgm_cif,7,150,0.36477258153505604,0.33096555656000004,0.37333333333333335,0.2733333333333333
S6_highdim_sparseMRI_inst30,1,cs_rsf_dgm_cif,8,150,0.4208743015749821,0.38835064866666663,0.3466666666666667,0.29333333333333333
S6_highdim_sparseMRI_inst30,1,cs_rsf_dgm_cif,9,150,0.48116090338705947,0.48486547906666666,0.46,0.2733333333333333
S6_highdim_sparseMRI_inst30,1,cs_rsf_dgm_cif,10,150,0.5834915092302411,0.6341551852666667,0.5933333333333334,0.2733333333333333
S6_highdim_sparseMRI_inst30,1,cs_rsf_all_safe_cif,1,150,0.08590766286172581,0.08267184008666667,0.13333333333333333,0.2733333333333333
S6_highdim_sparseMRI_inst30,1,cs_rsf_all_safe_cif,2,150,0.14914455148390574,0.13115837610666667,0.13333333333333333,0.15333333333333332
S6_highdim_sparseMRI_inst30,1,cs_rsf_all_safe_cif,3,150,0.20247639494639838,0.16788519642666666,0.21333333333333335,0.24
S6_highdim_sparseMRI_inst30,1,cs_rsf_all_safe_cif,4,150,0.24264895295036415,0.20443960836666666,0.18,0.21333333333333335
S6_highdim_sparseMRI_inst30,1,cs_rsf_all_safe_cif,5,150,0.2852427362259857,0.24434976566666666,0.24,0.24666666666666667
S6_highdim_sparseMRI_inst30,1,cs_rsf_all_safe_cif,6,150,0.3285231483264689,0.27930609596,0.2733333333333333,0.32666666666666666
S6_highdim_sparseMRI_inst30,1,cs_rsf_all_safe_cif,7,150,0.37603755323375165,0.32512733173333336,0.42,0.24666666666666667
S6_highdim_sparseMRI_inst30,1,cs_rsf_all_safe_cif,8,150,0.4346829434521023,0.3908736181333334,0.36,0.2866666666666667
S6_highdim_sparseMRI_inst30,1,cs_rsf_all_safe_cif,9,150,0.5176705837176568,0.47264071300000005,0.4666666666666667,0.26
S6_highdim_sparseMRI_inst30,1,cs_rsf_all_safe_cif,10,150,0.6531338178014565,0.6643579991333333,0.58,0.2733333333333333
S6_highdim_sparseMRI_inst30,1,cs_gbsa_dgm_cif,1,167,0.22235565685159575,0.10328494901197605,0.16766467065868262,0.2694610778443114
S6_highdim_sparseMRI_inst30,1,cs_gbsa_dgm_cif,2,133,0.2393048236194119,0.14280429177443607,0.12781954887218044,0.21052631578947367
S6_highdim_sparseMRI_inst30,1,cs_gbsa_dgm_cif,3,150,0.2559982751093943,0.16819778042666667,0.16666666666666666,0.22666666666666666
S6_highdim_sparseMRI_inst30,1,cs_gbsa_dgm_cif,4,150,0.26969548280528616,0.20698503895333334,0.21333333333333335,0.18666666666666668
S6_highdim_sparseMRI_inst30,1,cs_gbsa_dgm_cif,5,150,0.28600243525758295,0.2384210397333333,0.28,0.25333333333333335
S6_highdim_sparseMRI_inst30,1,cs_gbsa_dgm_cif,6,150,0.3039828591596192,0.2881182078,0.26666666666666666,0.3
S6_highdim_sparseMRI_inst30,1,cs_gbsa_dgm_cif,7,150,0.3256314396305729,0.33447067226666666,0.4266666666666667,0.19333333333333333
S6_highdim_sparseMRI_inst30,1,cs_gbsa_dgm_cif,8,150,0.35220742875491556,0.38942165129333334,0.38,0.32
S6_highdim_sparseMRI_inst30,1,cs_gbsa_dgm_cif,9,150,0.39046597846550296,0.4799224557333333,0.38666666666666666,0.2866666666666667
S6_highdim_sparseMRI_inst30,1,cs_gbsa_dgm_cif,10,150,0.45326944593022406,0.6156633164666667,0.58,0.26666666666666666
S6_highdim_sparseMRI_inst30,1,cs_gbsa_all_safe_cif,1,150,0.21558346649544854,0.11980901936666667,0.12,0.3466666666666667
S6_highdim_sparseMRI_inst30,1,cs_gbsa_all_safe_cif,2,150,0.22965231739088907,0.10582179488666667,0.12,0.24
S6_highdim_sparseMRI_inst30,1,cs_gbsa_all_safe_cif,3,150,0.24343038922314833,0.16666994866666668,0.2,0.16666666666666666
S6_highdim_sparseMRI_inst30,1,cs_gbsa_all_safe_cif,4,150,0.26152047150201585,0.20150946733333333,0.18666666666666668,0.22666666666666666
S6_highdim_sparseMRI_inst30,1,cs_gbsa_all_safe_cif,5,150,0.282313351406747,0.24470468656,0.20666666666666667,0.23333333333333334
S6_highdim_sparseMRI_inst30,1,cs_gbsa_all_safe_cif,6,150,0.30258782733584216,0.27575628793333334,0.2733333333333333,0.29333333333333333
S6_highdim_sparseMRI_inst30,1,cs_gbsa_all_safe_cif,7,150,0.3276666814146505,0.3207861246,0.38666666666666666,0.24
S6_highdim_sparseMRI_inst30,1,cs_gbsa_all_safe_cif,8,150,0.3561724208496768,0.39486346040000003,0.42,0.25333333333333335
S6_highdim_sparseMRI_inst30,1,cs_gbsa_all_safe_cif,9,150,0.39974073780229813,0.4758436808,0.48,0.28
S6_highdim_sparseMRI_inst30,1,cs_gbsa_all_safe_cif,10,150,0.4987692210391278,0.6570460740666667,0.6066666666666667,0.24
S6_highdim_sparseMRI_inst30,2,finegray_dgm_cif_R,1,150,0.07575398850505988,0.08928705780666667,0.08666666666666667,0.21333333333333335
S6_highdim_sparseMRI_inst30,2,finegray_dgm_cif_R,2,150,0.12871136178834458,0.14805366836666667,0.16,0.19333333333333333
S6_highdim_sparseMRI_inst30,2,finegray_dgm_cif_R,3,150,0.16671775347363788,0.18654854446666666,0.17333333333333334,0.32
S6_highdim_sparseMRI_inst30,2,finegray_dgm_cif_R,4,150,0.20125904951367388,0.21972666913333333,0.22666666666666666,0.29333333333333333
S6_highdim_sparseMRI_inst30,2,finegray_dgm_cif_R,5,150,0.24119664695228024,0.25648895439999997,0.23333333333333334,0.28
S6_highdim_sparseMRI_inst30,2,finegray_dgm_cif_R,6,150,0.2863760768716054,0.31026475766666667,0.37333333333333335,0.23333333333333334
S6_highdim_sparseMRI_inst30,2,finegray_dgm_cif_R,7,150,0.34164167202238377,0.36311031653333337,0.30666666666666664,0.30666666666666664
S6_highdim_sparseMRI_inst30,2,finegray_dgm_cif_R,8,150,0.4083664802472734,0.4145600958,0.3933333333333333,0.2866666666666667
S6_highdim_sparseMRI_inst30,2,finegray_dgm_cif_R,9,150,0.5056530712224729,0.4969248513333333,0.4866666666666667,0.2733333333333333
S6_highdim_sparseMRI_inst30,2,finegray_dgm_cif_R,10,150,0.7037561040624377,0.6529043338666667,0.56,0.22666666666666666
S6_highdim_sparseMRI_inst30,2,finegray_all_safe_reduced_R,1,150,0.0771519802381316,0.08026155492666666,0.08666666666666667,0.20666666666666667
S6_highdim_sparseMRI_inst30,2,finegray_all_safe_reduced_R,2,150,0.12977628711523995,0.13593857528666667,0.16,0.16
S6_highdim_sparseMRI_inst30,2,finegray_all_safe_reduced_R,3,150,0.16947839918149785,0.17633716222666665,0.16,0.2
S6_highdim_sparseMRI_inst30,2,finegray_all_safe_reduced_R,4,150,0.20961478502952027,0.21905687613333333,0.19333333333333333,0.35333333333333333
S6_highdim_sparseMRI_inst30,2,finegray_all_safe_reduced_R,5,150,0.24914966261027482,0.2600558846666667,0.23333333333333334,0.31333333333333335
S6_highdim_sparseMRI_inst30,2,finegray_all_safe_reduced_R,6,150,0.29441381394293525,0.30572106993333337,0.28,0.30666666666666664
S6_highdim_sparseMRI_inst30,2,finegray_all_safe_reduced_R,7,150,0.3504948252384311,0.36076032913333334,0.3466666666666667,0.2866666666666667
S6_highdim_sparseMRI_inst30,2,finegray_all_safe_reduced_R,8,150,0.4167327267691209,0.4257508922666667,0.48,0.2733333333333333
S6_highdim_sparseMRI_inst30,2,finegray_all_safe_reduced_R,9,150,0.5151515851079655,0.5036632059333334,0.4533333333333333,0.2733333333333333
S6_highdim_sparseMRI_inst30,2,finegray_all_safe_reduced_R,10,150,0.7086975791046509,0.6703236988666667,0.6066666666666667,0.25333333333333335
S6_highdim_sparseMRI_inst30,2,cs_rsf_dgm_cif,1,150,0.09765356830146878,0.10648486272666666,0.07333333333333333,0.19333333333333333
S6_highdim_sparseMRI_inst30,2,cs_rsf_dgm_cif,2,150,0.15145378466272247,0.1369802187466667,0.2,0.21333333333333335
S6_highdim_sparseMRI_inst30,2,cs_rsf_dgm_cif,3,150,0.2019821773623003,0.18170324807333332,0.19333333333333333,0.26
S6_highdim_sparseMRI_inst30,2,cs_rsf_dgm_cif,4,150,0.24767572093200882,0.21627243362666665,0.16666666666666666,0.28
S6_highdim_sparseMRI_inst30,2,cs_rsf_dgm_cif,5,150,0.29129220426297936,0.25775854406666665,0.22666666666666666,0.3933333333333333
S6_highdim_sparseMRI_inst30,2,cs_rsf_dgm_cif,6,150,0.33338775979265395,0.31448553360000003,0.30666666666666664,0.26666666666666666
S6_highdim_sparseMRI_inst30,2,cs_rsf_dgm_cif,7,150,0.37912279329984067,0.3590361790666667,0.3933333333333333,0.24
S6_highdim_sparseMRI_inst30,2,cs_rsf_dgm_cif,8,150,0.4336398155326217,0.42055408606666667,0.3933333333333333,0.2733333333333333
S6_highdim_sparseMRI_inst30,2,cs_rsf_dgm_cif,9,150,0.5006025875042733,0.5006902701333333,0.47333333333333333,0.28
S6_highdim_sparseMRI_inst30,2,cs_rsf_dgm_cif,10,150,0.6093834009627461,0.6439038732666666,0.5733333333333334,0.22666666666666666
S6_highdim_sparseMRI_inst30,2,cs_rsf_all_safe_cif,1,150,0.09773404219933358,0.09622939385333333,0.06666666666666667,0.2
S6_highdim_sparseMRI_inst30,2,cs_rsf_all_safe_cif,2,150,0.14092634912825652,0.12953170289333335,0.18666666666666668,0.20666666666666667
S6_highdim_sparseMRI_inst30,2,cs_rsf_all_safe_cif,3,150,0.18702896181572828,0.17631778541333332,0.11333333333333333,0.32
S6_highdim_sparseMRI_inst30,2,cs_rsf_all_safe_cif,4,150,0.23630675558156203,0.21587374961333333,0.26,0.25333333333333335
S6_highdim_sparseMRI_inst30,2,cs_rsf_all_safe_cif,5,150,0.2852105310218996,0.2602507632,0.21333333333333335,0.32
S6_highdim_sparseMRI_inst30,2,cs_rsf_all_safe_cif,6,150,0.34102682951617314,0.3052522941333333,0.28,0.30666666666666664
S6_highdim_sparseMRI_inst30,2,cs_rsf_all_safe_cif,7,150,0.40415451738762254,0.35864874886666664,0.38666666666666666,0.29333333333333333
S6_highdim_sparseMRI_inst30,2,cs_rsf_all_safe_cif,8,150,0.4748673757560847,0.43341274760000004,0.42,0.26666666666666666
S6_highdim_sparseMRI_inst30,2,cs_rsf_all_safe_cif,9,150,0.545345283784937,0.5019470401333334,0.5,0.26666666666666666
S6_highdim_sparseMRI_inst30,2,cs_rsf_all_safe_cif,10,150,0.660421693159328,0.6604050236666666,0.5733333333333334,0.19333333333333333
S6_highdim_sparseMRI_inst30,2,cs_gbsa_dgm_cif,1,150,0.22190689130241054,0.10656621897333333,0.11333333333333333,0.22
S6_highdim_sparseMRI_inst30,2,cs_gbsa_dgm_cif,2,150,0.23879345003860517,0.14299419995333332,0.13333333333333333,0.26
S6_highdim_sparseMRI_inst30,2,cs_gbsa_dgm_cif,3,150,0.256037311112808,0.1872669389866667,0.2,0.24
S6_highdim_sparseMRI_inst30,2,cs_gbsa_dgm_cif,4,150,0.2732301170451732,0.21875417739333333,0.17333333333333334,0.2866666666666667
S6_highdim_sparseMRI_inst30,2,cs_gbsa_dgm_cif,5,150,0.29040345527720673,0.26818574126666667,0.23333333333333334,0.2733333333333333
S6_highdim_sparseMRI_inst30,2,cs_gbsa_dgm_cif,6,150,0.3076037787693442,0.30687515113333336,0.28,0.36
S6_highdim_sparseMRI_inst30,2,cs_gbsa_dgm_cif,7,150,0.33016451846720357,0.36211708179999996,0.37333333333333335,0.22666666666666666
S6_highdim_sparseMRI_inst30,2,cs_gbsa_dgm_cif,8,150,0.355271572083311,0.4098713392666667,0.4866666666666667,0.20666666666666667
S6_highdim_sparseMRI_inst30,2,cs_gbsa_dgm_cif,9,150,0.39580443166801177,0.5116339014666668,0.47333333333333333,0.26
S6_highdim_sparseMRI_inst30,2,cs_gbsa_dgm_cif,10,150,0.47353509642561686,0.6236044991333334,0.5333333333333333,0.29333333333333333
S6_highdim_sparseMRI_inst30,2,cs_gbsa_all_safe_cif,1,150,0.2142939630396703,0.11526225979333332,0.13333333333333333,0.2866666666666667
S6_highdim_sparseMRI_inst30,2,cs_gbsa_all_safe_cif,2,150,0.2289440040443372,0.13016883474,0.11333333333333333,0.22666666666666666
S6_highdim_sparseMRI_inst30,2,cs_gbsa_all_safe_cif,3,150,0.24337445393955098,0.17623920905333332,0.15333333333333332,0.3
S6_highdim_sparseMRI_inst30,2,cs_gbsa_all_safe_cif,4,150,0.2587210631453988,0.22400197754666668,0.19333333333333333,0.29333333333333333
S6_highdim_sparseMRI_inst30,2,cs_gbsa_all_safe_cif,5,150,0.2774896880337779,0.25244539784000003,0.22,0.2866666666666667
S6_highdim_sparseMRI_inst30,2,cs_gbsa_all_safe_cif,6,150,0.3029842137652906,0.31198687599999997,0.31333333333333335,0.30666666666666664
S6_highdim_sparseMRI_inst30,2,cs_gbsa_all_safe_cif,7,150,0.3360008277501635,0.3551916128,0.36,0.23333333333333334
S6_highdim_sparseMRI_inst30,2,cs_gbsa_all_safe_cif,8,150,0.37667270118226126,0.41833157533333337,0.44,0.19333333333333333
S6_highdim_sparseMRI_inst30,2,cs_gbsa_all_safe_cif,9,150,0.4290730246383035,0.5000323394,0.5,0.25333333333333335
S6_highdim_sparseMRI_inst30,2,cs_gbsa_all_safe_cif,10,150,0.5009962705743686,0.6542091668666666,0.5733333333333334,0.24666666666666667
S7_strong_death_competing_inst30,1,finegray_dgm_cif_R,1,150,0.10488349303338025,0.11061484026666667,0.11333333333333333,0.18
S7_strong_death_competing_inst30,1,finegray_dgm_cif_R,2,150,0.15644137575885309,0.17047684670666666,0.15333333333333332,0.2733333333333333
S7_strong_death_competing_inst30,1,finegray_dgm_cif_R,3,150,0.19231775407904086,0.20692036253333332,0.22,0.28
S7_strong_death_competing_inst30,1,finegray_dgm_cif_R,4,150,0.2237550347239931,0.22893281106666669,0.18,0.30666666666666664
S7_strong_death_competing_inst30,1,finegray_dgm_cif_R,5,150,0.25864688786095136,0.27096293353333334,0.25333333333333335,0.32
S7_strong_death_competing_inst30,1,finegray_dgm_cif_R,6,150,0.29528971502564827,0.3078883302666667,0.3466666666666667,0.35333333333333333
S7_strong_death_competing_inst30,1,finegray_dgm_cif_R,7,150,0.3405735742362465,0.3392179982,0.3466666666666667,0.34
S7_strong_death_competing_inst30,1,finegray_dgm_cif_R,8,150,0.3935830685030347,0.3870444148666667,0.36666666666666664,0.38
S7_strong_death_competing_inst30,1,finegray_dgm_cif_R,9,150,0.465990488760002,0.43473255673333333,0.4666666666666667,0.30666666666666664
S7_strong_death_competing_inst30,1,finegray_dgm_cif_R,10,150,0.5999067249962273,0.542674651,0.5533333333333333,0.32666666666666666
S7_strong_death_competing_inst30,1,finegray_all_safe_reduced_R,1,150,0.10951564689196838,0.11751664207333334,0.12,0.19333333333333333
S7_strong_death_competing_inst30,1,finegray_all_safe_reduced_R,2,150,0.15758466170208787,0.1683037747,0.1,0.32
S7_strong_death_competing_inst30,1,finegray_all_safe_reduced_R,3,150,0.1988104509362827,0.20949991806666668,0.26,0.25333333333333335
S7_strong_death_competing_inst30,1,finegray_all_safe_reduced_R,4,150,0.23149258028549943,0.24352695073333333,0.20666666666666667,0.36
S7_strong_death_competing_inst30,1,finegray_all_safe_reduced_R,5,150,0.2614533365954807,0.2636986846666667,0.29333333333333333,0.31333333333333335
S7_strong_death_competing_inst30,1,finegray_all_safe_reduced_R,6,150,0.29857615800712173,0.3031432854666667,0.2866666666666667,0.34
S7_strong_death_competing_inst30,1,finegray_all_safe_reduced_R,7,150,0.3410294478988888,0.33361269320000003,0.31333333333333335,0.34
S7_strong_death_competing_inst30,1,finegray_all_safe_reduced_R,8,150,0.39189854179940603,0.3837981282,0.41333333333333333,0.31333333333333335
S7_strong_death_competing_inst30,1,finegray_all_safe_reduced_R,9,150,0.45723974552793434,0.43499154353333336,0.44666666666666666,0.35333333333333333
S7_strong_death_competing_inst30,1,finegray_all_safe_reduced_R,10,150,0.5897280117551471,0.5413741245333333,0.56,0.28
S7_strong_death_competing_inst30,1,cs_rsf_dgm_cif,1,150,0.1375504723320381,0.12324922327333333,0.09333333333333334,0.25333333333333335
S7_strong_death_competing_inst30,1,cs_rsf_dgm_cif,2,150,0.1912713876239318,0.17185346507333332,0.18,0.24666666666666667
S7_strong_death_competing_inst30,1,cs_rsf_dgm_cif,3,150,0.22940135592113625,0.21319376099999998,0.19333333333333333,0.3
S7_strong_death_competing_inst30,1,cs_rsf_dgm_cif,4,150,0.2595564971958641,0.22952933969333333,0.25333333333333335,0.23333333333333334
S7_strong_death_competing_inst30,1,cs_rsf_dgm_cif,5,150,0.29287267762303304,0.2608588666666667,0.2866666666666667,0.2733333333333333
S7_strong_death_competing_inst30,1,cs_rsf_dgm_cif,6,150,0.32570029456191263,0.3026657888666667,0.2866666666666667,0.37333333333333335
S7_strong_death_competing_inst30,1,cs_rsf_dgm_cif,7,150,0.35977040303011654,0.34636779526666667,0.31333333333333335,0.3933333333333333
S7_strong_death_competing_inst30,1,cs_rsf_dgm_cif,8,150,0.3949982197747264,0.38309020720000003,0.4066666666666667,0.34
S7_strong_death_competing_inst30,1,cs_rsf_dgm_cif,9,150,0.4474158577040229,0.4319483532,0.4266666666666667,0.38
S7_strong_death_competing_inst30,1,cs_rsf_dgm_cif,10,150,0.5356937513232857,0.5367089449333333,0.56,0.2733333333333333
S7_strong_death_competing_inst30,1,cs_rsf_all_safe_cif,1,150,0.14475500511837655,0.1406463802,0.12666666666666668,0.26
S7_strong_death_competing_inst30,1,cs_rsf_all_safe_cif,2,150,0.18895332355801672,0.17435721655333333,0.18666666666666668,0.29333333333333333
S7_strong_death_competing_inst30,1,cs_rsf_all_safe_cif,3,150,0.2213001777800744,0.20436736202,0.22,0.3
S7_strong_death_competing_inst30,1,cs_rsf_all_safe_cif,4,150,0.2603214565713876,0.24381085153333334,0.23333333333333334,0.3333333333333333
S7_strong_death_competing_inst30,1,cs_rsf_all_safe_cif,5,150,0.29664792701936177,0.2668524133333333,0.24,0.32666666666666666
S7_strong_death_competing_inst30,1,cs_rsf_all_safe_cif,6,150,0.3345801953708469,0.296703248,0.3,0.2733333333333333
S7_strong_death_competing_inst30,1,cs_rsf_all_safe_cif,7,150,0.37621751577228474,0.33699745486666666,0.32,0.36666666666666664
S7_strong_death_competing_inst30,1,cs_rsf_all_safe_cif,8,150,0.42000448995954653,0.3804103511333333,0.3466666666666667,0.3333333333333333
S7_strong_death_competing_inst30,1,cs_rsf_all_safe_cif,9,150,0.4734802537816102,0.4258780538,0.47333333333333333,0.3333333333333333
S7_strong_death_competing_inst30,1,cs_rsf_all_safe_cif,10,150,0.5687781429599448,0.5294424137333333,0.5533333333333333,0.24666666666666667
S7_strong_death_competing_inst30,1,cs_gbsa_dgm_cif,1,156,0.23617015729143231,0.16867963262820515,0.16025641025641027,0.33974358974358976
S7_strong_death_competing_inst30,1,cs_gbsa_dgm_cif,2,144,0.24772844100311156,0.15598228803472222,0.16666666666666666,0.2013888888888889
S7_strong_death_competing_inst30,1,cs_gbsa_dgm_cif,3,150,0.25915443310610103,0.21169796539333333,0.20666666666666667,0.25333333333333335
S7_strong_death_competing_inst30,1,cs_gbsa_dgm_cif,4,150,0.2744655510708279,0.25037496496666667,0.20666666666666667,0.36666666666666664
S7_strong_death_competing_inst30,1,cs_gbsa_dgm_cif,5,150,0.2875620274018125,0.2772604257,0.22,0.41333333333333333
S7_strong_death_competing_inst30,1,cs_gbsa_dgm_cif,6,150,0.2975879605024,0.30296585746666665,0.3,0.2733333333333333
S7_strong_death_competing_inst30,1,cs_gbsa_dgm_cif,7,150,0.3112480568664274,0.3336486698,0.36666666666666664,0.38666666666666666
S7_strong_death_competing_inst30,1,cs_gbsa_dgm_cif,8,150,0.33075666011397287,0.3614487762,0.38666666666666666,0.24666666666666667
S7_strong_death_competing_inst30,1,cs_gbsa_dgm_cif,9,150,0.3677338274556944,0.4239441784,0.43333333333333335,0.29333333333333333
S7_strong_death_competing_inst30,1,cs_gbsa_dgm_cif,10,150,0.44657435277949864,0.5129550928000001,0.5533333333333333,0.2866666666666667
S7_strong_death_competing_inst30,1,cs_gbsa_all_safe_cif,1,150,0.2349447679317376,0.18140876134,0.17333333333333334,0.41333333333333333
S7_strong_death_competing_inst30,1,cs_gbsa_all_safe_cif,2,151,0.24739386255937162,0.1536686361589404,0.152317880794702,0.1986754966887417
S7_strong_death_competing_inst30,1,cs_gbsa_all_safe_cif,3,149,0.2552682710074113,0.19616604363087248,0.19463087248322147,0.26174496644295303
S7_strong_death_competing_inst30,1,cs_gbsa_all_safe_cif,4,151,0.26964000019812995,0.24541066280794702,0.2582781456953642,0.32450331125827814
S7_strong_death_competing_inst30,1,cs_gbsa_all_safe_cif,5,149,0.2849218942603938,0.27073373973154363,0.18791946308724833,0.3624161073825503
S7_strong_death_competing_inst30,1,cs_gbsa_all_safe_cif,6,150,0.2985339739231539,0.29183444593333335,0.22666666666666666,0.41333333333333333
S7_strong_death_competing_inst30,1,cs_gbsa_all_safe_cif,7,150,0.31674977823156053,0.3327039898,0.36666666666666664,0.26666666666666666
S7_strong_death_competing_inst30,1,cs_gbsa_all_safe_cif,8,150,0.3412782410202697,0.3700016636,0.4666666666666667,0.26666666666666666
S7_strong_death_competing_inst30,1,cs_gbsa_all_safe_cif,9,150,0.37310784026222726,0.4291652692,0.38666666666666666,0.32
S7_strong_death_competing_inst30,1,cs_gbsa_all_safe_cif,10,150,0.4400320427696988,0.5288246695333334,0.5866666666666667,0.24
S7_strong_death_competing_inst30,2,finegray_dgm_cif_R,1,150,0.10981085713618914,0.10998616477333334,0.14,0.14666666666666667
S7_strong_death_competing_inst30,2,finegray_dgm_cif_R,2,150,0.1624234395566439,0.16145896438,0.18,0.22
S7_strong_death_competing_inst30,2,finegray_dgm_cif_R,3,150,0.19797857378222122,0.2089103704666667,0.2,0.25333333333333335
S7_strong_death_competing_inst30,2,finegray_dgm_cif_R,4,150,0.23052608173904793,0.23764919453333333,0.24,0.30666666666666664
S7_strong_death_competing_inst30,2,finegray_dgm_cif_R,5,150,0.26614524655292393,0.2747531054,0.20666666666666667,0.32
S7_strong_death_competing_inst30,2,finegray_dgm_cif_R,6,150,0.3048585869657052,0.31329586526666664,0.3333333333333333,0.36
S7_strong_death_competing_inst30,2,finegray_dgm_cif_R,7,150,0.3438204785060436,0.34111126859999996,0.3333333333333333,0.42
S7_strong_death_competing_inst30,2,finegray_dgm_cif_R,8,150,0.3941873446336019,0.38567233053333333,0.4066666666666667,0.35333333333333333
S7_strong_death_competing_inst30,2,finegray_dgm_cif_R,9,150,0.4658292885490667,0.4449923488666667,0.3933333333333333,0.3466666666666667
S7_strong_death_competing_inst30,2,finegray_dgm_cif_R,10,150,0.5948502891313239,0.5431250956666667,0.5666666666666667,0.31333333333333335
S7_strong_death_competing_inst30,2,finegray_all_safe_reduced_R,1,150,0.11635411640314172,0.12340483436,0.12666666666666668,0.20666666666666667
S7_strong_death_competing_inst30,2,finegray_all_safe_reduced_R,2,150,0.1681449142825627,0.17276744280666667,0.18666666666666668,0.28
S7_strong_death_competing_inst30,2,finegray_all_safe_reduced_R,3,150,0.20628511769115812,0.21896376412,0.19333333333333333,0.2733333333333333
S7_strong_death_competing_inst30,2,finegray_all_safe_reduced_R,4,150,0.23802333725046249,0.240749308,0.19333333333333333,0.32
S7_strong_death_competing_inst30,2,finegray_all_safe_reduced_R,5,150,0.2682399541221221,0.270508345,0.32,0.28
S7_strong_death_competing_inst30,2,finegray_all_safe_reduced_R,6,150,0.3019157414583006,0.3065760037333333,0.25333333333333335,0.37333333333333335
S7_strong_death_competing_inst30,2,finegray_all_safe_reduced_R,7,150,0.33670004672858833,0.34438426946666667,0.35333333333333333,0.3333333333333333
S7_strong_death_competing_inst30,2,finegray_all_safe_reduced_R,8,150,0.3831748972405971,0.38081401566666667,0.37333333333333335,0.35333333333333333
S7_strong_death_competing_inst30,2,finegray_all_safe_reduced_R,9,150,0.447139335700085,0.41921451493333334,0.4533333333333333,0.30666666666666664
S7_strong_death_competing_inst30,2,finegray_all_safe_reduced_R,10,150,0.5778371607939305,0.5435722104,0.5466666666666666,0.31333333333333335
S7_strong_death_competing_inst30,2,cs_rsf_dgm_cif,1,150,0.13315998663380813,0.12661740924666667,0.11333333333333333,0.16666666666666666
S7_strong_death_competing_inst30,2,cs_rsf_dgm_cif,2,150,0.1890635689543239,0.16567441823333331,0.17333333333333334,0.23333333333333334
S7_strong_death_competing_inst30,2,cs_rsf_dgm_cif,3,150,0.2260542824849917,0.20571125420666667,0.24666666666666667,0.24
S7_strong_death_competing_inst30,2,cs_rsf_dgm_cif,4,150,0.2625504972325961,0.24258188020000002,0.22,0.3466666666666667
S7_strong_death_competing_inst30,2,cs_rsf_dgm_cif,5,150,0.2978693848289105,0.2789422286666667,0.2866666666666667,0.3
S7_strong_death_competing_inst30,2,cs_rsf_dgm_cif,6,150,0.33274043725441727,0.30656371246666664,0.2866666666666667,0.3466666666666667
S7_strong_death_competing_inst30,2,cs_rsf_dgm_cif,7,150,0.36819009006853226,0.34514151926666664,0.3466666666666667,0.31333333333333335
S7_strong_death_competing_inst30,2,cs_rsf_dgm_cif,8,150,0.4054886269910559,0.38548934306666666,0.34,0.43333333333333335
S7_strong_death_competing_inst30,2,cs_rsf_dgm_cif,9,150,0.45342044617187893,0.4308219825333333,0.4266666666666667,0.38
S7_strong_death_competing_inst30,2,cs_rsf_dgm_cif,10,150,0.5384962335864238,0.5334109606,0.56,0.28
S7_strong_death_competing_inst30,2,cs_rsf_all_safe_cif,1,150,0.1545273222433012,0.13350864887333333,0.10666666666666667,0.22666666666666666
S7_strong_death_competing_inst30,2,cs_rsf_all_safe_cif,2,150,0.19910419792830075,0.17846239142666667,0.17333333333333334,0.2733333333333333
S7_strong_death_competing_inst30,2,cs_rsf_all_safe_cif,3,150,0.2382731297041701,0.21604314183999998,0.20666666666666667,0.3
S7_strong_death_competing_inst30,2,cs_rsf_all_safe_cif,4,150,0.27324053483544414,0.24429892006666667,0.3,0.26666666666666666
S7_strong_death_competing_inst30,2,cs_rsf_all_safe_cif,5,150,0.3058663458328233,0.2735178404133333,0.25333333333333335,0.26
S7_strong_death_competing_inst30,2,cs_rsf_all_safe_cif,6,150,0.3399066119320001,0.3043714564,0.3,0.38666666666666666
S7_strong_death_competing_inst30,2,cs_rsf_all_safe_cif,7,150,0.3778796445187371,0.34226605246666664,0.2866666666666667,0.37333333333333335
S7_strong_death_competing_inst30,2,cs_rsf_all_safe_cif,8,150,0.4140955208709882,0.3685549383333333,0.4066666666666667,0.3466666666666667
S7_strong_death_competing_inst30,2,cs_rsf_all_safe_cif,9,150,0.4636217234607092,0.4308387791333333,0.44,0.3
S7_strong_death_competing_inst30,2,cs_rsf_all_safe_cif,10,150,0.5641543182670495,0.5290925395333332,0.5266666666666666,0.30666666666666664
S7_strong_death_competing_inst30,2,cs_gbsa_dgm_cif,1,150,0.23463013949516773,0.1359590490733333,0.17333333333333334,0.19333333333333333
S7_strong_death_competing_inst30,2,cs_gbsa_dgm_cif,2,150,0.25080106453359924,0.18559346428,0.17333333333333334,0.30666666666666664
S7_strong_death_competing_inst30,2,cs_gbsa_dgm_cif,3,150,0.26571273256009004,0.21655997859999998,0.24666666666666667,0.22666666666666666
S7_strong_death_competing_inst30,2,cs_gbsa_dgm_cif,4,150,0.2804532192926796,0.2370868883333333,0.2733333333333333,0.30666666666666664
S7_strong_death_competing_inst30,2,cs_gbsa_dgm_cif,5,150,0.2952512430444761,0.2788980018,0.22666666666666666,0.3466666666666667
S7_strong_death_competing_inst30,2,cs_gbsa_dgm_cif,6,150,0.30961309575142093,0.3043122261333333,0.28,0.34
S7_strong_death_competing_inst30,2,cs_gbsa_dgm_cif,7,150,0.32163577964996987,0.346217301,0.3333333333333333,0.32666666666666666
S7_strong_death_competing_inst30,2,cs_gbsa_dgm_cif,8,150,0.3410137280467558,0.37688786399999996,0.38,0.36
S7_strong_death_competing_inst30,2,cs_gbsa_dgm_cif,9,150,0.3678767563971568,0.42180336953333336,0.38,0.3466666666666667
S7_strong_death_competing_inst30,2,cs_gbsa_dgm_cif,10,150,0.4233977324023247,0.5176365657333333,0.5333333333333333,0.2866666666666667
S7_strong_death_competing_inst30,2,cs_gbsa_all_safe_cif,1,151,0.23722432972849064,0.1392218005562914,0.16556291390728478,0.24503311258278146
S7_strong_death_competing_inst30,2,cs_gbsa_all_safe_cif,2,154,0.2488870846183881,0.17721933537012988,0.17532467532467533,0.2597402597402597
S7_strong_death_competing_inst30,2,cs_gbsa_all_safe_cif,3,145,0.2610531207149752,0.21824922187586207,0.22758620689655173,0.2413793103448276
S7_strong_death_competing_inst30,2,cs_gbsa_all_safe_cif,4,150,0.2774864333693412,0.24189887100000002,0.22666666666666666,0.31333333333333335
S7_strong_death_competing_inst30,2,cs_gbsa_all_safe_cif,5,150,0.29255790228718126,0.28268275833333334,0.29333333333333333,0.35333333333333333
S7_strong_death_competing_inst30,2,cs_gbsa_all_safe_cif,6,150,0.3091432841926435,0.3046750010666667,0.25333333333333335,0.3333333333333333
S7_strong_death_competing_inst30,2,cs_gbsa_all_safe_cif,7,150,0.3250603102158289,0.34100443866666663,0.36666666666666664,0.36
S7_strong_death_competing_inst30,2,cs_gbsa_all_safe_cif,8,150,0.34185822640084246,0.38159733053333333,0.35333333333333333,0.31333333333333335
S7_strong_death_competing_inst30,2,cs_gbsa_all_safe_cif,9,150,0.3632651362760182,0.4229218778,0.37333333333333335,0.37333333333333335
S7_strong_death_competing_inst30,2,cs_gbsa_all_safe_cif,10,150,0.4318574385168033,0.5131050530666666,0.5666666666666667,0.24666666666666667
