scenario_id,replicate_id,model,model_family,predictor_set,n_train,n_test,n_event1_train,n_event2_train,n_censored_train,n_event1_test,n_event2_test,n_censored_test,runtime_sec,failed,failure_reason,traceback_tail,skipped,skipped_reason,prediction_warning,n_model_input_features,selected_predictors,predicted_risk5_available,mean_predicted_risk5,mean_true_risk5,observed_event1_5y_rate,observed_event2_5y_rate,risk5_mae_vs_true_risk,risk5_rmse_vs_true_risk,risk5_spearman_with_true_risk,risk5_pearson_with_true_risk,brier_5y_naive,brier_5y_ipcw,integrated_brier_score_1to5,ipcw_metric_reason,auc_5y_observed_event1,calibration_intercept_5y,calibration_slope_5y,calibration_failure_reason,cause_specific_cindex_event1
S0_linear_PH_inst30,1,finegray_dgm_cif_R,Fine-Gray,dgm,3500,1500,1049,853,1598,450,365,685,9.333888291000001,False,,,False,,,36,age;sex_Female;MMSE;MTL_total_pct;Temporal_lateral_total_pct;Medial_parietal_total_pct;Posterior_total_pct;Ventricles_total_pct;wmh_icv_pct;wmh_log_icv;wmh_missing;pathology_ischaemic;pathology_ischaemic__missing;pathology_ischaemic__present;pathology_ischaemic__log1p;pathology_neurodegenerative_dementia;pathology_neurodegenerative_dementia__missing;pathology_neurodegenerative_dementia__present;pathology_neurodegenerative_dementia__log1p;falls;hypertension;Cerebrovascular_accident;Epilepsy;Diabetes_mellitus;Chronic_kidney_disease;Parkinsons_disease;Transient_ischemic_attack;Chronic_obstructive_lung_disease;Arthritis;Heart_failure;Ischemic_heart_disease;Atrial_fibrillation;Chronic_liver_disease;Coronary_arteriosclerosis;IMD_Score_2019_synthetic;IMD_Decile_2019_synthetic,True,0.30165361106836874,0.3011725716913334,0.3,0.24333333333333335,0.03939753112964581,0.05735528114298585,0.9413762690561197,0.9239311769036096,0.19183570177749712,0.19451418192593478,,integrated_brier_not_available_from_single_horizon_prediction,0.6821079365079364,-0.0735508629231482,0.9146930773422042,,0.687826433039769
S0_linear_PH_inst30,1,finegray_all_safe_reduced_R,Fine-Gray,all_safe_reduced,3500,1500,1049,853,1598,450,365,685,5.421732458999998,False,,,False,,,30,Left_LateralVentricle_pct;Left_InfLatVentricle_pct;Right_InfLatVentricle_pct;Right_Entorhinal_pct;Left_Hippocampus_pct;Left_Entorhinal_pct;Ventricles_total_pct;MMSE;Left_Parahippocampal_pct;Right_LateralVentricle_pct;Right_Hippocampus_pct;Right_Parahippocampal_pct;Right_Temporal_Region03_pct;Left_Temporal_Region01_pct;Right_Temporal_Region01_pct;Left_Fusiform_pct;MTL_total_pct;Right_MTG_pct;Right_STG_pct;Left_TemporalPole_pct;Left_STG_pct;Right_Temporal_Region05_pct;Right_Temporal_Region02_pct;Left_MTG_pct;Right_ITG_pct;Right_TemporalPole_pct;Left_Temporal_Region02_pct;Left_ITG_pct;Right_Fusiform_pct;Left_Temporal_Region03_pct,True,0.30032120950178126,0.3011725716913334,0.3,0.24333333333333335,0.05407024355472468,0.07202291743454842,0.8735884060392916,0.8745179360405615,0.19419425443827518,0.2023766543586979,,integrated_brier_not_available_from_single_horizon_prediction,0.668878306878307,-0.1077082759634133,0.8644164044927104,,0.6628057678766417
S0_linear_PH_inst30,1,cs_rsf_dgm_cif,Random Survival Forest,dgm,3500,1500,1049,853,1598,450,365,685,2.2309084590000055,False,,,False,,,36,age;sex_Female;MMSE;MTL_total_pct;Temporal_lateral_total_pct;Medial_parietal_total_pct;Posterior_total_pct;Ventricles_total_pct;wmh_icv_pct;wmh_log_icv;wmh_missing;pathology_ischaemic;pathology_ischaemic__missing;pathology_ischaemic__present;pathology_ischaemic__log1p;pathology_neurodegenerative_dementia;pathology_neurodegenerative_dementia__missing;pathology_neurodegenerative_dementia__present;pathology_neurodegenerative_dementia__log1p;falls;hypertension;Cerebrovascular_accident;Epilepsy;Diabetes_mellitus;Chronic_kidney_disease;Parkinsons_disease;Transient_ischemic_attack;Chronic_obstructive_lung_disease;Arthritis;Heart_failure;Ischemic_heart_disease;Atrial_fibrillation;Chronic_liver_disease;Coronary_arteriosclerosis;IMD_Score_2019_synthetic;IMD_Decile_2019_synthetic,True,0.3192810667162067,0.3011725716913334,0.3,0.24333333333333335,0.05181176194392272,0.06726856746770685,0.9043637086060928,0.8898128543341508,0.19467913969778836,0.20062604314786703,,integrated_brier_not_available_from_single_horizon_prediction,0.6713502645502647,-0.10918183508275928,0.9831521245760657,,0.6849343307038401
S0_linear_PH_inst30,1,cs_rsf_all_safe_cif,Random Survival Forest,all_safe,3500,1500,1049,853,1598,450,365,685,8.462033042000002,False,,,False,,,160,age;sex_Female;MMSE;IMD_Score_2019_synthetic;IMD_Decile_2019_synthetic;diagnosis_reference_NOT_PREDICTOR;wmh_icv_pct;wmh_log_icv;MTL_total_pct;Temporal_lateral_total_pct;Medial_parietal_total_pct;Posterior_total_pct;Ventricles_total_pct;LI_PCgG;LI_PCu;LI_MTG;LI_ITG;LI_STG;Right_Hippocampus_pct;Left_Hippocampus_pct;Right_Entorhinal_pct;Left_Entorhinal_pct;Right_Parahippocampal_pct;Left_Parahippocampal_pct;Right_MTG_pct;Left_MTG_pct;Right_ITG_pct;Left_ITG_pct;Right_STG_pct;Left_STG_pct;Right_Fusiform_pct;Left_Fusiform_pct;Right_TemporalPole_pct;Left_TemporalPole_pct;Right_PosteriorCingulate_pct;Left_PosteriorCingulate_pct;Right_Precuneus_pct;Left_Precuneus_pct;Right_SPL_pct;Left_SPL_pct;Right_SOG_pct;Left_SOG_pct;Right_MOG_pct;Left_MOG_pct;Right_IOG_pct;Left_IOG_pct;Right_LateralVentricle_pct;Left_LateralVentricle_pct;Right_InfLatVentricle_pct;Left_InfLatVentricle_pct;Right_Frontal_Region01_pct;Right_Frontal_Region02_pct;Right_Frontal_Region03_pct;Right_Frontal_Region04_pct;Right_Frontal_Region05_pct;Right_Frontal_Region06_pct;Right_Parietal_Region01_pct;Right_Parietal_Region02_pct;Right_Parietal_Region03_pct;Right_Parietal_Region04_pct;Right_Parietal_Region05_pct;Right_Parietal_Region06_pct;Right_Temporal_Region01_pct;Right_Temporal_Region02_pct;Right_Temporal_Region03_pct;Right_Temporal_Region04_pct;Right_Temporal_Region05_pct;Right_Temporal_Region06_pct;Right_Occipital_Region01_pct;Right_Occipital_Region02_pct;Right_Occipital_Region03_pct;Right_Occipital_Region04_pct;Right_Occipital_Region05_pct;Right_Occipital_Region06_pct;Right_Insula_Region01_pct;Right_Insula_Region02_pct;Right_Insula_Region03_pct;Right_Insula_Region04_pct;Right_Insula_Region05_pct;Right_Insula_Region06_pct;Right_Cingulate_Region01_pct;Right_Cingulate_Region02_pct;Right_Cingulate_Region03_pct;Right_Cingulate_Region04_pct;Right_Cingulate_Region05_pct;Right_Cingulate_Region06_pct;Right_DeepNuclei_Region01_pct;Right_DeepNuclei_Region02_pct;Right_DeepNuclei_Region03_pct;Right_DeepNuclei_Region04_pct;Right_DeepNuclei_Region05_pct;Right_DeepNuclei_Region06_pct;Left_Frontal_Region01_pct;Left_Frontal_Region02_pct;Left_Frontal_Region03_pct;Left_Frontal_Region04_pct;Left_Frontal_Region05_pct;Left_Frontal_Region06_pct;Left_Parietal_Region01_pct;Left_Parietal_Region02_pct;Left_Parietal_Region03_pct;Left_Parietal_Region04_pct;Left_Parietal_Region05_pct;Left_Parietal_Region06_pct;Left_Temporal_Region01_pct;Left_Temporal_Region02_pct;Left_Temporal_Region03_pct;Left_Temporal_Region04_pct;Left_Temporal_Region05_pct;Left_Temporal_Region06_pct;Left_Occipital_Region01_pct;Left_Occipital_Region02_pct;Left_Occipital_Region03_pct;Left_Occipital_Region04_pct;Left_Occipital_Region05_pct;Left_Occipital_Region06_pct;Left_Insula_Region01_pct;Left_Insula_Region02_pct;Left_Insula_Region03_pct;Left_Insula_Region04_pct;Left_Insula_Region05_pct;Left_Insula_Region06_pct;Left_Cingulate_Region01_pct;Left_Cingulate_Region02_pct;Left_Cingulate_Region03_pct;Left_Cingulate_Region04_pct;Left_Cingulate_Region05_pct;Left_Cingulate_Region06_pct;Left_DeepNuclei_Region01_pct;Left_DeepNuclei_Region02_pct;Left_DeepNuclei_Region03_pct;Left_DeepNuclei_Region04_pct;Left_DeepNuclei_Region05_pct;Left_DeepNuclei_Region06_pct;falls;hypertension;Cerebrovascular_accident;Epilepsy;Diabetes_mellitus;Chronic_kidney_disease;Parkinsons_disease;Transient_ischemic_attack;Chronic_obstructive_lung_disease;Arthritis;Heart_failure;Ischemic_heart_disease;Atrial_fibrillation;Chronic_liver_disease;Coronary_arteriosclerosis;pathology_ischaemic;pathology_neurodegenerative_dementia;wmh_missing;pathology_ischaemic__missing;pathology_ischaemic__present;pathology_ischaemic__log1p;pathology_neurodegenerative_dementia__missing;pathology_neurodegenerative_dementia__present;pathology_neurodegenerative_dementia__log1p,True,0.3306528121067423,0.3011725716913334,0.3,0.24333333333333335,0.06403091951266576,0.08236059935923651,0.8461191316085029,0.84502780151739,0.1985875445332215,0.20561183038499925,,integrated_brier_not_available_from_single_horizon_prediction,0.6519111111111111,-0.22766809114818964,0.8828793679578115,,0.6616321907113919
S0_linear_PH_inst30,1,cs_gbsa_dgm_cif,Gradient Boosting Survival,dgm,3500,1500,1049,853,1598,450,365,685,10.381030291000002,False,,,False,,,36,age;sex_Female;MMSE;MTL_total_pct;Temporal_lateral_total_pct;Medial_parietal_total_pct;Posterior_total_pct;Ventricles_total_pct;wmh_icv_pct;wmh_log_icv;wmh_missing;pathology_ischaemic;pathology_ischaemic__missing;pathology_ischaemic__present;pathology_ischaemic__log1p;pathology_neurodegenerative_dementia;pathology_neurodegenerative_dementia__missing;pathology_neurodegenerative_dementia__present;pathology_neurodegenerative_dementia__log1p;falls;hypertension;Cerebrovascular_accident;Epilepsy;Diabetes_mellitus;Chronic_kidney_disease;Parkinsons_disease;Transient_ischemic_attack;Chronic_obstructive_lung_disease;Arthritis;Heart_failure;Ischemic_heart_disease;Atrial_fibrillation;Chronic_liver_disease;Coronary_arteriosclerosis;IMD_Score_2019_synthetic;IMD_Decile_2019_synthetic,True,0.307296783059333,0.3011725716913334,0.3,0.24333333333333335,0.07755080685593595,0.09793683239866133,0.8254161458247942,0.8150760581213973,0.1997181823944424,0.2148198231894548,,integrated_brier_not_available_from_single_horizon_prediction,0.656525925925926,0.6980084694207371,1.9353930185931898,,0.667014317641416
S0_linear_PH_inst30,1,cs_gbsa_all_safe_cif,Gradient Boosting Survival,all_safe,3500,1500,1049,853,1598,450,365,685,17.33068470900001,False,,,False,,,160,age;sex_Female;MMSE;IMD_Score_2019_synthetic;IMD_Decile_2019_synthetic;diagnosis_reference_NOT_PREDICTOR;wmh_icv_pct;wmh_log_icv;MTL_total_pct;Temporal_lateral_total_pct;Medial_parietal_total_pct;Posterior_total_pct;Ventricles_total_pct;LI_PCgG;LI_PCu;LI_MTG;LI_ITG;LI_STG;Right_Hippocampus_pct;Left_Hippocampus_pct;Right_Entorhinal_pct;Left_Entorhinal_pct;Right_Parahippocampal_pct;Left_Parahippocampal_pct;Right_MTG_pct;Left_MTG_pct;Right_ITG_pct;Left_ITG_pct;Right_STG_pct;Left_STG_pct;Right_Fusiform_pct;Left_Fusiform_pct;Right_TemporalPole_pct;Left_TemporalPole_pct;Right_PosteriorCingulate_pct;Left_PosteriorCingulate_pct;Right_Precuneus_pct;Left_Precuneus_pct;Right_SPL_pct;Left_SPL_pct;Right_SOG_pct;Left_SOG_pct;Right_MOG_pct;Left_MOG_pct;Right_IOG_pct;Left_IOG_pct;Right_LateralVentricle_pct;Left_LateralVentricle_pct;Right_InfLatVentricle_pct;Left_InfLatVentricle_pct;Right_Frontal_Region01_pct;Right_Frontal_Region02_pct;Right_Frontal_Region03_pct;Right_Frontal_Region04_pct;Right_Frontal_Region05_pct;Right_Frontal_Region06_pct;Right_Parietal_Region01_pct;Right_Parietal_Region02_pct;Right_Parietal_Region03_pct;Right_Parietal_Region04_pct;Right_Parietal_Region05_pct;Right_Parietal_Region06_pct;Right_Temporal_Region01_pct;Right_Temporal_Region02_pct;Right_Temporal_Region03_pct;Right_Temporal_Region04_pct;Right_Temporal_Region05_pct;Right_Temporal_Region06_pct;Right_Occipital_Region01_pct;Right_Occipital_Region02_pct;Right_Occipital_Region03_pct;Right_Occipital_Region04_pct;Right_Occipital_Region05_pct;Right_Occipital_Region06_pct;Right_Insula_Region01_pct;Right_Insula_Region02_pct;Right_Insula_Region03_pct;Right_Insula_Region04_pct;Right_Insula_Region05_pct;Right_Insula_Region06_pct;Right_Cingulate_Region01_pct;Right_Cingulate_Region02_pct;Right_Cingulate_Region03_pct;Right_Cingulate_Region04_pct;Right_Cingulate_Region05_pct;Right_Cingulate_Region06_pct;Right_DeepNuclei_Region01_pct;Right_DeepNuclei_Region02_pct;Right_DeepNuclei_Region03_pct;Right_DeepNuclei_Region04_pct;Right_DeepNuclei_Region05_pct;Right_DeepNuclei_Region06_pct;Left_Frontal_Region01_pct;Left_Frontal_Region02_pct;Left_Frontal_Region03_pct;Left_Frontal_Region04_pct;Left_Frontal_Region05_pct;Left_Frontal_Region06_pct;Left_Parietal_Region01_pct;Left_Parietal_Region02_pct;Left_Parietal_Region03_pct;Left_Parietal_Region04_pct;Left_Parietal_Region05_pct;Left_Parietal_Region06_pct;Left_Temporal_Region01_pct;Left_Temporal_Region02_pct;Left_Temporal_Region03_pct;Left_Temporal_Region04_pct;Left_Temporal_Region05_pct;Left_Temporal_Region06_pct;Left_Occipital_Region01_pct;Left_Occipital_Region02_pct;Left_Occipital_Region03_pct;Left_Occipital_Region04_pct;Left_Occipital_Region05_pct;Left_Occipital_Region06_pct;Left_Insula_Region01_pct;Left_Insula_Region02_pct;Left_Insula_Region03_pct;Left_Insula_Region04_pct;Left_Insula_Region05_pct;Left_Insula_Region06_pct;Left_Cingulate_Region01_pct;Left_Cingulate_Region02_pct;Left_Cingulate_Region03_pct;Left_Cingulate_Region04_pct;Left_Cingulate_Region05_pct;Left_Cingulate_Region06_pct;Left_DeepNuclei_Region01_pct;Left_DeepNuclei_Region02_pct;Left_DeepNuclei_Region03_pct;Left_DeepNuclei_Region04_pct;Left_DeepNuclei_Region05_pct;Left_DeepNuclei_Region06_pct;falls;hypertension;Cerebrovascular_accident;Epilepsy;Diabetes_mellitus;Chronic_kidney_disease;Parkinsons_disease;Transient_ischemic_attack;Chronic_obstructive_lung_disease;Arthritis;Heart_failure;Ischemic_heart_disease;Atrial_fibrillation;Chronic_liver_disease;Coronary_arteriosclerosis;pathology_ischaemic;pathology_neurodegenerative_dementia;wmh_missing;pathology_ischaemic__missing;pathology_ischaemic__present;pathology_ischaemic__log1p;pathology_neurodegenerative_dementia__missing;pathology_neurodegenerative_dementia__present;pathology_neurodegenerative_dementia__log1p,True,0.3084613069468381,0.3011725716913334,0.3,0.24333333333333335,0.07693060302394227,0.09529543413220841,0.8108871150909035,0.8157085510311313,0.19990972036665927,0.21479825185367402,,integrated_brier_not_available_from_single_horizon_prediction,0.6452560846560846,0.4967376408288099,1.6894681877643731,,0.6565837678970518
S0_linear_PH_inst30,1,deepsurv_dgm_cause_specific_optional,DeepSurv optional,dgm,3500,1500,1049,853,1598,450,365,685,0.0016132500000054506,False,,,True,"missing_optional_deep_dependencies:torchtuples,pycox",,,,False,,0.3011725716913334,0.3,0.24333333333333335,,,,,,,,,,,,,
S0_linear_PH_inst30,1,deepsurv_all_safe_cause_specific_optional,DeepSurv optional,all_safe,3500,1500,1049,853,1598,450,365,685,0.001184375000008231,False,,,True,"missing_optional_deep_dependencies:torchtuples,pycox",,,,False,,0.3011725716913334,0.3,0.24333333333333335,,,,,,,,,,,,,
S0_linear_PH_inst30,1,deephit_competing_risk_dgm_optional,DeepHit optional,dgm,3500,1500,1049,853,1598,450,365,685,0.0011644999999873562,False,,,True,"missing_optional_deephit_dependencies:torchtuples,pycox",,,,False,,0.3011725716913334,0.3,0.24333333333333335,,,,,,,,,,,,,
S0_linear_PH_inst30,1,deephit_competing_risk_all_safe_reduced_optional,DeepHit optional,all_safe_reduced,3500,1500,1049,853,1598,450,365,685,0.001132124999998041,False,,,True,"missing_optional_deephit_dependencies:torchtuples,pycox",,,,False,,0.3011725716913334,0.3,0.24333333333333335,,,,,,,,,,,,,
S0_linear_PH_inst30,2,finegray_dgm_cif_R,Fine-Gray,dgm,3500,1500,1049,856,1595,450,367,683,7.980451790999993,False,,,False,,,36,age;sex_Female;MMSE;MTL_total_pct;Temporal_lateral_total_pct;Medial_parietal_total_pct;Posterior_total_pct;Ventricles_total_pct;wmh_icv_pct;wmh_log_icv;wmh_missing;pathology_ischaemic;pathology_ischaemic__missing;pathology_ischaemic__present;pathology_ischaemic__log1p;pathology_neurodegenerative_dementia;pathology_neurodegenerative_dementia__missing;pathology_neurodegenerative_dementia__present;pathology_neurodegenerative_dementia__log1p;falls;hypertension;Cerebrovascular_accident;Epilepsy;Diabetes_mellitus;Chronic_kidney_disease;Parkinsons_disease;Transient_ischemic_attack;Chronic_obstructive_lung_disease;Arthritis;Heart_failure;Ischemic_heart_disease;Atrial_fibrillation;Chronic_liver_disease;Coronary_arteriosclerosis;IMD_Score_2019_synthetic;IMD_Decile_2019_synthetic,True,0.30675999542130244,0.31270405975933335,0.3,0.24466666666666667,0.04316287897883864,0.059514101035443245,0.940042871130165,0.9237038405025443,0.1859068844574032,0.18886091353779447,,integrated_brier_not_available_from_single_horizon_prediction,0.7118010582010582,-0.019641927133940678,1.0223178991835031,,0.7179999387861289
S0_linear_PH_inst30,2,finegray_all_safe_reduced_R,Fine-Gray,all_safe_reduced,3500,1500,1049,856,1595,450,367,683,5.516610667000009,False,,,False,,,30,Right_Entorhinal_pct;Left_Entorhinal_pct;Right_Parahippocampal_pct;Left_Parahippocampal_pct;Left_Hippocampus_pct;MMSE;Left_Temporal_Region06_pct;Right_Hippocampus_pct;Left_Temporal_Region01_pct;Left_MTG_pct;Right_Temporal_Region01_pct;Right_Temporal_Region04_pct;Right_Fusiform_pct;Right_Temporal_Region02_pct;Left_InfLatVentricle_pct;Right_SOG_pct;Right_ITG_pct;Left_Precuneus_pct;Left_Temporal_Region04_pct;Left_STG_pct;Right_Temporal_Region03_pct;Left_Temporal_Region05_pct;Left_Temporal_Region02_pct;Right_Temporal_Region06_pct;Left_ITG_pct;Right_LateralVentricle_pct;Right_MTG_pct;Left_Fusiform_pct;Right_Temporal_Region05_pct;Left_Temporal_Region03_pct,True,0.30316214655079216,0.31270405975933335,0.3,0.24466666666666667,0.054638615614328395,0.07038530530046033,0.8761909067515141,0.8838706372950251,0.1891893120332068,0.19886819027299923,,integrated_brier_not_available_from_single_horizon_prediction,0.6985968253968253,0.0295799487312095,1.0600134017297878,,0.6982401012069335
S0_linear_PH_inst30,2,cs_rsf_dgm_cif,Random Survival Forest,dgm,3500,1500,1049,856,1595,450,367,683,2.107172042000002,False,,,False,,,36,age;sex_Female;MMSE;MTL_total_pct;Temporal_lateral_total_pct;Medial_parietal_total_pct;Posterior_total_pct;Ventricles_total_pct;wmh_icv_pct;wmh_log_icv;wmh_missing;pathology_ischaemic;pathology_ischaemic__missing;pathology_ischaemic__present;pathology_ischaemic__log1p;pathology_neurodegenerative_dementia;pathology_neurodegenerative_dementia__missing;pathology_neurodegenerative_dementia__present;pathology_neurodegenerative_dementia__log1p;falls;hypertension;Cerebrovascular_accident;Epilepsy;Diabetes_mellitus;Chronic_kidney_disease;Parkinsons_disease;Transient_ischemic_attack;Chronic_obstructive_lung_disease;Arthritis;Heart_failure;Ischemic_heart_disease;Atrial_fibrillation;Chronic_liver_disease;Coronary_arteriosclerosis;IMD_Score_2019_synthetic;IMD_Decile_2019_synthetic,True,0.31865705690854124,0.31270405975933335,0.3,0.24466666666666667,0.048858323811354167,0.06367661405248559,0.9142471334431704,0.9086941179185973,0.1901659990632053,0.1958133189258912,,integrated_brier_not_available_from_single_horizon_prediction,0.6969142857142856,0.06722597772515498,1.2394962942673962,,0.7159696787292
S0_linear_PH_inst30,2,cs_rsf_all_safe_cif,Random Survival Forest,all_safe,3500,1500,1049,856,1595,450,367,683,8.808596291000015,False,,,False,,,160,age;sex_Female;MMSE;IMD_Score_2019_synthetic;IMD_Decile_2019_synthetic;diagnosis_reference_NOT_PREDICTOR;wmh_icv_pct;wmh_log_icv;MTL_total_pct;Temporal_lateral_total_pct;Medial_parietal_total_pct;Posterior_total_pct;Ventricles_total_pct;LI_PCgG;LI_PCu;LI_MTG;LI_ITG;LI_STG;Right_Hippocampus_pct;Left_Hippocampus_pct;Right_Entorhinal_pct;Left_Entorhinal_pct;Right_Parahippocampal_pct;Left_Parahippocampal_pct;Right_MTG_pct;Left_MTG_pct;Right_ITG_pct;Left_ITG_pct;Right_STG_pct;Left_STG_pct;Right_Fusiform_pct;Left_Fusiform_pct;Right_TemporalPole_pct;Left_TemporalPole_pct;Right_PosteriorCingulate_pct;Left_PosteriorCingulate_pct;Right_Precuneus_pct;Left_Precuneus_pct;Right_SPL_pct;Left_SPL_pct;Right_SOG_pct;Left_SOG_pct;Right_MOG_pct;Left_MOG_pct;Right_IOG_pct;Left_IOG_pct;Right_LateralVentricle_pct;Left_LateralVentricle_pct;Right_InfLatVentricle_pct;Left_InfLatVentricle_pct;Right_Frontal_Region01_pct;Right_Frontal_Region02_pct;Right_Frontal_Region03_pct;Right_Frontal_Region04_pct;Right_Frontal_Region05_pct;Right_Frontal_Region06_pct;Right_Parietal_Region01_pct;Right_Parietal_Region02_pct;Right_Parietal_Region03_pct;Right_Parietal_Region04_pct;Right_Parietal_Region05_pct;Right_Parietal_Region06_pct;Right_Temporal_Region01_pct;Right_Temporal_Region02_pct;Right_Temporal_Region03_pct;Right_Temporal_Region04_pct;Right_Temporal_Region05_pct;Right_Temporal_Region06_pct;Right_Occipital_Region01_pct;Right_Occipital_Region02_pct;Right_Occipital_Region03_pct;Right_Occipital_Region04_pct;Right_Occipital_Region05_pct;Right_Occipital_Region06_pct;Right_Insula_Region01_pct;Right_Insula_Region02_pct;Right_Insula_Region03_pct;Right_Insula_Region04_pct;Right_Insula_Region05_pct;Right_Insula_Region06_pct;Right_Cingulate_Region01_pct;Right_Cingulate_Region02_pct;Right_Cingulate_Region03_pct;Right_Cingulate_Region04_pct;Right_Cingulate_Region05_pct;Right_Cingulate_Region06_pct;Right_DeepNuclei_Region01_pct;Right_DeepNuclei_Region02_pct;Right_DeepNuclei_Region03_pct;Right_DeepNuclei_Region04_pct;Right_DeepNuclei_Region05_pct;Right_DeepNuclei_Region06_pct;Left_Frontal_Region01_pct;Left_Frontal_Region02_pct;Left_Frontal_Region03_pct;Left_Frontal_Region04_pct;Left_Frontal_Region05_pct;Left_Frontal_Region06_pct;Left_Parietal_Region01_pct;Left_Parietal_Region02_pct;Left_Parietal_Region03_pct;Left_Parietal_Region04_pct;Left_Parietal_Region05_pct;Left_Parietal_Region06_pct;Left_Temporal_Region01_pct;Left_Temporal_Region02_pct;Left_Temporal_Region03_pct;Left_Temporal_Region04_pct;Left_Temporal_Region05_pct;Left_Temporal_Region06_pct;Left_Occipital_Region01_pct;Left_Occipital_Region02_pct;Left_Occipital_Region03_pct;Left_Occipital_Region04_pct;Left_Occipital_Region05_pct;Left_Occipital_Region06_pct;Left_Insula_Region01_pct;Left_Insula_Region02_pct;Left_Insula_Region03_pct;Left_Insula_Region04_pct;Left_Insula_Region05_pct;Left_Insula_Region06_pct;Left_Cingulate_Region01_pct;Left_Cingulate_Region02_pct;Left_Cingulate_Region03_pct;Left_Cingulate_Region04_pct;Left_Cingulate_Region05_pct;Left_Cingulate_Region06_pct;Left_DeepNuclei_Region01_pct;Left_DeepNuclei_Region02_pct;Left_DeepNuclei_Region03_pct;Left_DeepNuclei_Region04_pct;Left_DeepNuclei_Region05_pct;Left_DeepNuclei_Region06_pct;falls;hypertension;Cerebrovascular_accident;Epilepsy;Diabetes_mellitus;Chronic_kidney_disease;Parkinsons_disease;Transient_ischemic_attack;Chronic_obstructive_lung_disease;Arthritis;Heart_failure;Ischemic_heart_disease;Atrial_fibrillation;Chronic_liver_disease;Coronary_arteriosclerosis;pathology_ischaemic;pathology_neurodegenerative_dementia;wmh_missing;pathology_ischaemic__missing;pathology_ischaemic__present;pathology_ischaemic__log1p;pathology_neurodegenerative_dementia__missing;pathology_neurodegenerative_dementia__present;pathology_neurodegenerative_dementia__log1p,True,0.3340864500123194,0.31270405975933335,0.3,0.24466666666666667,0.06428715657784134,0.08225276886553468,0.8359188141861397,0.845877419966618,0.1911176674313751,0.19777606851023255,,integrated_brier_not_available_from_single_horizon_prediction,0.6858010582010582,-0.07635711858841844,1.1560374106314477,,0.7034718467204668
S0_linear_PH_inst30,2,cs_gbsa_dgm_cif,Gradient Boosting Survival,dgm,3500,1500,1049,856,1595,450,367,683,10.30421370900001,False,,,False,,,36,age;sex_Female;MMSE;MTL_total_pct;Temporal_lateral_total_pct;Medial_parietal_total_pct;Posterior_total_pct;Ventricles_total_pct;wmh_icv_pct;wmh_log_icv;wmh_missing;pathology_ischaemic;pathology_ischaemic__missing;pathology_ischaemic__present;pathology_ischaemic__log1p;pathology_neurodegenerative_dementia;pathology_neurodegenerative_dementia__missing;pathology_neurodegenerative_dementia__present;pathology_neurodegenerative_dementia__log1p;falls;hypertension;Cerebrovascular_accident;Epilepsy;Diabetes_mellitus;Chronic_kidney_disease;Parkinsons_disease;Transient_ischemic_attack;Chronic_obstructive_lung_disease;Arthritis;Heart_failure;Ischemic_heart_disease;Atrial_fibrillation;Chronic_liver_disease;Coronary_arteriosclerosis;IMD_Score_2019_synthetic;IMD_Decile_2019_synthetic,True,0.3060814552007767,0.31270405975933335,0.3,0.24466666666666667,0.08677207683962355,0.1086628639856643,0.8409518731272871,0.8367174186592824,0.19849813782061324,0.21415244372199316,,integrated_brier_not_available_from_single_horizon_prediction,0.6877343915343915,1.3528737600661542,2.751020678929415,,0.7006519277268229
S0_linear_PH_inst30,2,cs_gbsa_all_safe_cif,Gradient Boosting Survival,all_safe,3500,1500,1049,856,1595,450,367,683,17.372116417,False,,,False,,,160,age;sex_Female;MMSE;IMD_Score_2019_synthetic;IMD_Decile_2019_synthetic;diagnosis_reference_NOT_PREDICTOR;wmh_icv_pct;wmh_log_icv;MTL_total_pct;Temporal_lateral_total_pct;Medial_parietal_total_pct;Posterior_total_pct;Ventricles_total_pct;LI_PCgG;LI_PCu;LI_MTG;LI_ITG;LI_STG;Right_Hippocampus_pct;Left_Hippocampus_pct;Right_Entorhinal_pct;Left_Entorhinal_pct;Right_Parahippocampal_pct;Left_Parahippocampal_pct;Right_MTG_pct;Left_MTG_pct;Right_ITG_pct;Left_ITG_pct;Right_STG_pct;Left_STG_pct;Right_Fusiform_pct;Left_Fusiform_pct;Right_TemporalPole_pct;Left_TemporalPole_pct;Right_PosteriorCingulate_pct;Left_PosteriorCingulate_pct;Right_Precuneus_pct;Left_Precuneus_pct;Right_SPL_pct;Left_SPL_pct;Right_SOG_pct;Left_SOG_pct;Right_MOG_pct;Left_MOG_pct;Right_IOG_pct;Left_IOG_pct;Right_LateralVentricle_pct;Left_LateralVentricle_pct;Right_InfLatVentricle_pct;Left_InfLatVentricle_pct;Right_Frontal_Region01_pct;Right_Frontal_Region02_pct;Right_Frontal_Region03_pct;Right_Frontal_Region04_pct;Right_Frontal_Region05_pct;Right_Frontal_Region06_pct;Right_Parietal_Region01_pct;Right_Parietal_Region02_pct;Right_Parietal_Region03_pct;Right_Parietal_Region04_pct;Right_Parietal_Region05_pct;Right_Parietal_Region06_pct;Right_Temporal_Region01_pct;Right_Temporal_Region02_pct;Right_Temporal_Region03_pct;Right_Temporal_Region04_pct;Right_Temporal_Region05_pct;Right_Temporal_Region06_pct;Right_Occipital_Region01_pct;Right_Occipital_Region02_pct;Right_Occipital_Region03_pct;Right_Occipital_Region04_pct;Right_Occipital_Region05_pct;Right_Occipital_Region06_pct;Right_Insula_Region01_pct;Right_Insula_Region02_pct;Right_Insula_Region03_pct;Right_Insula_Region04_pct;Right_Insula_Region05_pct;Right_Insula_Region06_pct;Right_Cingulate_Region01_pct;Right_Cingulate_Region02_pct;Right_Cingulate_Region03_pct;Right_Cingulate_Region04_pct;Right_Cingulate_Region05_pct;Right_Cingulate_Region06_pct;Right_DeepNuclei_Region01_pct;Right_DeepNuclei_Region02_pct;Right_DeepNuclei_Region03_pct;Right_DeepNuclei_Region04_pct;Right_DeepNuclei_Region05_pct;Right_DeepNuclei_Region06_pct;Left_Frontal_Region01_pct;Left_Frontal_Region02_pct;Left_Frontal_Region03_pct;Left_Frontal_Region04_pct;Left_Frontal_Region05_pct;Left_Frontal_Region06_pct;Left_Parietal_Region01_pct;Left_Parietal_Region02_pct;Left_Parietal_Region03_pct;Left_Parietal_Region04_pct;Left_Parietal_Region05_pct;Left_Parietal_Region06_pct;Left_Temporal_Region01_pct;Left_Temporal_Region02_pct;Left_Temporal_Region03_pct;Left_Temporal_Region04_pct;Left_Temporal_Region05_pct;Left_Temporal_Region06_pct;Left_Occipital_Region01_pct;Left_Occipital_Region02_pct;Left_Occipital_Region03_pct;Left_Occipital_Region04_pct;Left_Occipital_Region05_pct;Left_Occipital_Region06_pct;Left_Insula_Region01_pct;Left_Insula_Region02_pct;Left_Insula_Region03_pct;Left_Insula_Region04_pct;Left_Insula_Region05_pct;Left_Insula_Region06_pct;Left_Cingulate_Region01_pct;Left_Cingulate_Region02_pct;Left_Cingulate_Region03_pct;Left_Cingulate_Region04_pct;Left_Cingulate_Region05_pct;Left_Cingulate_Region06_pct;Left_DeepNuclei_Region01_pct;Left_DeepNuclei_Region02_pct;Left_DeepNuclei_Region03_pct;Left_DeepNuclei_Region04_pct;Left_DeepNuclei_Region05_pct;Left_DeepNuclei_Region06_pct;falls;hypertension;Cerebrovascular_accident;Epilepsy;Diabetes_mellitus;Chronic_kidney_disease;Parkinsons_disease;Transient_ischemic_attack;Chronic_obstructive_lung_disease;Arthritis;Heart_failure;Ischemic_heart_disease;Atrial_fibrillation;Chronic_liver_disease;Coronary_arteriosclerosis;pathology_ischaemic;pathology_neurodegenerative_dementia;wmh_missing;pathology_ischaemic__missing;pathology_ischaemic__present;pathology_ischaemic__log1p;pathology_neurodegenerative_dementia__missing;pathology_neurodegenerative_dementia__present;pathology_neurodegenerative_dementia__log1p,True,0.30858848205050976,0.31270405975933335,0.3,0.24466666666666667,0.08369404323567098,0.10380227151783783,0.81738260433701,0.8304231883229644,0.1977593865998413,0.21298835337834976,,integrated_brier_not_available_from_single_horizon_prediction,0.6739957671957671,0.9236353282681018,2.238504829434767,,0.6907363008457716
S0_linear_PH_inst30,2,deepsurv_dgm_cause_specific_optional,DeepSurv optional,dgm,3500,1500,1049,856,1595,450,367,683,0.002161083999993707,False,,,True,"missing_optional_deep_dependencies:torchtuples,pycox",,,,False,,0.31270405975933335,0.3,0.24466666666666667,,,,,,,,,,,,,
S0_linear_PH_inst30,2,deepsurv_all_safe_cause_specific_optional,DeepSurv optional,all_safe,3500,1500,1049,856,1595,450,367,683,0.0012760829999933776,False,,,True,"missing_optional_deep_dependencies:torchtuples,pycox",,,,False,,0.31270405975933335,0.3,0.24466666666666667,,,,,,,,,,,,,
S0_linear_PH_inst30,2,deephit_competing_risk_dgm_optional,DeepHit optional,dgm,3500,1500,1049,856,1595,450,367,683,0.0011536670000111826,False,,,True,"missing_optional_deephit_dependencies:torchtuples,pycox",,,,False,,0.31270405975933335,0.3,0.24466666666666667,,,,,,,,,,,,,
S0_linear_PH_inst30,2,deephit_competing_risk_all_safe_reduced_optional,DeepHit optional,all_safe_reduced,3500,1500,1049,856,1595,450,367,683,0.0011159169999928054,False,,,True,"missing_optional_deephit_dependencies:torchtuples,pycox",,,,False,,0.31270405975933335,0.3,0.24466666666666667,,,,,,,,,,,,,
S1_linear_PH_inst15,1,finegray_dgm_cif_R,Fine-Gray,dgm,3500,1500,524,1004,1972,225,430,845,5.454638291000009,False,,,False,,,36,age;sex_Female;MMSE;MTL_total_pct;Temporal_lateral_total_pct;Medial_parietal_total_pct;Posterior_total_pct;Ventricles_total_pct;wmh_icv_pct;wmh_log_icv;wmh_missing;pathology_ischaemic;pathology_ischaemic__missing;pathology_ischaemic__present;pathology_ischaemic__log1p;pathology_neurodegenerative_dementia;pathology_neurodegenerative_dementia__missing;pathology_neurodegenerative_dementia__present;pathology_neurodegenerative_dementia__log1p;falls;hypertension;Cerebrovascular_accident;Epilepsy;Diabetes_mellitus;Chronic_kidney_disease;Parkinsons_disease;Transient_ischemic_attack;Chronic_obstructive_lung_disease;Arthritis;Heart_failure;Ischemic_heart_disease;Atrial_fibrillation;Chronic_liver_disease;Coronary_arteriosclerosis;IMD_Score_2019_synthetic;IMD_Decile_2019_synthetic,True,0.14998208861881918,0.147076178846,0.15,0.2866666666666667,0.03073918319879285,0.05081119229783977,0.9050814155917404,0.8464862661077451,0.1243805465430706,0.1384463015814638,,integrated_brier_not_available_from_single_horizon_prediction,0.6693786492374727,-0.3855103973037676,0.7620756235346829,,0.687111389322534
S1_linear_PH_inst15,1,finegray_all_safe_reduced_R,Fine-Gray,all_safe_reduced,3500,1500,524,1004,1972,225,430,845,3.3800190000000043,False,,,False,,,30,Left_Parahippocampal_pct;Left_LateralVentricle_pct;Left_Hippocampus_pct;Right_Hippocampus_pct;Right_Entorhinal_pct;Left_InfLatVentricle_pct;Right_Fusiform_pct;Left_Entorhinal_pct;Right_InfLatVentricle_pct;MMSE;Right_Parahippocampal_pct;Left_SPL_pct;Right_LateralVentricle_pct;Right_PosteriorCingulate_pct;Right_STG_pct;Right_Temporal_Region05_pct;Left_TemporalPole_pct;Right_Occipital_Region06_pct;Left_STG_pct;Left_Temporal_Region01_pct;Right_Temporal_Region04_pct;Left_Precuneus_pct;Left_PosteriorCingulate_pct;Right_MTG_pct;Left_ITG_pct;Left_Temporal_Region04_pct;Right_IOG_pct;Ventricles_total_pct;Right_Temporal_Region02_pct;Left_Occipital_Region06_pct,True,0.14975824389594403,0.147076178846,0.15,0.2866666666666667,0.032219784287217036,0.04405117271650691,0.8779157146292065,0.8697182604412947,0.12305457614144837,0.14065916191516756,,integrated_brier_not_available_from_single_horizon_prediction,0.6695738562091503,-0.20380285718789784,0.8735315973094976,,0.6715383352863267
S1_linear_PH_inst15,1,cs_rsf_dgm_cif,Random Survival Forest,dgm,3500,1500,524,1004,1972,225,430,845,1.8902018750000025,False,,,False,,,36,age;sex_Female;MMSE;MTL_total_pct;Temporal_lateral_total_pct;Medial_parietal_total_pct;Posterior_total_pct;Ventricles_total_pct;wmh_icv_pct;wmh_log_icv;wmh_missing;pathology_ischaemic;pathology_ischaemic__missing;pathology_ischaemic__present;pathology_ischaemic__log1p;pathology_neurodegenerative_dementia;pathology_neurodegenerative_dementia__missing;pathology_neurodegenerative_dementia__present;pathology_neurodegenerative_dementia__log1p;falls;hypertension;Cerebrovascular_accident;Epilepsy;Diabetes_mellitus;Chronic_kidney_disease;Parkinsons_disease;Transient_ischemic_attack;Chronic_obstructive_lung_disease;Arthritis;Heart_failure;Ischemic_heart_disease;Atrial_fibrillation;Chronic_liver_disease;Coronary_arteriosclerosis;IMD_Score_2019_synthetic;IMD_Decile_2019_synthetic,True,0.1583510452638847,0.147076178846,0.15,0.2866666666666667,0.03602701532123733,0.04734885645343011,0.8615153660068295,0.8521391871423977,0.12186513065245946,0.13833183589028078,,integrated_brier_not_available_from_single_horizon_prediction,0.6757124183006536,0.05986865939505769,1.0819964457818543,,0.6946689008401052
S1_linear_PH_inst15,1,cs_rsf_all_safe_cif,Random Survival Forest,all_safe,3500,1500,524,1004,1972,225,430,845,7.504582083999992,False,,,False,,,160,age;sex_Female;MMSE;IMD_Score_2019_synthetic;IMD_Decile_2019_synthetic;diagnosis_reference_NOT_PREDICTOR;wmh_icv_pct;wmh_log_icv;MTL_total_pct;Temporal_lateral_total_pct;Medial_parietal_total_pct;Posterior_total_pct;Ventricles_total_pct;LI_PCgG;LI_PCu;LI_MTG;LI_ITG;LI_STG;Right_Hippocampus_pct;Left_Hippocampus_pct;Right_Entorhinal_pct;Left_Entorhinal_pct;Right_Parahippocampal_pct;Left_Parahippocampal_pct;Right_MTG_pct;Left_MTG_pct;Right_ITG_pct;Left_ITG_pct;Right_STG_pct;Left_STG_pct;Right_Fusiform_pct;Left_Fusiform_pct;Right_TemporalPole_pct;Left_TemporalPole_pct;Right_PosteriorCingulate_pct;Left_PosteriorCingulate_pct;Right_Precuneus_pct;Left_Precuneus_pct;Right_SPL_pct;Left_SPL_pct;Right_SOG_pct;Left_SOG_pct;Right_MOG_pct;Left_MOG_pct;Right_IOG_pct;Left_IOG_pct;Right_LateralVentricle_pct;Left_LateralVentricle_pct;Right_InfLatVentricle_pct;Left_InfLatVentricle_pct;Right_Frontal_Region01_pct;Right_Frontal_Region02_pct;Right_Frontal_Region03_pct;Right_Frontal_Region04_pct;Right_Frontal_Region05_pct;Right_Frontal_Region06_pct;Right_Parietal_Region01_pct;Right_Parietal_Region02_pct;Right_Parietal_Region03_pct;Right_Parietal_Region04_pct;Right_Parietal_Region05_pct;Right_Parietal_Region06_pct;Right_Temporal_Region01_pct;Right_Temporal_Region02_pct;Right_Temporal_Region03_pct;Right_Temporal_Region04_pct;Right_Temporal_Region05_pct;Right_Temporal_Region06_pct;Right_Occipital_Region01_pct;Right_Occipital_Region02_pct;Right_Occipital_Region03_pct;Right_Occipital_Region04_pct;Right_Occipital_Region05_pct;Right_Occipital_Region06_pct;Right_Insula_Region01_pct;Right_Insula_Region02_pct;Right_Insula_Region03_pct;Right_Insula_Region04_pct;Right_Insula_Region05_pct;Right_Insula_Region06_pct;Right_Cingulate_Region01_pct;Right_Cingulate_Region02_pct;Right_Cingulate_Region03_pct;Right_Cingulate_Region04_pct;Right_Cingulate_Region05_pct;Right_Cingulate_Region06_pct;Right_DeepNuclei_Region01_pct;Right_DeepNuclei_Region02_pct;Right_DeepNuclei_Region03_pct;Right_DeepNuclei_Region04_pct;Right_DeepNuclei_Region05_pct;Right_DeepNuclei_Region06_pct;Left_Frontal_Region01_pct;Left_Frontal_Region02_pct;Left_Frontal_Region03_pct;Left_Frontal_Region04_pct;Left_Frontal_Region05_pct;Left_Frontal_Region06_pct;Left_Parietal_Region01_pct;Left_Parietal_Region02_pct;Left_Parietal_Region03_pct;Left_Parietal_Region04_pct;Left_Parietal_Region05_pct;Left_Parietal_Region06_pct;Left_Temporal_Region01_pct;Left_Temporal_Region02_pct;Left_Temporal_Region03_pct;Left_Temporal_Region04_pct;Left_Temporal_Region05_pct;Left_Temporal_Region06_pct;Left_Occipital_Region01_pct;Left_Occipital_Region02_pct;Left_Occipital_Region03_pct;Left_Occipital_Region04_pct;Left_Occipital_Region05_pct;Left_Occipital_Region06_pct;Left_Insula_Region01_pct;Left_Insula_Region02_pct;Left_Insula_Region03_pct;Left_Insula_Region04_pct;Left_Insula_Region05_pct;Left_Insula_Region06_pct;Left_Cingulate_Region01_pct;Left_Cingulate_Region02_pct;Left_Cingulate_Region03_pct;Left_Cingulate_Region04_pct;Left_Cingulate_Region05_pct;Left_Cingulate_Region06_pct;Left_DeepNuclei_Region01_pct;Left_DeepNuclei_Region02_pct;Left_DeepNuclei_Region03_pct;Left_DeepNuclei_Region04_pct;Left_DeepNuclei_Region05_pct;Left_DeepNuclei_Region06_pct;falls;hypertension;Cerebrovascular_accident;Epilepsy;Diabetes_mellitus;Chronic_kidney_disease;Parkinsons_disease;Transient_ischemic_attack;Chronic_obstructive_lung_disease;Arthritis;Heart_failure;Ischemic_heart_disease;Atrial_fibrillation;Chronic_liver_disease;Coronary_arteriosclerosis;pathology_ischaemic;pathology_neurodegenerative_dementia;wmh_missing;pathology_ischaemic__missing;pathology_ischaemic__present;pathology_ischaemic__log1p;pathology_neurodegenerative_dementia__missing;pathology_neurodegenerative_dementia__present;pathology_neurodegenerative_dementia__log1p,True,0.16534682811131796,0.147076178846,0.15,0.2866666666666667,0.04620282366630162,0.06015190771714917,0.7532398547732689,0.7817155597552978,0.12398298993496502,0.14137061824225497,,integrated_brier_not_available_from_single_horizon_prediction,0.6582309368191721,-0.3233349687432682,0.8663894252690179,,0.6715497860613533
S1_linear_PH_inst15,1,cs_gbsa_dgm_cif,Gradient Boosting Survival,dgm,3500,1500,524,1004,1972,225,430,845,9.842194458000023,False,,,False,,,36,age;sex_Female;MMSE;MTL_total_pct;Temporal_lateral_total_pct;Medial_parietal_total_pct;Posterior_total_pct;Ventricles_total_pct;wmh_icv_pct;wmh_log_icv;wmh_missing;pathology_ischaemic;pathology_ischaemic__missing;pathology_ischaemic__present;pathology_ischaemic__log1p;pathology_neurodegenerative_dementia;pathology_neurodegenerative_dementia__missing;pathology_neurodegenerative_dementia__present;pathology_neurodegenerative_dementia__log1p;falls;hypertension;Cerebrovascular_accident;Epilepsy;Diabetes_mellitus;Chronic_kidney_disease;Parkinsons_disease;Transient_ischemic_attack;Chronic_obstructive_lung_disease;Arthritis;Heart_failure;Ischemic_heart_disease;Atrial_fibrillation;Chronic_liver_disease;Coronary_arteriosclerosis;IMD_Score_2019_synthetic;IMD_Decile_2019_synthetic,True,0.1510791718678699,0.147076178846,0.15,0.2866666666666667,0.058704485545151404,0.07566729657777467,0.7685629322816828,0.7566731589537936,0.12552801452810525,0.14634689075577584,,integrated_brier_not_available_from_single_horizon_prediction,0.648074945533769,4.792046079806742,3.818971510120661,,0.6733227477279754
S1_linear_PH_inst15,1,cs_gbsa_all_safe_cif,Gradient Boosting Survival,all_safe,3500,1500,524,1004,1972,225,430,845,16.46193112499998,False,,,False,,,160,age;sex_Female;MMSE;IMD_Score_2019_synthetic;IMD_Decile_2019_synthetic;diagnosis_reference_NOT_PREDICTOR;wmh_icv_pct;wmh_log_icv;MTL_total_pct;Temporal_lateral_total_pct;Medial_parietal_total_pct;Posterior_total_pct;Ventricles_total_pct;LI_PCgG;LI_PCu;LI_MTG;LI_ITG;LI_STG;Right_Hippocampus_pct;Left_Hippocampus_pct;Right_Entorhinal_pct;Left_Entorhinal_pct;Right_Parahippocampal_pct;Left_Parahippocampal_pct;Right_MTG_pct;Left_MTG_pct;Right_ITG_pct;Left_ITG_pct;Right_STG_pct;Left_STG_pct;Right_Fusiform_pct;Left_Fusiform_pct;Right_TemporalPole_pct;Left_TemporalPole_pct;Right_PosteriorCingulate_pct;Left_PosteriorCingulate_pct;Right_Precuneus_pct;Left_Precuneus_pct;Right_SPL_pct;Left_SPL_pct;Right_SOG_pct;Left_SOG_pct;Right_MOG_pct;Left_MOG_pct;Right_IOG_pct;Left_IOG_pct;Right_LateralVentricle_pct;Left_LateralVentricle_pct;Right_InfLatVentricle_pct;Left_InfLatVentricle_pct;Right_Frontal_Region01_pct;Right_Frontal_Region02_pct;Right_Frontal_Region03_pct;Right_Frontal_Region04_pct;Right_Frontal_Region05_pct;Right_Frontal_Region06_pct;Right_Parietal_Region01_pct;Right_Parietal_Region02_pct;Right_Parietal_Region03_pct;Right_Parietal_Region04_pct;Right_Parietal_Region05_pct;Right_Parietal_Region06_pct;Right_Temporal_Region01_pct;Right_Temporal_Region02_pct;Right_Temporal_Region03_pct;Right_Temporal_Region04_pct;Right_Temporal_Region05_pct;Right_Temporal_Region06_pct;Right_Occipital_Region01_pct;Right_Occipital_Region02_pct;Right_Occipital_Region03_pct;Right_Occipital_Region04_pct;Right_Occipital_Region05_pct;Right_Occipital_Region06_pct;Right_Insula_Region01_pct;Right_Insula_Region02_pct;Right_Insula_Region03_pct;Right_Insula_Region04_pct;Right_Insula_Region05_pct;Right_Insula_Region06_pct;Right_Cingulate_Region01_pct;Right_Cingulate_Region02_pct;Right_Cingulate_Region03_pct;Right_Cingulate_Region04_pct;Right_Cingulate_Region05_pct;Right_Cingulate_Region06_pct;Right_DeepNuclei_Region01_pct;Right_DeepNuclei_Region02_pct;Right_DeepNuclei_Region03_pct;Right_DeepNuclei_Region04_pct;Right_DeepNuclei_Region05_pct;Right_DeepNuclei_Region06_pct;Left_Frontal_Region01_pct;Left_Frontal_Region02_pct;Left_Frontal_Region03_pct;Left_Frontal_Region04_pct;Left_Frontal_Region05_pct;Left_Frontal_Region06_pct;Left_Parietal_Region01_pct;Left_Parietal_Region02_pct;Left_Parietal_Region03_pct;Left_Parietal_Region04_pct;Left_Parietal_Region05_pct;Left_Parietal_Region06_pct;Left_Temporal_Region01_pct;Left_Temporal_Region02_pct;Left_Temporal_Region03_pct;Left_Temporal_Region04_pct;Left_Temporal_Region05_pct;Left_Temporal_Region06_pct;Left_Occipital_Region01_pct;Left_Occipital_Region02_pct;Left_Occipital_Region03_pct;Left_Occipital_Region04_pct;Left_Occipital_Region05_pct;Left_Occipital_Region06_pct;Left_Insula_Region01_pct;Left_Insula_Region02_pct;Left_Insula_Region03_pct;Left_Insula_Region04_pct;Left_Insula_Region05_pct;Left_Insula_Region06_pct;Left_Cingulate_Region01_pct;Left_Cingulate_Region02_pct;Left_Cingulate_Region03_pct;Left_Cingulate_Region04_pct;Left_Cingulate_Region05_pct;Left_Cingulate_Region06_pct;Left_DeepNuclei_Region01_pct;Left_DeepNuclei_Region02_pct;Left_DeepNuclei_Region03_pct;Left_DeepNuclei_Region04_pct;Left_DeepNuclei_Region05_pct;Left_DeepNuclei_Region06_pct;falls;hypertension;Cerebrovascular_accident;Epilepsy;Diabetes_mellitus;Chronic_kidney_disease;Parkinsons_disease;Transient_ischemic_attack;Chronic_obstructive_lung_disease;Arthritis;Heart_failure;Ischemic_heart_disease;Atrial_fibrillation;Chronic_liver_disease;Coronary_arteriosclerosis;pathology_ischaemic;pathology_neurodegenerative_dementia;wmh_missing;pathology_ischaemic__missing;pathology_ischaemic__present;pathology_ischaemic__log1p;pathology_neurodegenerative_dementia__missing;pathology_neurodegenerative_dementia__present;pathology_neurodegenerative_dementia__log1p,True,0.15131625192865178,0.147076178846,0.15,0.2866666666666667,0.059532714830014884,0.07547032963330914,0.546080655416375,0.6243670795263433,0.12598154094271388,0.14709341753831345,,integrated_brier_not_available_from_single_horizon_prediction,0.6178039215686275,1.5158725193812561,1.8949889160159286,,0.6554213694363547
S1_linear_PH_inst15,1,deepsurv_dgm_cause_specific_optional,DeepSurv optional,dgm,3500,1500,524,1004,1972,225,430,845,0.0014182500000003984,False,,,True,"missing_optional_deep_dependencies:torchtuples,pycox",,,,False,,0.147076178846,0.15,0.2866666666666667,,,,,,,,,,,,,
S1_linear_PH_inst15,1,deepsurv_all_safe_cause_specific_optional,DeepSurv optional,all_safe,3500,1500,524,1004,1972,225,430,845,0.0014076660000057473,False,,,True,"missing_optional_deep_dependencies:torchtuples,pycox",,,,False,,0.147076178846,0.15,0.2866666666666667,,,,,,,,,,,,,
S1_linear_PH_inst15,1,deephit_competing_risk_dgm_optional,DeepHit optional,dgm,3500,1500,524,1004,1972,225,430,845,0.0012238329999831876,False,,,True,"missing_optional_deephit_dependencies:torchtuples,pycox",,,,False,,0.147076178846,0.15,0.2866666666666667,,,,,,,,,,,,,
S1_linear_PH_inst15,1,deephit_competing_risk_all_safe_reduced_optional,DeepHit optional,all_safe_reduced,3500,1500,524,1004,1972,225,430,845,0.0011909580000235565,False,,,True,"missing_optional_deephit_dependencies:torchtuples,pycox",,,,False,,0.147076178846,0.15,0.2866666666666667,,,,,,,,,,,,,
S1_linear_PH_inst15,2,finegray_dgm_cif_R,Fine-Gray,dgm,3500,1500,524,1007,1969,225,431,844,5.93639275000001,False,,,False,,,36,age;sex_Female;MMSE;MTL_total_pct;Temporal_lateral_total_pct;Medial_parietal_total_pct;Posterior_total_pct;Ventricles_total_pct;wmh_icv_pct;wmh_log_icv;wmh_missing;pathology_ischaemic;pathology_ischaemic__missing;pathology_ischaemic__present;pathology_ischaemic__log1p;pathology_neurodegenerative_dementia;pathology_neurodegenerative_dementia__missing;pathology_neurodegenerative_dementia__present;pathology_neurodegenerative_dementia__log1p;falls;hypertension;Cerebrovascular_accident;Epilepsy;Diabetes_mellitus;Chronic_kidney_disease;Parkinsons_disease;Transient_ischemic_attack;Chronic_obstructive_lung_disease;Arthritis;Heart_failure;Ischemic_heart_disease;Atrial_fibrillation;Chronic_liver_disease;Coronary_arteriosclerosis;IMD_Score_2019_synthetic;IMD_Decile_2019_synthetic,True,0.14762844548085666,0.14693010323733333,0.15,0.28733333333333333,0.025330235115506135,0.03862256967564861,0.9364820091031153,0.9141328831311722,0.1229108270733279,0.13585689181588526,,integrated_brier_not_available_from_single_horizon_prediction,0.6671860566448802,-0.3583108352021478,0.7673920881337175,,0.6862162295536246
S1_linear_PH_inst15,2,finegray_all_safe_reduced_R,Fine-Gray,all_safe_reduced,3500,1500,524,1007,1969,225,431,844,3.3274742499999945,False,,,False,,,30,Left_InfLatVentricle_pct;Left_Entorhinal_pct;Right_Hippocampus_pct;Right_Entorhinal_pct;Left_Hippocampus_pct;Right_Parahippocampal_pct;Right_InfLatVentricle_pct;Left_LateralVentricle_pct;Right_LateralVentricle_pct;Left_Parahippocampal_pct;Ventricles_total_pct;Left_MTG_pct;Left_Temporal_Region04_pct;MMSE;MTL_total_pct;Right_Temporal_Region06_pct;Left_Temporal_Region02_pct;Right_MTG_pct;Left_STG_pct;Left_Temporal_Region06_pct;Right_Temporal_Region05_pct;Right_Temporal_Region04_pct;Left_Temporal_Region01_pct;Right_IOG_pct;Left_Temporal_Region03_pct;Right_ITG_pct;Left_ITG_pct;Right_Temporal_Region03_pct;Left_Occipital_Region05_pct;Left_TemporalPole_pct,True,0.1457216132569756,0.14693010323733333,0.15,0.28733333333333333,0.032006991772935076,0.04385725419017545,0.8781493111774719,0.8727913209149889,0.12278811258014138,0.13817601950112512,,integrated_brier_not_available_from_single_horizon_prediction,0.6586143790849674,-0.3031777759920633,0.7936975198237091,,0.6702311403658615
S1_linear_PH_inst15,2,cs_rsf_dgm_cif,Random Survival Forest,dgm,3500,1500,524,1007,1969,225,431,844,1.998864458000014,False,,,False,,,36,age;sex_Female;MMSE;MTL_total_pct;Temporal_lateral_total_pct;Medial_parietal_total_pct;Posterior_total_pct;Ventricles_total_pct;wmh_icv_pct;wmh_log_icv;wmh_missing;pathology_ischaemic;pathology_ischaemic__missing;pathology_ischaemic__present;pathology_ischaemic__log1p;pathology_neurodegenerative_dementia;pathology_neurodegenerative_dementia__missing;pathology_neurodegenerative_dementia__present;pathology_neurodegenerative_dementia__log1p;falls;hypertension;Cerebrovascular_accident;Epilepsy;Diabetes_mellitus;Chronic_kidney_disease;Parkinsons_disease;Transient_ischemic_attack;Chronic_obstructive_lung_disease;Arthritis;Heart_failure;Ischemic_heart_disease;Atrial_fibrillation;Chronic_liver_disease;Coronary_arteriosclerosis;IMD_Score_2019_synthetic;IMD_Decile_2019_synthetic,True,0.15712215022482043,0.14693010323733333,0.15,0.28733333333333333,0.03298420069411488,0.0436508294653389,0.8724607930936858,0.8753070930992299,0.1221303301698185,0.13651707915567254,,integrated_brier_not_available_from_single_horizon_prediction,0.6582169934640523,-0.314056158306687,0.8349425901880281,,0.6860530001935976
S1_linear_PH_inst15,2,cs_rsf_all_safe_cif,Random Survival Forest,all_safe,3500,1500,524,1007,1969,225,431,844,7.64950670799999,False,,,False,,,160,age;sex_Female;MMSE;IMD_Score_2019_synthetic;IMD_Decile_2019_synthetic;diagnosis_reference_NOT_PREDICTOR;wmh_icv_pct;wmh_log_icv;MTL_total_pct;Temporal_lateral_total_pct;Medial_parietal_total_pct;Posterior_total_pct;Ventricles_total_pct;LI_PCgG;LI_PCu;LI_MTG;LI_ITG;LI_STG;Right_Hippocampus_pct;Left_Hippocampus_pct;Right_Entorhinal_pct;Left_Entorhinal_pct;Right_Parahippocampal_pct;Left_Parahippocampal_pct;Right_MTG_pct;Left_MTG_pct;Right_ITG_pct;Left_ITG_pct;Right_STG_pct;Left_STG_pct;Right_Fusiform_pct;Left_Fusiform_pct;Right_TemporalPole_pct;Left_TemporalPole_pct;Right_PosteriorCingulate_pct;Left_PosteriorCingulate_pct;Right_Precuneus_pct;Left_Precuneus_pct;Right_SPL_pct;Left_SPL_pct;Right_SOG_pct;Left_SOG_pct;Right_MOG_pct;Left_MOG_pct;Right_IOG_pct;Left_IOG_pct;Right_LateralVentricle_pct;Left_LateralVentricle_pct;Right_InfLatVentricle_pct;Left_InfLatVentricle_pct;Right_Frontal_Region01_pct;Right_Frontal_Region02_pct;Right_Frontal_Region03_pct;Right_Frontal_Region04_pct;Right_Frontal_Region05_pct;Right_Frontal_Region06_pct;Right_Parietal_Region01_pct;Right_Parietal_Region02_pct;Right_Parietal_Region03_pct;Right_Parietal_Region04_pct;Right_Parietal_Region05_pct;Right_Parietal_Region06_pct;Right_Temporal_Region01_pct;Right_Temporal_Region02_pct;Right_Temporal_Region03_pct;Right_Temporal_Region04_pct;Right_Temporal_Region05_pct;Right_Temporal_Region06_pct;Right_Occipital_Region01_pct;Right_Occipital_Region02_pct;Right_Occipital_Region03_pct;Right_Occipital_Region04_pct;Right_Occipital_Region05_pct;Right_Occipital_Region06_pct;Right_Insula_Region01_pct;Right_Insula_Region02_pct;Right_Insula_Region03_pct;Right_Insula_Region04_pct;Right_Insula_Region05_pct;Right_Insula_Region06_pct;Right_Cingulate_Region01_pct;Right_Cingulate_Region02_pct;Right_Cingulate_Region03_pct;Right_Cingulate_Region04_pct;Right_Cingulate_Region05_pct;Right_Cingulate_Region06_pct;Right_DeepNuclei_Region01_pct;Right_DeepNuclei_Region02_pct;Right_DeepNuclei_Region03_pct;Right_DeepNuclei_Region04_pct;Right_DeepNuclei_Region05_pct;Right_DeepNuclei_Region06_pct;Left_Frontal_Region01_pct;Left_Frontal_Region02_pct;Left_Frontal_Region03_pct;Left_Frontal_Region04_pct;Left_Frontal_Region05_pct;Left_Frontal_Region06_pct;Left_Parietal_Region01_pct;Left_Parietal_Region02_pct;Left_Parietal_Region03_pct;Left_Parietal_Region04_pct;Left_Parietal_Region05_pct;Left_Parietal_Region06_pct;Left_Temporal_Region01_pct;Left_Temporal_Region02_pct;Left_Temporal_Region03_pct;Left_Temporal_Region04_pct;Left_Temporal_Region05_pct;Left_Temporal_Region06_pct;Left_Occipital_Region01_pct;Left_Occipital_Region02_pct;Left_Occipital_Region03_pct;Left_Occipital_Region04_pct;Left_Occipital_Region05_pct;Left_Occipital_Region06_pct;Left_Insula_Region01_pct;Left_Insula_Region02_pct;Left_Insula_Region03_pct;Left_Insula_Region04_pct;Left_Insula_Region05_pct;Left_Insula_Region06_pct;Left_Cingulate_Region01_pct;Left_Cingulate_Region02_pct;Left_Cingulate_Region03_pct;Left_Cingulate_Region04_pct;Left_Cingulate_Region05_pct;Left_Cingulate_Region06_pct;Left_DeepNuclei_Region01_pct;Left_DeepNuclei_Region02_pct;Left_DeepNuclei_Region03_pct;Left_DeepNuclei_Region04_pct;Left_DeepNuclei_Region05_pct;Left_DeepNuclei_Region06_pct;falls;hypertension;Cerebrovascular_accident;Epilepsy;Diabetes_mellitus;Chronic_kidney_disease;Parkinsons_disease;Transient_ischemic_attack;Chronic_obstructive_lung_disease;Arthritis;Heart_failure;Ischemic_heart_disease;Atrial_fibrillation;Chronic_liver_disease;Coronary_arteriosclerosis;pathology_ischaemic;pathology_neurodegenerative_dementia;wmh_missing;pathology_ischaemic__missing;pathology_ischaemic__present;pathology_ischaemic__log1p;pathology_neurodegenerative_dementia__missing;pathology_neurodegenerative_dementia__present;pathology_neurodegenerative_dementia__log1p,True,0.1636477017729415,0.14693010323733333,0.15,0.28733333333333333,0.04135453570749652,0.05588572754958938,0.8078862221716544,0.8138441543185813,0.12329791455124896,0.13887023806084578,,integrated_brier_not_available_from_single_horizon_prediction,0.6465359477124182,-0.4670357775369081,0.7634079373503565,,0.6712029244627666
S1_linear_PH_inst15,2,cs_gbsa_dgm_cif,Gradient Boosting Survival,dgm,3500,1500,524,1007,1969,225,431,844,9.750109957999996,False,,,False,,,36,age;sex_Female;MMSE;MTL_total_pct;Temporal_lateral_total_pct;Medial_parietal_total_pct;Posterior_total_pct;Ventricles_total_pct;wmh_icv_pct;wmh_log_icv;wmh_missing;pathology_ischaemic;pathology_ischaemic__missing;pathology_ischaemic__present;pathology_ischaemic__log1p;pathology_neurodegenerative_dementia;pathology_neurodegenerative_dementia__missing;pathology_neurodegenerative_dementia__present;pathology_neurodegenerative_dementia__log1p;falls;hypertension;Cerebrovascular_accident;Epilepsy;Diabetes_mellitus;Chronic_kidney_disease;Parkinsons_disease;Transient_ischemic_attack;Chronic_obstructive_lung_disease;Arthritis;Heart_failure;Ischemic_heart_disease;Atrial_fibrillation;Chronic_liver_disease;Coronary_arteriosclerosis;IMD_Score_2019_synthetic;IMD_Decile_2019_synthetic,True,0.15088862862662583,0.14693010323733333,0.15,0.28733333333333333,0.05439340425846002,0.06878370930384285,0.5736246556152245,0.6492056175754812,0.1253665826776147,0.14453110408282688,,integrated_brier_not_available_from_single_horizon_prediction,0.6004653594771242,1.6141860563527348,1.9527515023909756,,0.6491024283214327
S1_linear_PH_inst15,2,cs_gbsa_all_safe_cif,Gradient Boosting Survival,all_safe,3500,1500,524,1007,1969,225,431,844,16.512600125000006,False,,,False,,,160,age;sex_Female;MMSE;IMD_Score_2019_synthetic;IMD_Decile_2019_synthetic;diagnosis_reference_NOT_PREDICTOR;wmh_icv_pct;wmh_log_icv;MTL_total_pct;Temporal_lateral_total_pct;Medial_parietal_total_pct;Posterior_total_pct;Ventricles_total_pct;LI_PCgG;LI_PCu;LI_MTG;LI_ITG;LI_STG;Right_Hippocampus_pct;Left_Hippocampus_pct;Right_Entorhinal_pct;Left_Entorhinal_pct;Right_Parahippocampal_pct;Left_Parahippocampal_pct;Right_MTG_pct;Left_MTG_pct;Right_ITG_pct;Left_ITG_pct;Right_STG_pct;Left_STG_pct;Right_Fusiform_pct;Left_Fusiform_pct;Right_TemporalPole_pct;Left_TemporalPole_pct;Right_PosteriorCingulate_pct;Left_PosteriorCingulate_pct;Right_Precuneus_pct;Left_Precuneus_pct;Right_SPL_pct;Left_SPL_pct;Right_SOG_pct;Left_SOG_pct;Right_MOG_pct;Left_MOG_pct;Right_IOG_pct;Left_IOG_pct;Right_LateralVentricle_pct;Left_LateralVentricle_pct;Right_InfLatVentricle_pct;Left_InfLatVentricle_pct;Right_Frontal_Region01_pct;Right_Frontal_Region02_pct;Right_Frontal_Region03_pct;Right_Frontal_Region04_pct;Right_Frontal_Region05_pct;Right_Frontal_Region06_pct;Right_Parietal_Region01_pct;Right_Parietal_Region02_pct;Right_Parietal_Region03_pct;Right_Parietal_Region04_pct;Right_Parietal_Region05_pct;Right_Parietal_Region06_pct;Right_Temporal_Region01_pct;Right_Temporal_Region02_pct;Right_Temporal_Region03_pct;Right_Temporal_Region04_pct;Right_Temporal_Region05_pct;Right_Temporal_Region06_pct;Right_Occipital_Region01_pct;Right_Occipital_Region02_pct;Right_Occipital_Region03_pct;Right_Occipital_Region04_pct;Right_Occipital_Region05_pct;Right_Occipital_Region06_pct;Right_Insula_Region01_pct;Right_Insula_Region02_pct;Right_Insula_Region03_pct;Right_Insula_Region04_pct;Right_Insula_Region05_pct;Right_Insula_Region06_pct;Right_Cingulate_Region01_pct;Right_Cingulate_Region02_pct;Right_Cingulate_Region03_pct;Right_Cingulate_Region04_pct;Right_Cingulate_Region05_pct;Right_Cingulate_Region06_pct;Right_DeepNuclei_Region01_pct;Right_DeepNuclei_Region02_pct;Right_DeepNuclei_Region03_pct;Right_DeepNuclei_Region04_pct;Right_DeepNuclei_Region05_pct;Right_DeepNuclei_Region06_pct;Left_Frontal_Region01_pct;Left_Frontal_Region02_pct;Left_Frontal_Region03_pct;Left_Frontal_Region04_pct;Left_Frontal_Region05_pct;Left_Frontal_Region06_pct;Left_Parietal_Region01_pct;Left_Parietal_Region02_pct;Left_Parietal_Region03_pct;Left_Parietal_Region04_pct;Left_Parietal_Region05_pct;Left_Parietal_Region06_pct;Left_Temporal_Region01_pct;Left_Temporal_Region02_pct;Left_Temporal_Region03_pct;Left_Temporal_Region04_pct;Left_Temporal_Region05_pct;Left_Temporal_Region06_pct;Left_Occipital_Region01_pct;Left_Occipital_Region02_pct;Left_Occipital_Region03_pct;Left_Occipital_Region04_pct;Left_Occipital_Region05_pct;Left_Occipital_Region06_pct;Left_Insula_Region01_pct;Left_Insula_Region02_pct;Left_Insula_Region03_pct;Left_Insula_Region04_pct;Left_Insula_Region05_pct;Left_Insula_Region06_pct;Left_Cingulate_Region01_pct;Left_Cingulate_Region02_pct;Left_Cingulate_Region03_pct;Left_Cingulate_Region04_pct;Left_Cingulate_Region05_pct;Left_Cingulate_Region06_pct;Left_DeepNuclei_Region01_pct;Left_DeepNuclei_Region02_pct;Left_DeepNuclei_Region03_pct;Left_DeepNuclei_Region04_pct;Left_DeepNuclei_Region05_pct;Left_DeepNuclei_Region06_pct;falls;hypertension;Cerebrovascular_accident;Epilepsy;Diabetes_mellitus;Chronic_kidney_disease;Parkinsons_disease;Transient_ischemic_attack;Chronic_obstructive_lung_disease;Arthritis;Heart_failure;Ischemic_heart_disease;Atrial_fibrillation;Chronic_liver_disease;Coronary_arteriosclerosis;pathology_ischaemic;pathology_neurodegenerative_dementia;wmh_missing;pathology_ischaemic__missing;pathology_ischaemic__present;pathology_ischaemic__log1p;pathology_neurodegenerative_dementia__missing;pathology_neurodegenerative_dementia__present;pathology_neurodegenerative_dementia__log1p,True,0.15082288784759995,0.14693010323733333,0.15,0.28733333333333333,0.05423150324899833,0.0680024577306606,0.6423109175406213,0.7006207976972524,0.12538165991482106,0.14474263078759442,,integrated_brier_not_available_from_single_horizon_prediction,0.6166100217864924,1.9883248496492418,2.1713978566238277,,0.6546104702144379
S1_linear_PH_inst15,2,deepsurv_dgm_cause_specific_optional,DeepSurv optional,dgm,3500,1500,524,1007,1969,225,431,844,0.0013684580000017377,False,,,True,"missing_optional_deep_dependencies:torchtuples,pycox",,,,False,,0.14693010323733333,0.15,0.28733333333333333,,,,,,,,,,,,,
S1_linear_PH_inst15,2,deepsurv_all_safe_cause_specific_optional,DeepSurv optional,all_safe,3500,1500,524,1007,1969,225,431,844,0.0012442910000061147,False,,,True,"missing_optional_deep_dependencies:torchtuples,pycox",,,,False,,0.14693010323733333,0.15,0.28733333333333333,,,,,,,,,,,,,
S1_linear_PH_inst15,2,deephit_competing_risk_dgm_optional,DeepHit optional,dgm,3500,1500,524,1007,1969,225,431,844,0.0011829160000047523,False,,,True,"missing_optional_deephit_dependencies:torchtuples,pycox",,,,False,,0.14693010323733333,0.15,0.28733333333333333,,,,,,,,,,,,,
S1_linear_PH_inst15,2,deephit_competing_risk_all_safe_reduced_optional,DeepHit optional,all_safe_reduced,3500,1500,524,1007,1969,225,431,844,0.0011706250000145246,False,,,True,"missing_optional_deephit_dependencies:torchtuples,pycox",,,,False,,0.14693010323733333,0.15,0.28733333333333333,,,,,,,,,,,,,
S2_linear_PH_inst45,1,finegray_dgm_cif_R,Fine-Gray,dgm,3500,1500,1574,724,1202,675,310,515,10.162284958999976,False,,,False,,,36,age;sex_Female;MMSE;MTL_total_pct;Temporal_lateral_total_pct;Medial_parietal_total_pct;Posterior_total_pct;Ventricles_total_pct;wmh_icv_pct;wmh_log_icv;wmh_missing;pathology_ischaemic;pathology_ischaemic__missing;pathology_ischaemic__present;pathology_ischaemic__log1p;pathology_neurodegenerative_dementia;pathology_neurodegenerative_dementia__missing;pathology_neurodegenerative_dementia__present;pathology_neurodegenerative_dementia__log1p;falls;hypertension;Cerebrovascular_accident;Epilepsy;Diabetes_mellitus;Chronic_kidney_disease;Parkinsons_disease;Transient_ischemic_attack;Chronic_obstructive_lung_disease;Arthritis;Heart_failure;Ischemic_heart_disease;Atrial_fibrillation;Chronic_liver_disease;Coronary_arteriosclerosis;IMD_Score_2019_synthetic;IMD_Decile_2019_synthetic,True,0.4438770360827294,0.44454351459599994,0.45,0.20666666666666667,0.0534801361628083,0.07177177020485408,0.9290632360281049,0.918092576378594,0.22312325720226364,0.21301124161938848,,integrated_brier_not_available_from_single_horizon_prediction,0.6864718294051628,-0.011491019481916562,0.8236846360064892,,0.6724962139061523
S2_linear_PH_inst45,1,finegray_all_safe_reduced_R,Fine-Gray,all_safe_reduced,3500,1500,1574,724,1202,675,310,515,7.008107874999951,False,,,False,,,30,MMSE;Left_LateralVentricle_pct;Right_LateralVentricle_pct;Right_InfLatVentricle_pct;Right_Entorhinal_pct;Left_Parahippocampal_pct;Left_InfLatVentricle_pct;Left_Hippocampus_pct;Right_Hippocampus_pct;Right_Parahippocampal_pct;Left_Entorhinal_pct;Ventricles_total_pct;Left_Precuneus_pct;Right_Occipital_Region01_pct;Right_Occipital_Region02_pct;Right_Occipital_Region04_pct;Left_Occipital_Region02_pct;Left_SOG_pct;MTL_total_pct;Right_Temporal_Region05_pct;Left_Occipital_Region03_pct;Left_Occipital_Region04_pct;Left_Temporal_Region01_pct;Right_Occipital_Region06_pct;Posterior_total_pct;Right_Precuneus_pct;Left_PosteriorCingulate_pct;Left_IOG_pct;Right_SPL_pct;Left_Temporal_Region03_pct,True,0.4442722865833288,0.44454351459599994,0.45,0.20666666666666667,0.05920159119007845,0.07460376159347923,0.9051666671851856,0.9036469780440822,0.22673993006465673,0.21981849174289778,,integrated_brier_not_available_from_single_horizon_prediction,0.6726500561167228,-0.011072657023440239,0.8337331337577574,,0.6581520305614088
S2_linear_PH_inst45,1,cs_rsf_dgm_cif,Random Survival Forest,dgm,3500,1500,1574,724,1202,675,310,515,2.483849125000006,False,,,False,,,36,age;sex_Female;MMSE;MTL_total_pct;Temporal_lateral_total_pct;Medial_parietal_total_pct;Posterior_total_pct;Ventricles_total_pct;wmh_icv_pct;wmh_log_icv;wmh_missing;pathology_ischaemic;pathology_ischaemic__missing;pathology_ischaemic__present;pathology_ischaemic__log1p;pathology_neurodegenerative_dementia;pathology_neurodegenerative_dementia__missing;pathology_neurodegenerative_dementia__present;pathology_neurodegenerative_dementia__log1p;falls;hypertension;Cerebrovascular_accident;Epilepsy;Diabetes_mellitus;Chronic_kidney_disease;Parkinsons_disease;Transient_ischemic_attack;Chronic_obstructive_lung_disease;Arthritis;Heart_failure;Ischemic_heart_disease;Atrial_fibrillation;Chronic_liver_disease;Coronary_arteriosclerosis;IMD_Score_2019_synthetic;IMD_Decile_2019_synthetic,True,0.4725522741552944,0.44454351459599994,0.45,0.20666666666666667,0.06354481566467789,0.07904234765969172,0.9066669380741949,0.9035823675768941,0.22289077088442272,0.2124402246283687,,integrated_brier_not_available_from_single_horizon_prediction,0.6846671156004489,-0.09164785702393889,1.098747959004425,,0.6784383807669396
S2_linear_PH_inst45,1,cs_rsf_all_safe_cif,Random Survival Forest,all_safe,3500,1500,1574,724,1202,675,310,515,9.427878958999997,False,,,False,,,160,age;sex_Female;MMSE;IMD_Score_2019_synthetic;IMD_Decile_2019_synthetic;diagnosis_reference_NOT_PREDICTOR;wmh_icv_pct;wmh_log_icv;MTL_total_pct;Temporal_lateral_total_pct;Medial_parietal_total_pct;Posterior_total_pct;Ventricles_total_pct;LI_PCgG;LI_PCu;LI_MTG;LI_ITG;LI_STG;Right_Hippocampus_pct;Left_Hippocampus_pct;Right_Entorhinal_pct;Left_Entorhinal_pct;Right_Parahippocampal_pct;Left_Parahippocampal_pct;Right_MTG_pct;Left_MTG_pct;Right_ITG_pct;Left_ITG_pct;Right_STG_pct;Left_STG_pct;Right_Fusiform_pct;Left_Fusiform_pct;Right_TemporalPole_pct;Left_TemporalPole_pct;Right_PosteriorCingulate_pct;Left_PosteriorCingulate_pct;Right_Precuneus_pct;Left_Precuneus_pct;Right_SPL_pct;Left_SPL_pct;Right_SOG_pct;Left_SOG_pct;Right_MOG_pct;Left_MOG_pct;Right_IOG_pct;Left_IOG_pct;Right_LateralVentricle_pct;Left_LateralVentricle_pct;Right_InfLatVentricle_pct;Left_InfLatVentricle_pct;Right_Frontal_Region01_pct;Right_Frontal_Region02_pct;Right_Frontal_Region03_pct;Right_Frontal_Region04_pct;Right_Frontal_Region05_pct;Right_Frontal_Region06_pct;Right_Parietal_Region01_pct;Right_Parietal_Region02_pct;Right_Parietal_Region03_pct;Right_Parietal_Region04_pct;Right_Parietal_Region05_pct;Right_Parietal_Region06_pct;Right_Temporal_Region01_pct;Right_Temporal_Region02_pct;Right_Temporal_Region03_pct;Right_Temporal_Region04_pct;Right_Temporal_Region05_pct;Right_Temporal_Region06_pct;Right_Occipital_Region01_pct;Right_Occipital_Region02_pct;Right_Occipital_Region03_pct;Right_Occipital_Region04_pct;Right_Occipital_Region05_pct;Right_Occipital_Region06_pct;Right_Insula_Region01_pct;Right_Insula_Region02_pct;Right_Insula_Region03_pct;Right_Insula_Region04_pct;Right_Insula_Region05_pct;Right_Insula_Region06_pct;Right_Cingulate_Region01_pct;Right_Cingulate_Region02_pct;Right_Cingulate_Region03_pct;Right_Cingulate_Region04_pct;Right_Cingulate_Region05_pct;Right_Cingulate_Region06_pct;Right_DeepNuclei_Region01_pct;Right_DeepNuclei_Region02_pct;Right_DeepNuclei_Region03_pct;Right_DeepNuclei_Region04_pct;Right_DeepNuclei_Region05_pct;Right_DeepNuclei_Region06_pct;Left_Frontal_Region01_pct;Left_Frontal_Region02_pct;Left_Frontal_Region03_pct;Left_Frontal_Region04_pct;Left_Frontal_Region05_pct;Left_Frontal_Region06_pct;Left_Parietal_Region01_pct;Left_Parietal_Region02_pct;Left_Parietal_Region03_pct;Left_Parietal_Region04_pct;Left_Parietal_Region05_pct;Left_Parietal_Region06_pct;Left_Temporal_Region01_pct;Left_Temporal_Region02_pct;Left_Temporal_Region03_pct;Left_Temporal_Region04_pct;Left_Temporal_Region05_pct;Left_Temporal_Region06_pct;Left_Occipital_Region01_pct;Left_Occipital_Region02_pct;Left_Occipital_Region03_pct;Left_Occipital_Region04_pct;Left_Occipital_Region05_pct;Left_Occipital_Region06_pct;Left_Insula_Region01_pct;Left_Insula_Region02_pct;Left_Insula_Region03_pct;Left_Insula_Region04_pct;Left_Insula_Region05_pct;Left_Insula_Region06_pct;Left_Cingulate_Region01_pct;Left_Cingulate_Region02_pct;Left_Cingulate_Region03_pct;Left_Cingulate_Region04_pct;Left_Cingulate_Region05_pct;Left_Cingulate_Region06_pct;Left_DeepNuclei_Region01_pct;Left_DeepNuclei_Region02_pct;Left_DeepNuclei_Region03_pct;Left_DeepNuclei_Region04_pct;Left_DeepNuclei_Region05_pct;Left_DeepNuclei_Region06_pct;falls;hypertension;Cerebrovascular_accident;Epilepsy;Diabetes_mellitus;Chronic_kidney_disease;Parkinsons_disease;Transient_ischemic_attack;Chronic_obstructive_lung_disease;Arthritis;Heart_failure;Ischemic_heart_disease;Atrial_fibrillation;Chronic_liver_disease;Coronary_arteriosclerosis;pathology_ischaemic;pathology_neurodegenerative_dementia;wmh_missing;pathology_ischaemic__missing;pathology_ischaemic__present;pathology_ischaemic__log1p;pathology_neurodegenerative_dementia__missing;pathology_neurodegenerative_dementia__present;pathology_neurodegenerative_dementia__log1p,True,0.4855125825087761,0.44454351459599994,0.45,0.20666666666666667,0.07815237525446103,0.09866392896013022,0.8553239143661843,0.8527249546720734,0.2271659252622828,0.21765342755381217,,integrated_brier_not_available_from_single_horizon_prediction,0.6710985409652076,-0.15725226707894224,0.9830169238456139,,0.6684552440733924
S2_linear_PH_inst45,1,cs_gbsa_dgm_cif,Gradient Boosting Survival,dgm,3500,1500,1574,724,1202,675,310,515,10.986178125000038,False,,,False,,,36,age;sex_Female;MMSE;MTL_total_pct;Temporal_lateral_total_pct;Medial_parietal_total_pct;Posterior_total_pct;Ventricles_total_pct;wmh_icv_pct;wmh_log_icv;wmh_missing;pathology_ischaemic;pathology_ischaemic__missing;pathology_ischaemic__present;pathology_ischaemic__log1p;pathology_neurodegenerative_dementia;pathology_neurodegenerative_dementia__missing;pathology_neurodegenerative_dementia__present;pathology_neurodegenerative_dementia__log1p;falls;hypertension;Cerebrovascular_accident;Epilepsy;Diabetes_mellitus;Chronic_kidney_disease;Parkinsons_disease;Transient_ischemic_attack;Chronic_obstructive_lung_disease;Arthritis;Heart_failure;Ischemic_heart_disease;Atrial_fibrillation;Chronic_liver_disease;Coronary_arteriosclerosis;IMD_Score_2019_synthetic;IMD_Decile_2019_synthetic,True,0.4622743781092742,0.44454351459599994,0.45,0.20666666666666667,0.08433474106344224,0.10418089236997445,0.8934181599188654,0.8896133549089403,0.22854543004459196,0.22595073905709545,,integrated_brier_not_available_from_single_horizon_prediction,0.6807793490460158,0.07219756448746006,1.874970409635618,,0.672142795752462
S2_linear_PH_inst45,1,cs_gbsa_all_safe_cif,Gradient Boosting Survival,all_safe,3500,1500,1574,724,1202,675,310,515,17.97439908299998,False,,,False,,,160,age;sex_Female;MMSE;IMD_Score_2019_synthetic;IMD_Decile_2019_synthetic;diagnosis_reference_NOT_PREDICTOR;wmh_icv_pct;wmh_log_icv;MTL_total_pct;Temporal_lateral_total_pct;Medial_parietal_total_pct;Posterior_total_pct;Ventricles_total_pct;LI_PCgG;LI_PCu;LI_MTG;LI_ITG;LI_STG;Right_Hippocampus_pct;Left_Hippocampus_pct;Right_Entorhinal_pct;Left_Entorhinal_pct;Right_Parahippocampal_pct;Left_Parahippocampal_pct;Right_MTG_pct;Left_MTG_pct;Right_ITG_pct;Left_ITG_pct;Right_STG_pct;Left_STG_pct;Right_Fusiform_pct;Left_Fusiform_pct;Right_TemporalPole_pct;Left_TemporalPole_pct;Right_PosteriorCingulate_pct;Left_PosteriorCingulate_pct;Right_Precuneus_pct;Left_Precuneus_pct;Right_SPL_pct;Left_SPL_pct;Right_SOG_pct;Left_SOG_pct;Right_MOG_pct;Left_MOG_pct;Right_IOG_pct;Left_IOG_pct;Right_LateralVentricle_pct;Left_LateralVentricle_pct;Right_InfLatVentricle_pct;Left_InfLatVentricle_pct;Right_Frontal_Region01_pct;Right_Frontal_Region02_pct;Right_Frontal_Region03_pct;Right_Frontal_Region04_pct;Right_Frontal_Region05_pct;Right_Frontal_Region06_pct;Right_Parietal_Region01_pct;Right_Parietal_Region02_pct;Right_Parietal_Region03_pct;Right_Parietal_Region04_pct;Right_Parietal_Region05_pct;Right_Parietal_Region06_pct;Right_Temporal_Region01_pct;Right_Temporal_Region02_pct;Right_Temporal_Region03_pct;Right_Temporal_Region04_pct;Right_Temporal_Region05_pct;Right_Temporal_Region06_pct;Right_Occipital_Region01_pct;Right_Occipital_Region02_pct;Right_Occipital_Region03_pct;Right_Occipital_Region04_pct;Right_Occipital_Region05_pct;Right_Occipital_Region06_pct;Right_Insula_Region01_pct;Right_Insula_Region02_pct;Right_Insula_Region03_pct;Right_Insula_Region04_pct;Right_Insula_Region05_pct;Right_Insula_Region06_pct;Right_Cingulate_Region01_pct;Right_Cingulate_Region02_pct;Right_Cingulate_Region03_pct;Right_Cingulate_Region04_pct;Right_Cingulate_Region05_pct;Right_Cingulate_Region06_pct;Right_DeepNuclei_Region01_pct;Right_DeepNuclei_Region02_pct;Right_DeepNuclei_Region03_pct;Right_DeepNuclei_Region04_pct;Right_DeepNuclei_Region05_pct;Right_DeepNuclei_Region06_pct;Left_Frontal_Region01_pct;Left_Frontal_Region02_pct;Left_Frontal_Region03_pct;Left_Frontal_Region04_pct;Left_Frontal_Region05_pct;Left_Frontal_Region06_pct;Left_Parietal_Region01_pct;Left_Parietal_Region02_pct;Left_Parietal_Region03_pct;Left_Parietal_Region04_pct;Left_Parietal_Region05_pct;Left_Parietal_Region06_pct;Left_Temporal_Region01_pct;Left_Temporal_Region02_pct;Left_Temporal_Region03_pct;Left_Temporal_Region04_pct;Left_Temporal_Region05_pct;Left_Temporal_Region06_pct;Left_Occipital_Region01_pct;Left_Occipital_Region02_pct;Left_Occipital_Region03_pct;Left_Occipital_Region04_pct;Left_Occipital_Region05_pct;Left_Occipital_Region06_pct;Left_Insula_Region01_pct;Left_Insula_Region02_pct;Left_Insula_Region03_pct;Left_Insula_Region04_pct;Left_Insula_Region05_pct;Left_Insula_Region06_pct;Left_Cingulate_Region01_pct;Left_Cingulate_Region02_pct;Left_Cingulate_Region03_pct;Left_Cingulate_Region04_pct;Left_Cingulate_Region05_pct;Left_Cingulate_Region06_pct;Left_DeepNuclei_Region01_pct;Left_DeepNuclei_Region02_pct;Left_DeepNuclei_Region03_pct;Left_DeepNuclei_Region04_pct;Left_DeepNuclei_Region05_pct;Left_DeepNuclei_Region06_pct;falls;hypertension;Cerebrovascular_accident;Epilepsy;Diabetes_mellitus;Chronic_kidney_disease;Parkinsons_disease;Transient_ischemic_attack;Chronic_obstructive_lung_disease;Arthritis;Heart_failure;Ischemic_heart_disease;Atrial_fibrillation;Chronic_liver_disease;Coronary_arteriosclerosis;pathology_ischaemic;pathology_neurodegenerative_dementia;wmh_missing;pathology_ischaemic__missing;pathology_ischaemic__present;pathology_ischaemic__log1p;pathology_neurodegenerative_dementia__missing;pathology_neurodegenerative_dementia__present;pathology_neurodegenerative_dementia__log1p,True,0.46249326380437744,0.44454351459599994,0.45,0.20666666666666667,0.08358637253097438,0.10259861494674324,0.8862071903512059,0.8812388447405699,0.22787478063905842,0.22526912400699192,,integrated_brier_not_available_from_single_horizon_prediction,0.681297418630752,0.05941791707509302,1.7820813286899795,,0.6716700897104194
S2_linear_PH_inst45,1,deepsurv_dgm_cause_specific_optional,DeepSurv optional,dgm,3500,1500,1574,724,1202,675,310,515,0.0013223749999724532,False,,,True,"missing_optional_deep_dependencies:torchtuples,pycox",,,,False,,0.44454351459599994,0.45,0.20666666666666667,,,,,,,,,,,,,
S2_linear_PH_inst45,1,deepsurv_all_safe_cause_specific_optional,DeepSurv optional,all_safe,3500,1500,1574,724,1202,675,310,515,0.001493166999978257,False,,,True,"missing_optional_deep_dependencies:torchtuples,pycox",,,,False,,0.44454351459599994,0.45,0.20666666666666667,,,,,,,,,,,,,
S2_linear_PH_inst45,1,deephit_competing_risk_dgm_optional,DeepHit optional,dgm,3500,1500,1574,724,1202,675,310,515,0.0012553329999605012,False,,,True,"missing_optional_deephit_dependencies:torchtuples,pycox",,,,False,,0.44454351459599994,0.45,0.20666666666666667,,,,,,,,,,,,,
S2_linear_PH_inst45,1,deephit_competing_risk_all_safe_reduced_optional,DeepHit optional,all_safe_reduced,3500,1500,1574,724,1202,675,310,515,0.0011758750000012697,False,,,True,"missing_optional_deephit_dependencies:torchtuples,pycox",,,,False,,0.44454351459599994,0.45,0.20666666666666667,,,,,,,,,,,,,
S2_linear_PH_inst45,2,finegray_dgm_cif_R,Fine-Gray,dgm,3500,1500,1574,716,1210,675,306,519,10.025517707999995,False,,,False,,,36,age;sex_Female;MMSE;MTL_total_pct;Temporal_lateral_total_pct;Medial_parietal_total_pct;Posterior_total_pct;Ventricles_total_pct;wmh_icv_pct;wmh_log_icv;wmh_missing;pathology_ischaemic;pathology_ischaemic__missing;pathology_ischaemic__present;pathology_ischaemic__log1p;pathology_neurodegenerative_dementia;pathology_neurodegenerative_dementia__missing;pathology_neurodegenerative_dementia__present;pathology_neurodegenerative_dementia__log1p;falls;hypertension;Cerebrovascular_accident;Epilepsy;Diabetes_mellitus;Chronic_kidney_disease;Parkinsons_disease;Transient_ischemic_attack;Chronic_obstructive_lung_disease;Arthritis;Heart_failure;Ischemic_heart_disease;Atrial_fibrillation;Chronic_liver_disease;Coronary_arteriosclerosis;IMD_Score_2019_synthetic;IMD_Decile_2019_synthetic,True,0.44745669803357974,0.44907606204733336,0.45,0.204,0.053729891873966894,0.0731584746973449,0.9316849509710895,0.9208474780076368,0.225002257295294,0.21167501741061973,,integrated_brier_not_available_from_single_horizon_prediction,0.68181189674523,-0.03647619591745688,0.7654095902905329,,0.6747309463065599
S2_linear_PH_inst45,2,finegray_all_safe_reduced_R,Fine-Gray,all_safe_reduced,3500,1500,1574,716,1210,675,306,519,6.755748874999995,False,,,False,,,30,MMSE;Right_InfLatVentricle_pct;Left_Hippocampus_pct;Right_Hippocampus_pct;Right_LateralVentricle_pct;Left_InfLatVentricle_pct;Left_LateralVentricle_pct;Left_Entorhinal_pct;Right_Parahippocampal_pct;Right_Entorhinal_pct;Left_Parahippocampal_pct;Left_MOG_pct;Left_Occipital_Region03_pct;Right_SOG_pct;Right_Occipital_Region06_pct;Ventricles_total_pct;Right_SPL_pct;Left_Occipital_Region05_pct;Left_Precuneus_pct;Posterior_total_pct;Right_Occipital_Region01_pct;Left_Occipital_Region02_pct;Right_Occipital_Region05_pct;Right_MOG_pct;Right_IOG_pct;Right_Occipital_Region04_pct;Left_Occipital_Region06_pct;Left_SOG_pct;Left_TemporalPole_pct;Left_PosteriorCingulate_pct,True,0.44727488668592924,0.44907606204733336,0.45,0.204,0.06106084272967309,0.07751584838902201,0.8979403173068078,0.8972514737701608,0.22540737621584866,0.21998049656601198,,integrated_brier_not_available_from_single_horizon_prediction,0.6718778900112232,-0.014755787447455952,0.8682830352328205,,0.6573458256356118
S2_linear_PH_inst45,2,cs_rsf_dgm_cif,Random Survival Forest,dgm,3500,1500,1574,716,1210,675,306,519,2.502814625000042,False,,,False,,,36,age;sex_Female;MMSE;MTL_total_pct;Temporal_lateral_total_pct;Medial_parietal_total_pct;Posterior_total_pct;Ventricles_total_pct;wmh_icv_pct;wmh_log_icv;wmh_missing;pathology_ischaemic;pathology_ischaemic__missing;pathology_ischaemic__present;pathology_ischaemic__log1p;pathology_neurodegenerative_dementia;pathology_neurodegenerative_dementia__missing;pathology_neurodegenerative_dementia__present;pathology_neurodegenerative_dementia__log1p;falls;hypertension;Cerebrovascular_accident;Epilepsy;Diabetes_mellitus;Chronic_kidney_disease;Parkinsons_disease;Transient_ischemic_attack;Chronic_obstructive_lung_disease;Arthritis;Heart_failure;Ischemic_heart_disease;Atrial_fibrillation;Chronic_liver_disease;Coronary_arteriosclerosis;IMD_Score_2019_synthetic;IMD_Decile_2019_synthetic,True,0.4768503523056836,0.44907606204733336,0.45,0.204,0.061872510029943345,0.0780597561385184,0.908757918559075,0.9075664970400588,0.22564936140061193,0.21395896896512803,,integrated_brier_not_available_from_single_horizon_prediction,0.675117396184063,-0.11924394254547509,0.991911156693319,,0.6751708161050995
S2_linear_PH_inst45,2,cs_rsf_all_safe_cif,Random Survival Forest,all_safe,3500,1500,1574,716,1210,675,306,519,8.979519167000035,False,,,False,,,160,age;sex_Female;MMSE;IMD_Score_2019_synthetic;IMD_Decile_2019_synthetic;diagnosis_reference_NOT_PREDICTOR;wmh_icv_pct;wmh_log_icv;MTL_total_pct;Temporal_lateral_total_pct;Medial_parietal_total_pct;Posterior_total_pct;Ventricles_total_pct;LI_PCgG;LI_PCu;LI_MTG;LI_ITG;LI_STG;Right_Hippocampus_pct;Left_Hippocampus_pct;Right_Entorhinal_pct;Left_Entorhinal_pct;Right_Parahippocampal_pct;Left_Parahippocampal_pct;Right_MTG_pct;Left_MTG_pct;Right_ITG_pct;Left_ITG_pct;Right_STG_pct;Left_STG_pct;Right_Fusiform_pct;Left_Fusiform_pct;Right_TemporalPole_pct;Left_TemporalPole_pct;Right_PosteriorCingulate_pct;Left_PosteriorCingulate_pct;Right_Precuneus_pct;Left_Precuneus_pct;Right_SPL_pct;Left_SPL_pct;Right_SOG_pct;Left_SOG_pct;Right_MOG_pct;Left_MOG_pct;Right_IOG_pct;Left_IOG_pct;Right_LateralVentricle_pct;Left_LateralVentricle_pct;Right_InfLatVentricle_pct;Left_InfLatVentricle_pct;Right_Frontal_Region01_pct;Right_Frontal_Region02_pct;Right_Frontal_Region03_pct;Right_Frontal_Region04_pct;Right_Frontal_Region05_pct;Right_Frontal_Region06_pct;Right_Parietal_Region01_pct;Right_Parietal_Region02_pct;Right_Parietal_Region03_pct;Right_Parietal_Region04_pct;Right_Parietal_Region05_pct;Right_Parietal_Region06_pct;Right_Temporal_Region01_pct;Right_Temporal_Region02_pct;Right_Temporal_Region03_pct;Right_Temporal_Region04_pct;Right_Temporal_Region05_pct;Right_Temporal_Region06_pct;Right_Occipital_Region01_pct;Right_Occipital_Region02_pct;Right_Occipital_Region03_pct;Right_Occipital_Region04_pct;Right_Occipital_Region05_pct;Right_Occipital_Region06_pct;Right_Insula_Region01_pct;Right_Insula_Region02_pct;Right_Insula_Region03_pct;Right_Insula_Region04_pct;Right_Insula_Region05_pct;Right_Insula_Region06_pct;Right_Cingulate_Region01_pct;Right_Cingulate_Region02_pct;Right_Cingulate_Region03_pct;Right_Cingulate_Region04_pct;Right_Cingulate_Region05_pct;Right_Cingulate_Region06_pct;Right_DeepNuclei_Region01_pct;Right_DeepNuclei_Region02_pct;Right_DeepNuclei_Region03_pct;Right_DeepNuclei_Region04_pct;Right_DeepNuclei_Region05_pct;Right_DeepNuclei_Region06_pct;Left_Frontal_Region01_pct;Left_Frontal_Region02_pct;Left_Frontal_Region03_pct;Left_Frontal_Region04_pct;Left_Frontal_Region05_pct;Left_Frontal_Region06_pct;Left_Parietal_Region01_pct;Left_Parietal_Region02_pct;Left_Parietal_Region03_pct;Left_Parietal_Region04_pct;Left_Parietal_Region05_pct;Left_Parietal_Region06_pct;Left_Temporal_Region01_pct;Left_Temporal_Region02_pct;Left_Temporal_Region03_pct;Left_Temporal_Region04_pct;Left_Temporal_Region05_pct;Left_Temporal_Region06_pct;Left_Occipital_Region01_pct;Left_Occipital_Region02_pct;Left_Occipital_Region03_pct;Left_Occipital_Region04_pct;Left_Occipital_Region05_pct;Left_Occipital_Region06_pct;Left_Insula_Region01_pct;Left_Insula_Region02_pct;Left_Insula_Region03_pct;Left_Insula_Region04_pct;Left_Insula_Region05_pct;Left_Insula_Region06_pct;Left_Cingulate_Region01_pct;Left_Cingulate_Region02_pct;Left_Cingulate_Region03_pct;Left_Cingulate_Region04_pct;Left_Cingulate_Region05_pct;Left_Cingulate_Region06_pct;Left_DeepNuclei_Region01_pct;Left_DeepNuclei_Region02_pct;Left_DeepNuclei_Region03_pct;Left_DeepNuclei_Region04_pct;Left_DeepNuclei_Region05_pct;Left_DeepNuclei_Region06_pct;falls;hypertension;Cerebrovascular_accident;Epilepsy;Diabetes_mellitus;Chronic_kidney_disease;Parkinsons_disease;Transient_ischemic_attack;Chronic_obstructive_lung_disease;Arthritis;Heart_failure;Ischemic_heart_disease;Atrial_fibrillation;Chronic_liver_disease;Coronary_arteriosclerosis;pathology_ischaemic;pathology_neurodegenerative_dementia;wmh_missing;pathology_ischaemic__missing;pathology_ischaemic__present;pathology_ischaemic__log1p;pathology_neurodegenerative_dementia__missing;pathology_neurodegenerative_dementia__present;pathology_neurodegenerative_dementia__log1p,True,0.4916661086288177,0.44907606204733336,0.45,0.204,0.07833267159020124,0.09894158937616307,0.8546711211871649,0.8572239444122953,0.229147555396167,0.21891468985233875,,integrated_brier_not_available_from_single_horizon_prediction,0.6644668911335578,-0.18339141440303924,0.949637060518483,,0.6613090525204539
S2_linear_PH_inst45,2,cs_gbsa_dgm_cif,Gradient Boosting Survival,dgm,3500,1500,1574,716,1210,675,306,519,10.885469083000032,False,,,False,,,36,age;sex_Female;MMSE;MTL_total_pct;Temporal_lateral_total_pct;Medial_parietal_total_pct;Posterior_total_pct;Ventricles_total_pct;wmh_icv_pct;wmh_log_icv;wmh_missing;pathology_ischaemic;pathology_ischaemic__missing;pathology_ischaemic__present;pathology_ischaemic__log1p;pathology_neurodegenerative_dementia;pathology_neurodegenerative_dementia__missing;pathology_neurodegenerative_dementia__present;pathology_neurodegenerative_dementia__log1p;falls;hypertension;Cerebrovascular_accident;Epilepsy;Diabetes_mellitus;Chronic_kidney_disease;Parkinsons_disease;Transient_ischemic_attack;Chronic_obstructive_lung_disease;Arthritis;Heart_failure;Ischemic_heart_disease;Atrial_fibrillation;Chronic_liver_disease;Coronary_arteriosclerosis;IMD_Score_2019_synthetic;IMD_Decile_2019_synthetic,True,0.4676166901687049,0.44907606204733336,0.45,0.204,0.08592370446505576,0.10588651504258671,0.8748835018065937,0.8682423930541521,0.22952471068357636,0.22533855857854776,,integrated_brier_not_available_from_single_horizon_prediction,0.6685153759820426,0.005844123135106079,1.655446571554929,,0.6664027447875429
S2_linear_PH_inst45,2,cs_gbsa_all_safe_cif,Gradient Boosting Survival,all_safe,3500,1500,1574,716,1210,675,306,519,17.35136349999999,False,,,False,,,160,age;sex_Female;MMSE;IMD_Score_2019_synthetic;IMD_Decile_2019_synthetic;diagnosis_reference_NOT_PREDICTOR;wmh_icv_pct;wmh_log_icv;MTL_total_pct;Temporal_lateral_total_pct;Medial_parietal_total_pct;Posterior_total_pct;Ventricles_total_pct;LI_PCgG;LI_PCu;LI_MTG;LI_ITG;LI_STG;Right_Hippocampus_pct;Left_Hippocampus_pct;Right_Entorhinal_pct;Left_Entorhinal_pct;Right_Parahippocampal_pct;Left_Parahippocampal_pct;Right_MTG_pct;Left_MTG_pct;Right_ITG_pct;Left_ITG_pct;Right_STG_pct;Left_STG_pct;Right_Fusiform_pct;Left_Fusiform_pct;Right_TemporalPole_pct;Left_TemporalPole_pct;Right_PosteriorCingulate_pct;Left_PosteriorCingulate_pct;Right_Precuneus_pct;Left_Precuneus_pct;Right_SPL_pct;Left_SPL_pct;Right_SOG_pct;Left_SOG_pct;Right_MOG_pct;Left_MOG_pct;Right_IOG_pct;Left_IOG_pct;Right_LateralVentricle_pct;Left_LateralVentricle_pct;Right_InfLatVentricle_pct;Left_InfLatVentricle_pct;Right_Frontal_Region01_pct;Right_Frontal_Region02_pct;Right_Frontal_Region03_pct;Right_Frontal_Region04_pct;Right_Frontal_Region05_pct;Right_Frontal_Region06_pct;Right_Parietal_Region01_pct;Right_Parietal_Region02_pct;Right_Parietal_Region03_pct;Right_Parietal_Region04_pct;Right_Parietal_Region05_pct;Right_Parietal_Region06_pct;Right_Temporal_Region01_pct;Right_Temporal_Region02_pct;Right_Temporal_Region03_pct;Right_Temporal_Region04_pct;Right_Temporal_Region05_pct;Right_Temporal_Region06_pct;Right_Occipital_Region01_pct;Right_Occipital_Region02_pct;Right_Occipital_Region03_pct;Right_Occipital_Region04_pct;Right_Occipital_Region05_pct;Right_Occipital_Region06_pct;Right_Insula_Region01_pct;Right_Insula_Region02_pct;Right_Insula_Region03_pct;Right_Insula_Region04_pct;Right_Insula_Region05_pct;Right_Insula_Region06_pct;Right_Cingulate_Region01_pct;Right_Cingulate_Region02_pct;Right_Cingulate_Region03_pct;Right_Cingulate_Region04_pct;Right_Cingulate_Region05_pct;Right_Cingulate_Region06_pct;Right_DeepNuclei_Region01_pct;Right_DeepNuclei_Region02_pct;Right_DeepNuclei_Region03_pct;Right_DeepNuclei_Region04_pct;Right_DeepNuclei_Region05_pct;Right_DeepNuclei_Region06_pct;Left_Frontal_Region01_pct;Left_Frontal_Region02_pct;Left_Frontal_Region03_pct;Left_Frontal_Region04_pct;Left_Frontal_Region05_pct;Left_Frontal_Region06_pct;Left_Parietal_Region01_pct;Left_Parietal_Region02_pct;Left_Parietal_Region03_pct;Left_Parietal_Region04_pct;Left_Parietal_Region05_pct;Left_Parietal_Region06_pct;Left_Temporal_Region01_pct;Left_Temporal_Region02_pct;Left_Temporal_Region03_pct;Left_Temporal_Region04_pct;Left_Temporal_Region05_pct;Left_Temporal_Region06_pct;Left_Occipital_Region01_pct;Left_Occipital_Region02_pct;Left_Occipital_Region03_pct;Left_Occipital_Region04_pct;Left_Occipital_Region05_pct;Left_Occipital_Region06_pct;Left_Insula_Region01_pct;Left_Insula_Region02_pct;Left_Insula_Region03_pct;Left_Insula_Region04_pct;Left_Insula_Region05_pct;Left_Insula_Region06_pct;Left_Cingulate_Region01_pct;Left_Cingulate_Region02_pct;Left_Cingulate_Region03_pct;Left_Cingulate_Region04_pct;Left_Cingulate_Region05_pct;Left_Cingulate_Region06_pct;Left_DeepNuclei_Region01_pct;Left_DeepNuclei_Region02_pct;Left_DeepNuclei_Region03_pct;Left_DeepNuclei_Region04_pct;Left_DeepNuclei_Region05_pct;Left_DeepNuclei_Region06_pct;falls;hypertension;Cerebrovascular_accident;Epilepsy;Diabetes_mellitus;Chronic_kidney_disease;Parkinsons_disease;Transient_ischemic_attack;Chronic_obstructive_lung_disease;Arthritis;Heart_failure;Ischemic_heart_disease;Atrial_fibrillation;Chronic_liver_disease;Coronary_arteriosclerosis;pathology_ischaemic;pathology_neurodegenerative_dementia;wmh_missing;pathology_ischaemic__missing;pathology_ischaemic__present;pathology_ischaemic__log1p;pathology_neurodegenerative_dementia__missing;pathology_neurodegenerative_dementia__present;pathology_neurodegenerative_dementia__log1p,True,0.4668654463690673,0.44907606204733336,0.45,0.204,0.0837985122386873,0.10374732058172806,0.8876513532341271,0.881984177232898,0.22889487347873091,0.2248515471094102,,integrated_brier_not_available_from_single_horizon_prediction,0.673230078563412,0.01543353924689475,1.704106871036461,,0.670569778012375
S2_linear_PH_inst45,2,deepsurv_dgm_cause_specific_optional,DeepSurv optional,dgm,3500,1500,1574,716,1210,675,306,519,0.0015945829999850503,False,,,True,"missing_optional_deep_dependencies:torchtuples,pycox",,,,False,,0.44907606204733336,0.45,0.204,,,,,,,,,,,,,
S2_linear_PH_inst45,2,deepsurv_all_safe_cause_specific_optional,DeepSurv optional,all_safe,3500,1500,1574,716,1210,675,306,519,0.0014959580000208916,False,,,True,"missing_optional_deep_dependencies:torchtuples,pycox",,,,False,,0.44907606204733336,0.45,0.204,,,,,,,,,,,,,
S2_linear_PH_inst45,2,deephit_competing_risk_dgm_optional,DeepHit optional,dgm,3500,1500,1574,716,1210,675,306,519,0.0011717920000364757,False,,,True,"missing_optional_deephit_dependencies:torchtuples,pycox",,,,False,,0.44907606204733336,0.45,0.204,,,,,,,,,,,,,
S2_linear_PH_inst45,2,deephit_competing_risk_all_safe_reduced_optional,DeepHit optional,all_safe_reduced,3500,1500,1574,716,1210,675,306,519,0.0011359999999740467,False,,,True,"missing_optional_deephit_dependencies:torchtuples,pycox",,,,False,,0.44907606204733336,0.45,0.204,,,,,,,,,,,,,
S3_nonlinear_interaction_inst30,1,finegray_dgm_cif_R,Fine-Gray,dgm,3500,1500,1049,826,1625,450,354,696,7.839725166999983,False,,,False,,,36,age;sex_Female;MMSE;MTL_total_pct;Temporal_lateral_total_pct;Medial_parietal_total_pct;Posterior_total_pct;Ventricles_total_pct;wmh_icv_pct;wmh_log_icv;wmh_missing;pathology_ischaemic;pathology_ischaemic__missing;pathology_ischaemic__present;pathology_ischaemic__log1p;pathology_neurodegenerative_dementia;pathology_neurodegenerative_dementia__missing;pathology_neurodegenerative_dementia__present;pathology_neurodegenerative_dementia__log1p;falls;hypertension;Cerebrovascular_accident;Epilepsy;Diabetes_mellitus;Chronic_kidney_disease;Parkinsons_disease;Transient_ischemic_attack;Chronic_obstructive_lung_disease;Arthritis;Heart_failure;Ischemic_heart_disease;Atrial_fibrillation;Chronic_liver_disease;Coronary_arteriosclerosis;IMD_Score_2019_synthetic;IMD_Decile_2019_synthetic,True,0.3044062425165667,0.303417638562,0.3,0.236,0.05281237305535759,0.07510608325216403,0.934713062539139,0.925296891422026,0.18378723490125784,0.18488618726333989,,integrated_brier_not_available_from_single_horizon_prediction,0.7049693121693122,-0.1867490369167408,0.7796888049225325,,0.7120797796501609
S3_nonlinear_interaction_inst30,1,finegray_all_safe_reduced_R,Fine-Gray,all_safe_reduced,3500,1500,1049,826,1625,450,354,696,5.380879250000021,False,,,False,,,30,Right_InfLatVentricle_pct;MMSE;Right_LateralVentricle_pct;Left_LateralVentricle_pct;Right_Hippocampus_pct;Left_Entorhinal_pct;Left_Parahippocampal_pct;Left_InfLatVentricle_pct;Right_Parahippocampal_pct;Right_Entorhinal_pct;Left_Hippocampus_pct;Ventricles_total_pct;MTL_total_pct;Right_STG_pct;Right_Temporal_Region05_pct;Right_MTG_pct;Left_Temporal_Region01_pct;Left_Temporal_Region06_pct;Left_MTG_pct;Right_Temporal_Region04_pct;Left_STG_pct;Left_Fusiform_pct;Right_Precuneus_pct;Right_Occipital_Region05_pct;Right_Temporal_Region02_pct;Left_Temporal_Region05_pct;Left_Temporal_Region03_pct;Left_Occipital_Region04_pct;Right_Temporal_Region01_pct;Right_Occipital_Region01_pct,True,0.3029230041952119,0.303417638562,0.3,0.236,0.058875214311838224,0.08316513464923538,0.9093323045921354,0.9009027007121948,0.18584220488823952,0.1929117899171749,,integrated_brier_not_available_from_single_horizon_prediction,0.6932253968253967,-0.16449228348243078,0.8018728097713613,,0.6938977451421705
S3_nonlinear_interaction_inst30,1,cs_rsf_dgm_cif,Random Survival Forest,dgm,3500,1500,1049,826,1625,450,354,696,2.0378537920000213,False,,,False,,,36,age;sex_Female;MMSE;MTL_total_pct;Temporal_lateral_total_pct;Medial_parietal_total_pct;Posterior_total_pct;Ventricles_total_pct;wmh_icv_pct;wmh_log_icv;wmh_missing;pathology_ischaemic;pathology_ischaemic__missing;pathology_ischaemic__present;pathology_ischaemic__log1p;pathology_neurodegenerative_dementia;pathology_neurodegenerative_dementia__missing;pathology_neurodegenerative_dementia__present;pathology_neurodegenerative_dementia__log1p;falls;hypertension;Cerebrovascular_accident;Epilepsy;Diabetes_mellitus;Chronic_kidney_disease;Parkinsons_disease;Transient_ischemic_attack;Chronic_obstructive_lung_disease;Arthritis;Heart_failure;Ischemic_heart_disease;Atrial_fibrillation;Chronic_liver_disease;Coronary_arteriosclerosis;IMD_Score_2019_synthetic;IMD_Decile_2019_synthetic,True,0.32220972597334996,0.303417638562,0.3,0.236,0.06290669111156504,0.08509637092245775,0.9075300744578109,0.8977614377100778,0.18512163821545785,0.19017761513191958,,integrated_brier_not_available_from_single_horizon_prediction,0.7032592592592593,-0.12358739081086342,0.9909318877034188,,0.7164602043669404
S3_nonlinear_interaction_inst30,1,cs_rsf_all_safe_cif,Random Survival Forest,all_safe,3500,1500,1049,826,1625,450,354,696,8.412103290999994,False,,,False,,,160,age;sex_Female;MMSE;IMD_Score_2019_synthetic;IMD_Decile_2019_synthetic;diagnosis_reference_NOT_PREDICTOR;wmh_icv_pct;wmh_log_icv;MTL_total_pct;Temporal_lateral_total_pct;Medial_parietal_total_pct;Posterior_total_pct;Ventricles_total_pct;LI_PCgG;LI_PCu;LI_MTG;LI_ITG;LI_STG;Right_Hippocampus_pct;Left_Hippocampus_pct;Right_Entorhinal_pct;Left_Entorhinal_pct;Right_Parahippocampal_pct;Left_Parahippocampal_pct;Right_MTG_pct;Left_MTG_pct;Right_ITG_pct;Left_ITG_pct;Right_STG_pct;Left_STG_pct;Right_Fusiform_pct;Left_Fusiform_pct;Right_TemporalPole_pct;Left_TemporalPole_pct;Right_PosteriorCingulate_pct;Left_PosteriorCingulate_pct;Right_Precuneus_pct;Left_Precuneus_pct;Right_SPL_pct;Left_SPL_pct;Right_SOG_pct;Left_SOG_pct;Right_MOG_pct;Left_MOG_pct;Right_IOG_pct;Left_IOG_pct;Right_LateralVentricle_pct;Left_LateralVentricle_pct;Right_InfLatVentricle_pct;Left_InfLatVentricle_pct;Right_Frontal_Region01_pct;Right_Frontal_Region02_pct;Right_Frontal_Region03_pct;Right_Frontal_Region04_pct;Right_Frontal_Region05_pct;Right_Frontal_Region06_pct;Right_Parietal_Region01_pct;Right_Parietal_Region02_pct;Right_Parietal_Region03_pct;Right_Parietal_Region04_pct;Right_Parietal_Region05_pct;Right_Parietal_Region06_pct;Right_Temporal_Region01_pct;Right_Temporal_Region02_pct;Right_Temporal_Region03_pct;Right_Temporal_Region04_pct;Right_Temporal_Region05_pct;Right_Temporal_Region06_pct;Right_Occipital_Region01_pct;Right_Occipital_Region02_pct;Right_Occipital_Region03_pct;Right_Occipital_Region04_pct;Right_Occipital_Region05_pct;Right_Occipital_Region06_pct;Right_Insula_Region01_pct;Right_Insula_Region02_pct;Right_Insula_Region03_pct;Right_Insula_Region04_pct;Right_Insula_Region05_pct;Right_Insula_Region06_pct;Right_Cingulate_Region01_pct;Right_Cingulate_Region02_pct;Right_Cingulate_Region03_pct;Right_Cingulate_Region04_pct;Right_Cingulate_Region05_pct;Right_Cingulate_Region06_pct;Right_DeepNuclei_Region01_pct;Right_DeepNuclei_Region02_pct;Right_DeepNuclei_Region03_pct;Right_DeepNuclei_Region04_pct;Right_DeepNuclei_Region05_pct;Right_DeepNuclei_Region06_pct;Left_Frontal_Region01_pct;Left_Frontal_Region02_pct;Left_Frontal_Region03_pct;Left_Frontal_Region04_pct;Left_Frontal_Region05_pct;Left_Frontal_Region06_pct;Left_Parietal_Region01_pct;Left_Parietal_Region02_pct;Left_Parietal_Region03_pct;Left_Parietal_Region04_pct;Left_Parietal_Region05_pct;Left_Parietal_Region06_pct;Left_Temporal_Region01_pct;Left_Temporal_Region02_pct;Left_Temporal_Region03_pct;Left_Temporal_Region04_pct;Left_Temporal_Region05_pct;Left_Temporal_Region06_pct;Left_Occipital_Region01_pct;Left_Occipital_Region02_pct;Left_Occipital_Region03_pct;Left_Occipital_Region04_pct;Left_Occipital_Region05_pct;Left_Occipital_Region06_pct;Left_Insula_Region01_pct;Left_Insula_Region02_pct;Left_Insula_Region03_pct;Left_Insula_Region04_pct;Left_Insula_Region05_pct;Left_Insula_Region06_pct;Left_Cingulate_Region01_pct;Left_Cingulate_Region02_pct;Left_Cingulate_Region03_pct;Left_Cingulate_Region04_pct;Left_Cingulate_Region05_pct;Left_Cingulate_Region06_pct;Left_DeepNuclei_Region01_pct;Left_DeepNuclei_Region02_pct;Left_DeepNuclei_Region03_pct;Left_DeepNuclei_Region04_pct;Left_DeepNuclei_Region05_pct;Left_DeepNuclei_Region06_pct;falls;hypertension;Cerebrovascular_accident;Epilepsy;Diabetes_mellitus;Chronic_kidney_disease;Parkinsons_disease;Transient_ischemic_attack;Chronic_obstructive_lung_disease;Arthritis;Heart_failure;Ischemic_heart_disease;Atrial_fibrillation;Chronic_liver_disease;Coronary_arteriosclerosis;pathology_ischaemic;pathology_neurodegenerative_dementia;wmh_missing;pathology_ischaemic__missing;pathology_ischaemic__present;pathology_ischaemic__log1p;pathology_neurodegenerative_dementia__missing;pathology_neurodegenerative_dementia__present;pathology_neurodegenerative_dementia__log1p,True,0.33423322265346905,0.303417638562,0.3,0.236,0.08082237555611411,0.10437912009051153,0.8536782780792349,0.8492896720242228,0.19034630314458742,0.19611517779262014,,integrated_brier_not_available_from_single_horizon_prediction,0.6888740740740741,-0.2509388069867584,0.877830658421852,,0.699071365823962
S3_nonlinear_interaction_inst30,1,cs_gbsa_dgm_cif,Gradient Boosting Survival,dgm,3500,1500,1049,826,1625,450,354,696,10.282849292000037,False,,,False,,,36,age;sex_Female;MMSE;MTL_total_pct;Temporal_lateral_total_pct;Medial_parietal_total_pct;Posterior_total_pct;Ventricles_total_pct;wmh_icv_pct;wmh_log_icv;wmh_missing;pathology_ischaemic;pathology_ischaemic__missing;pathology_ischaemic__present;pathology_ischaemic__log1p;pathology_neurodegenerative_dementia;pathology_neurodegenerative_dementia__missing;pathology_neurodegenerative_dementia__present;pathology_neurodegenerative_dementia__log1p;falls;hypertension;Cerebrovascular_accident;Epilepsy;Diabetes_mellitus;Chronic_kidney_disease;Parkinsons_disease;Transient_ischemic_attack;Chronic_obstructive_lung_disease;Arthritis;Heart_failure;Ischemic_heart_disease;Atrial_fibrillation;Chronic_liver_disease;Coronary_arteriosclerosis;IMD_Score_2019_synthetic;IMD_Decile_2019_synthetic,True,0.31509448073158136,0.303417638562,0.3,0.236,0.09962614159923415,0.12277436331478565,0.7987885867084901,0.8256088414203135,0.19082055335421816,0.20356327544318545,,integrated_brier_not_available_from_single_horizon_prediction,0.6785809523809524,0.41130938069192907,1.6515538800926817,,0.6958430582463627
S3_nonlinear_interaction_inst30,1,cs_gbsa_all_safe_cif,Gradient Boosting Survival,all_safe,3500,1500,1049,826,1625,450,354,696,16.848394874999997,False,,,False,,,160,age;sex_Female;MMSE;IMD_Score_2019_synthetic;IMD_Decile_2019_synthetic;diagnosis_reference_NOT_PREDICTOR;wmh_icv_pct;wmh_log_icv;MTL_total_pct;Temporal_lateral_total_pct;Medial_parietal_total_pct;Posterior_total_pct;Ventricles_total_pct;LI_PCgG;LI_PCu;LI_MTG;LI_ITG;LI_STG;Right_Hippocampus_pct;Left_Hippocampus_pct;Right_Entorhinal_pct;Left_Entorhinal_pct;Right_Parahippocampal_pct;Left_Parahippocampal_pct;Right_MTG_pct;Left_MTG_pct;Right_ITG_pct;Left_ITG_pct;Right_STG_pct;Left_STG_pct;Right_Fusiform_pct;Left_Fusiform_pct;Right_TemporalPole_pct;Left_TemporalPole_pct;Right_PosteriorCingulate_pct;Left_PosteriorCingulate_pct;Right_Precuneus_pct;Left_Precuneus_pct;Right_SPL_pct;Left_SPL_pct;Right_SOG_pct;Left_SOG_pct;Right_MOG_pct;Left_MOG_pct;Right_IOG_pct;Left_IOG_pct;Right_LateralVentricle_pct;Left_LateralVentricle_pct;Right_InfLatVentricle_pct;Left_InfLatVentricle_pct;Right_Frontal_Region01_pct;Right_Frontal_Region02_pct;Right_Frontal_Region03_pct;Right_Frontal_Region04_pct;Right_Frontal_Region05_pct;Right_Frontal_Region06_pct;Right_Parietal_Region01_pct;Right_Parietal_Region02_pct;Right_Parietal_Region03_pct;Right_Parietal_Region04_pct;Right_Parietal_Region05_pct;Right_Parietal_Region06_pct;Right_Temporal_Region01_pct;Right_Temporal_Region02_pct;Right_Temporal_Region03_pct;Right_Temporal_Region04_pct;Right_Temporal_Region05_pct;Right_Temporal_Region06_pct;Right_Occipital_Region01_pct;Right_Occipital_Region02_pct;Right_Occipital_Region03_pct;Right_Occipital_Region04_pct;Right_Occipital_Region05_pct;Right_Occipital_Region06_pct;Right_Insula_Region01_pct;Right_Insula_Region02_pct;Right_Insula_Region03_pct;Right_Insula_Region04_pct;Right_Insula_Region05_pct;Right_Insula_Region06_pct;Right_Cingulate_Region01_pct;Right_Cingulate_Region02_pct;Right_Cingulate_Region03_pct;Right_Cingulate_Region04_pct;Right_Cingulate_Region05_pct;Right_Cingulate_Region06_pct;Right_DeepNuclei_Region01_pct;Right_DeepNuclei_Region02_pct;Right_DeepNuclei_Region03_pct;Right_DeepNuclei_Region04_pct;Right_DeepNuclei_Region05_pct;Right_DeepNuclei_Region06_pct;Left_Frontal_Region01_pct;Left_Frontal_Region02_pct;Left_Frontal_Region03_pct;Left_Frontal_Region04_pct;Left_Frontal_Region05_pct;Left_Frontal_Region06_pct;Left_Parietal_Region01_pct;Left_Parietal_Region02_pct;Left_Parietal_Region03_pct;Left_Parietal_Region04_pct;Left_Parietal_Region05_pct;Left_Parietal_Region06_pct;Left_Temporal_Region01_pct;Left_Temporal_Region02_pct;Left_Temporal_Region03_pct;Left_Temporal_Region04_pct;Left_Temporal_Region05_pct;Left_Temporal_Region06_pct;Left_Occipital_Region01_pct;Left_Occipital_Region02_pct;Left_Occipital_Region03_pct;Left_Occipital_Region04_pct;Left_Occipital_Region05_pct;Left_Occipital_Region06_pct;Left_Insula_Region01_pct;Left_Insula_Region02_pct;Left_Insula_Region03_pct;Left_Insula_Region04_pct;Left_Insula_Region05_pct;Left_Insula_Region06_pct;Left_Cingulate_Region01_pct;Left_Cingulate_Region02_pct;Left_Cingulate_Region03_pct;Left_Cingulate_Region04_pct;Left_Cingulate_Region05_pct;Left_Cingulate_Region06_pct;Left_DeepNuclei_Region01_pct;Left_DeepNuclei_Region02_pct;Left_DeepNuclei_Region03_pct;Left_DeepNuclei_Region04_pct;Left_DeepNuclei_Region05_pct;Left_DeepNuclei_Region06_pct;falls;hypertension;Cerebrovascular_accident;Epilepsy;Diabetes_mellitus;Chronic_kidney_disease;Parkinsons_disease;Transient_ischemic_attack;Chronic_obstructive_lung_disease;Arthritis;Heart_failure;Ischemic_heart_disease;Atrial_fibrillation;Chronic_liver_disease;Coronary_arteriosclerosis;pathology_ischaemic;pathology_neurodegenerative_dementia;wmh_missing;pathology_ischaemic__missing;pathology_ischaemic__present;pathology_ischaemic__log1p;pathology_neurodegenerative_dementia__missing;pathology_neurodegenerative_dementia__present;pathology_neurodegenerative_dementia__log1p,True,0.3144638139401716,0.303417638562,0.3,0.236,0.09831566551903224,0.12079957900512364,0.8247049633890181,0.8524409578644985,0.19076329636611658,0.20351019777992937,,integrated_brier_not_available_from_single_horizon_prediction,0.6836412698412698,0.48877310796661294,1.7510505362691549,,0.7001748997102851
S3_nonlinear_interaction_inst30,1,deepsurv_dgm_cause_specific_optional,DeepSurv optional,dgm,3500,1500,1049,826,1625,450,354,696,0.0014367919999926926,False,,,True,"missing_optional_deep_dependencies:torchtuples,pycox",,,,False,,0.303417638562,0.3,0.236,,,,,,,,,,,,,
S3_nonlinear_interaction_inst30,1,deepsurv_all_safe_cause_specific_optional,DeepSurv optional,all_safe,3500,1500,1049,826,1625,450,354,696,0.001564540999993369,False,,,True,"missing_optional_deep_dependencies:torchtuples,pycox",,,,False,,0.303417638562,0.3,0.236,,,,,,,,,,,,,
S3_nonlinear_interaction_inst30,1,deephit_competing_risk_dgm_optional,DeepHit optional,dgm,3500,1500,1049,826,1625,450,354,696,0.0011503749999519641,False,,,True,"missing_optional_deephit_dependencies:torchtuples,pycox",,,,False,,0.303417638562,0.3,0.236,,,,,,,,,,,,,
S3_nonlinear_interaction_inst30,1,deephit_competing_risk_all_safe_reduced_optional,DeepHit optional,all_safe_reduced,3500,1500,1049,826,1625,450,354,696,0.001118374999975913,False,,,True,"missing_optional_deephit_dependencies:torchtuples,pycox",,,,False,,0.303417638562,0.3,0.236,,,,,,,,,,,,,
S3_nonlinear_interaction_inst30,2,finegray_dgm_cif_R,Fine-Gray,dgm,3500,1500,1050,830,1620,450,356,694,6.991844958999991,False,,,False,,,36,age;sex_Female;MMSE;MTL_total_pct;Temporal_lateral_total_pct;Medial_parietal_total_pct;Posterior_total_pct;Ventricles_total_pct;wmh_icv_pct;wmh_log_icv;wmh_missing;pathology_ischaemic;pathology_ischaemic__missing;pathology_ischaemic__present;pathology_ischaemic__log1p;pathology_neurodegenerative_dementia;pathology_neurodegenerative_dementia__missing;pathology_neurodegenerative_dementia__present;pathology_neurodegenerative_dementia__log1p;falls;hypertension;Cerebrovascular_accident;Epilepsy;Diabetes_mellitus;Chronic_kidney_disease;Parkinsons_disease;Transient_ischemic_attack;Chronic_obstructive_lung_disease;Arthritis;Heart_failure;Ischemic_heart_disease;Atrial_fibrillation;Chronic_liver_disease;Coronary_arteriosclerosis;IMD_Score_2019_synthetic;IMD_Decile_2019_synthetic,True,0.3080441002686892,0.29662780626133334,0.3,0.23733333333333334,0.05149751584468047,0.07350384843188652,0.9315278771235009,0.9281034996896713,0.17424510284514214,0.17309268754937682,,integrated_brier_not_available_from_single_horizon_prediction,0.7444296296296297,-0.06605198093267417,0.9718248567139411,,0.7412219865648412
S3_nonlinear_interaction_inst30,2,finegray_all_safe_reduced_R,Fine-Gray,all_safe_reduced,3500,1500,1050,830,1620,450,356,694,5.420633082999984,False,,,False,,,30,MMSE;Right_LateralVentricle_pct;Right_InfLatVentricle_pct;Left_LateralVentricle_pct;Right_Entorhinal_pct;Left_Entorhinal_pct;Left_Hippocampus_pct;Left_InfLatVentricle_pct;Right_Parahippocampal_pct;Right_Hippocampus_pct;Ventricles_total_pct;Left_Parahippocampal_pct;MTL_total_pct;Right_Temporal_Region06_pct;Left_Temporal_Region03_pct;Left_TemporalPole_pct;Right_Temporal_Region05_pct;Right_Temporal_Region01_pct;Right_Temporal_Region02_pct;Left_Temporal_Region06_pct;Left_ITG_pct;Right_Temporal_Region03_pct;Left_Temporal_Region02_pct;Left_Temporal_Region05_pct;Right_STG_pct;Left_Temporal_Region01_pct;Right_TemporalPole_pct;Right_Temporal_Region04_pct;Left_STG_pct;Left_Occipital_Region02_pct,True,0.3067452811861242,0.29662780626133334,0.3,0.23733333333333334,0.06096540927520732,0.08385792988958765,0.9022458338870373,0.9003816469649993,0.1764965539207332,0.18127777974916803,,integrated_brier_not_available_from_single_horizon_prediction,0.7369481481481481,-0.0469914082753156,0.9875674416784112,,0.7265187132569373
S3_nonlinear_interaction_inst30,2,cs_rsf_dgm_cif,Random Survival Forest,dgm,3500,1500,1050,830,1620,450,356,694,2.2584015830000226,False,,,False,,,36,age;sex_Female;MMSE;MTL_total_pct;Temporal_lateral_total_pct;Medial_parietal_total_pct;Posterior_total_pct;Ventricles_total_pct;wmh_icv_pct;wmh_log_icv;wmh_missing;pathology_ischaemic;pathology_ischaemic__missing;pathology_ischaemic__present;pathology_ischaemic__log1p;pathology_neurodegenerative_dementia;pathology_neurodegenerative_dementia__missing;pathology_neurodegenerative_dementia__present;pathology_neurodegenerative_dementia__log1p;falls;hypertension;Cerebrovascular_accident;Epilepsy;Diabetes_mellitus;Chronic_kidney_disease;Parkinsons_disease;Transient_ischemic_attack;Chronic_obstructive_lung_disease;Arthritis;Heart_failure;Ischemic_heart_disease;Atrial_fibrillation;Chronic_liver_disease;Coronary_arteriosclerosis;IMD_Score_2019_synthetic;IMD_Decile_2019_synthetic,True,0.32530617165247055,0.29662780626133334,0.3,0.23733333333333334,0.06396582712761847,0.0837739132058229,0.9111808885248395,0.9096300708285561,0.1750432850579014,0.17741268085470688,,integrated_brier_not_available_from_single_horizon_prediction,0.7474560846560847,0.028377188162898644,1.2656656394999382,,0.7428852527761425
S3_nonlinear_interaction_inst30,2,cs_rsf_all_safe_cif,Random Survival Forest,all_safe,3500,1500,1050,830,1620,450,356,694,8.985024167000006,False,,,False,,,160,age;sex_Female;MMSE;IMD_Score_2019_synthetic;IMD_Decile_2019_synthetic;diagnosis_reference_NOT_PREDICTOR;wmh_icv_pct;wmh_log_icv;MTL_total_pct;Temporal_lateral_total_pct;Medial_parietal_total_pct;Posterior_total_pct;Ventricles_total_pct;LI_PCgG;LI_PCu;LI_MTG;LI_ITG;LI_STG;Right_Hippocampus_pct;Left_Hippocampus_pct;Right_Entorhinal_pct;Left_Entorhinal_pct;Right_Parahippocampal_pct;Left_Parahippocampal_pct;Right_MTG_pct;Left_MTG_pct;Right_ITG_pct;Left_ITG_pct;Right_STG_pct;Left_STG_pct;Right_Fusiform_pct;Left_Fusiform_pct;Right_TemporalPole_pct;Left_TemporalPole_pct;Right_PosteriorCingulate_pct;Left_PosteriorCingulate_pct;Right_Precuneus_pct;Left_Precuneus_pct;Right_SPL_pct;Left_SPL_pct;Right_SOG_pct;Left_SOG_pct;Right_MOG_pct;Left_MOG_pct;Right_IOG_pct;Left_IOG_pct;Right_LateralVentricle_pct;Left_LateralVentricle_pct;Right_InfLatVentricle_pct;Left_InfLatVentricle_pct;Right_Frontal_Region01_pct;Right_Frontal_Region02_pct;Right_Frontal_Region03_pct;Right_Frontal_Region04_pct;Right_Frontal_Region05_pct;Right_Frontal_Region06_pct;Right_Parietal_Region01_pct;Right_Parietal_Region02_pct;Right_Parietal_Region03_pct;Right_Parietal_Region04_pct;Right_Parietal_Region05_pct;Right_Parietal_Region06_pct;Right_Temporal_Region01_pct;Right_Temporal_Region02_pct;Right_Temporal_Region03_pct;Right_Temporal_Region04_pct;Right_Temporal_Region05_pct;Right_Temporal_Region06_pct;Right_Occipital_Region01_pct;Right_Occipital_Region02_pct;Right_Occipital_Region03_pct;Right_Occipital_Region04_pct;Right_Occipital_Region05_pct;Right_Occipital_Region06_pct;Right_Insula_Region01_pct;Right_Insula_Region02_pct;Right_Insula_Region03_pct;Right_Insula_Region04_pct;Right_Insula_Region05_pct;Right_Insula_Region06_pct;Right_Cingulate_Region01_pct;Right_Cingulate_Region02_pct;Right_Cingulate_Region03_pct;Right_Cingulate_Region04_pct;Right_Cingulate_Region05_pct;Right_Cingulate_Region06_pct;Right_DeepNuclei_Region01_pct;Right_DeepNuclei_Region02_pct;Right_DeepNuclei_Region03_pct;Right_DeepNuclei_Region04_pct;Right_DeepNuclei_Region05_pct;Right_DeepNuclei_Region06_pct;Left_Frontal_Region01_pct;Left_Frontal_Region02_pct;Left_Frontal_Region03_pct;Left_Frontal_Region04_pct;Left_Frontal_Region05_pct;Left_Frontal_Region06_pct;Left_Parietal_Region01_pct;Left_Parietal_Region02_pct;Left_Parietal_Region03_pct;Left_Parietal_Region04_pct;Left_Parietal_Region05_pct;Left_Parietal_Region06_pct;Left_Temporal_Region01_pct;Left_Temporal_Region02_pct;Left_Temporal_Region03_pct;Left_Temporal_Region04_pct;Left_Temporal_Region05_pct;Left_Temporal_Region06_pct;Left_Occipital_Region01_pct;Left_Occipital_Region02_pct;Left_Occipital_Region03_pct;Left_Occipital_Region04_pct;Left_Occipital_Region05_pct;Left_Occipital_Region06_pct;Left_Insula_Region01_pct;Left_Insula_Region02_pct;Left_Insula_Region03_pct;Left_Insula_Region04_pct;Left_Insula_Region05_pct;Left_Insula_Region06_pct;Left_Cingulate_Region01_pct;Left_Cingulate_Region02_pct;Left_Cingulate_Region03_pct;Left_Cingulate_Region04_pct;Left_Cingulate_Region05_pct;Left_Cingulate_Region06_pct;Left_DeepNuclei_Region01_pct;Left_DeepNuclei_Region02_pct;Left_DeepNuclei_Region03_pct;Left_DeepNuclei_Region04_pct;Left_DeepNuclei_Region05_pct;Left_DeepNuclei_Region06_pct;falls;hypertension;Cerebrovascular_accident;Epilepsy;Diabetes_mellitus;Chronic_kidney_disease;Parkinsons_disease;Transient_ischemic_attack;Chronic_obstructive_lung_disease;Arthritis;Heart_failure;Ischemic_heart_disease;Atrial_fibrillation;Chronic_liver_disease;Coronary_arteriosclerosis;pathology_ischaemic;pathology_neurodegenerative_dementia;wmh_missing;pathology_ischaemic__missing;pathology_ischaemic__present;pathology_ischaemic__log1p;pathology_neurodegenerative_dementia__missing;pathology_neurodegenerative_dementia__present;pathology_neurodegenerative_dementia__log1p,True,0.3376419137327579,0.29662780626133334,0.3,0.23733333333333334,0.08118606442192992,0.10409801954788185,0.8644904499957556,0.8611274436698962,0.17973096945600953,0.18302290220163103,,integrated_brier_not_available_from_single_horizon_prediction,0.732368253968254,-0.10168858796980161,1.169933741290533,,0.725002620904333
S3_nonlinear_interaction_inst30,2,cs_gbsa_dgm_cif,Gradient Boosting Survival,dgm,3500,1500,1050,830,1620,450,356,694,10.889573249999955,False,,,False,,,36,age;sex_Female;MMSE;MTL_total_pct;Temporal_lateral_total_pct;Medial_parietal_total_pct;Posterior_total_pct;Ventricles_total_pct;wmh_icv_pct;wmh_log_icv;wmh_missing;pathology_ischaemic;pathology_ischaemic__missing;pathology_ischaemic__present;pathology_ischaemic__log1p;pathology_neurodegenerative_dementia;pathology_neurodegenerative_dementia__missing;pathology_neurodegenerative_dementia__present;pathology_neurodegenerative_dementia__log1p;falls;hypertension;Cerebrovascular_accident;Epilepsy;Diabetes_mellitus;Chronic_kidney_disease;Parkinsons_disease;Transient_ischemic_attack;Chronic_obstructive_lung_disease;Arthritis;Heart_failure;Ischemic_heart_disease;Atrial_fibrillation;Chronic_liver_disease;Coronary_arteriosclerosis;IMD_Score_2019_synthetic;IMD_Decile_2019_synthetic,True,0.3135922992656632,0.29662780626133334,0.3,0.23733333333333334,0.10397608249991998,0.1261239758912667,0.8451353446660899,0.8592580523907368,0.18787055319437496,0.20091798578928266,,integrated_brier_not_available_from_single_horizon_prediction,0.7219788359788359,0.9579473385164118,2.3675088599272924,,0.723149843148956
S3_nonlinear_interaction_inst30,2,cs_gbsa_all_safe_cif,Gradient Boosting Survival,all_safe,3500,1500,1050,830,1620,450,356,694,15.947770875000003,False,,,False,,,160,age;sex_Female;MMSE;IMD_Score_2019_synthetic;IMD_Decile_2019_synthetic;diagnosis_reference_NOT_PREDICTOR;wmh_icv_pct;wmh_log_icv;MTL_total_pct;Temporal_lateral_total_pct;Medial_parietal_total_pct;Posterior_total_pct;Ventricles_total_pct;LI_PCgG;LI_PCu;LI_MTG;LI_ITG;LI_STG;Right_Hippocampus_pct;Left_Hippocampus_pct;Right_Entorhinal_pct;Left_Entorhinal_pct;Right_Parahippocampal_pct;Left_Parahippocampal_pct;Right_MTG_pct;Left_MTG_pct;Right_ITG_pct;Left_ITG_pct;Right_STG_pct;Left_STG_pct;Right_Fusiform_pct;Left_Fusiform_pct;Right_TemporalPole_pct;Left_TemporalPole_pct;Right_PosteriorCingulate_pct;Left_PosteriorCingulate_pct;Right_Precuneus_pct;Left_Precuneus_pct;Right_SPL_pct;Left_SPL_pct;Right_SOG_pct;Left_SOG_pct;Right_MOG_pct;Left_MOG_pct;Right_IOG_pct;Left_IOG_pct;Right_LateralVentricle_pct;Left_LateralVentricle_pct;Right_InfLatVentricle_pct;Left_InfLatVentricle_pct;Right_Frontal_Region01_pct;Right_Frontal_Region02_pct;Right_Frontal_Region03_pct;Right_Frontal_Region04_pct;Right_Frontal_Region05_pct;Right_Frontal_Region06_pct;Right_Parietal_Region01_pct;Right_Parietal_Region02_pct;Right_Parietal_Region03_pct;Right_Parietal_Region04_pct;Right_Parietal_Region05_pct;Right_Parietal_Region06_pct;Right_Temporal_Region01_pct;Right_Temporal_Region02_pct;Right_Temporal_Region03_pct;Right_Temporal_Region04_pct;Right_Temporal_Region05_pct;Right_Temporal_Region06_pct;Right_Occipital_Region01_pct;Right_Occipital_Region02_pct;Right_Occipital_Region03_pct;Right_Occipital_Region04_pct;Right_Occipital_Region05_pct;Right_Occipital_Region06_pct;Right_Insula_Region01_pct;Right_Insula_Region02_pct;Right_Insula_Region03_pct;Right_Insula_Region04_pct;Right_Insula_Region05_pct;Right_Insula_Region06_pct;Right_Cingulate_Region01_pct;Right_Cingulate_Region02_pct;Right_Cingulate_Region03_pct;Right_Cingulate_Region04_pct;Right_Cingulate_Region05_pct;Right_Cingulate_Region06_pct;Right_DeepNuclei_Region01_pct;Right_DeepNuclei_Region02_pct;Right_DeepNuclei_Region03_pct;Right_DeepNuclei_Region04_pct;Right_DeepNuclei_Region05_pct;Right_DeepNuclei_Region06_pct;Left_Frontal_Region01_pct;Left_Frontal_Region02_pct;Left_Frontal_Region03_pct;Left_Frontal_Region04_pct;Left_Frontal_Region05_pct;Left_Frontal_Region06_pct;Left_Parietal_Region01_pct;Left_Parietal_Region02_pct;Left_Parietal_Region03_pct;Left_Parietal_Region04_pct;Left_Parietal_Region05_pct;Left_Parietal_Region06_pct;Left_Temporal_Region01_pct;Left_Temporal_Region02_pct;Left_Temporal_Region03_pct;Left_Temporal_Region04_pct;Left_Temporal_Region05_pct;Left_Temporal_Region06_pct;Left_Occipital_Region01_pct;Left_Occipital_Region02_pct;Left_Occipital_Region03_pct;Left_Occipital_Region04_pct;Left_Occipital_Region05_pct;Left_Occipital_Region06_pct;Left_Insula_Region01_pct;Left_Insula_Region02_pct;Left_Insula_Region03_pct;Left_Insula_Region04_pct;Left_Insula_Region05_pct;Left_Insula_Region06_pct;Left_Cingulate_Region01_pct;Left_Cingulate_Region02_pct;Left_Cingulate_Region03_pct;Left_Cingulate_Region04_pct;Left_Cingulate_Region05_pct;Left_Cingulate_Region06_pct;Left_DeepNuclei_Region01_pct;Left_DeepNuclei_Region02_pct;Left_DeepNuclei_Region03_pct;Left_DeepNuclei_Region04_pct;Left_DeepNuclei_Region05_pct;Left_DeepNuclei_Region06_pct;falls;hypertension;Cerebrovascular_accident;Epilepsy;Diabetes_mellitus;Chronic_kidney_disease;Parkinsons_disease;Transient_ischemic_attack;Chronic_obstructive_lung_disease;Arthritis;Heart_failure;Ischemic_heart_disease;Atrial_fibrillation;Chronic_liver_disease;Coronary_arteriosclerosis;pathology_ischaemic;pathology_neurodegenerative_dementia;wmh_missing;pathology_ischaemic__missing;pathology_ischaemic__present;pathology_ischaemic__log1p;pathology_neurodegenerative_dementia__missing;pathology_neurodegenerative_dementia__present;pathology_neurodegenerative_dementia__log1p,True,0.3139435453755963,0.29662780626133334,0.3,0.23733333333333334,0.10368475680659944,0.12670076941094738,0.8420835504293575,0.848181681137203,0.188494669893511,0.20155519352384302,,integrated_brier_not_available_from_single_horizon_prediction,0.7202920634920635,0.8723731865444365,2.2574503344219212,,0.723263751683427
S3_nonlinear_interaction_inst30,2,deepsurv_dgm_cause_specific_optional,DeepSurv optional,dgm,3500,1500,1050,830,1620,450,356,694,0.0013471249999952306,False,,,True,"missing_optional_deep_dependencies:torchtuples,pycox",,,,False,,0.29662780626133334,0.3,0.23733333333333334,,,,,,,,,,,,,
S3_nonlinear_interaction_inst30,2,deepsurv_all_safe_cause_specific_optional,DeepSurv optional,all_safe,3500,1500,1050,830,1620,450,356,694,0.0012390409999625263,False,,,True,"missing_optional_deep_dependencies:torchtuples,pycox",,,,False,,0.29662780626133334,0.3,0.23733333333333334,,,,,,,,,,,,,
S3_nonlinear_interaction_inst30,2,deephit_competing_risk_dgm_optional,DeepHit optional,dgm,3500,1500,1050,830,1620,450,356,694,0.0013994170000160011,False,,,True,"missing_optional_deephit_dependencies:torchtuples,pycox",,,,False,,0.29662780626133334,0.3,0.23733333333333334,,,,,,,,,,,,,
S3_nonlinear_interaction_inst30,2,deephit_competing_risk_all_safe_reduced_optional,DeepHit optional,all_safe_reduced,3500,1500,1050,830,1620,450,356,694,0.0011969999999905667,False,,,True,"missing_optional_deephit_dependencies:torchtuples,pycox",,,,False,,0.29662780626133334,0.3,0.23733333333333334,,,,,,,,,,,,,
S4_nonPH_inst30,1,finegray_dgm_cif_R,Fine-Gray,dgm,3500,1500,1050,854,1596,450,366,684,7.469152624999992,False,,,False,,,36,age;sex_Female;MMSE;MTL_total_pct;Temporal_lateral_total_pct;Medial_parietal_total_pct;Posterior_total_pct;Ventricles_total_pct;wmh_icv_pct;wmh_log_icv;wmh_missing;pathology_ischaemic;pathology_ischaemic__missing;pathology_ischaemic__present;pathology_ischaemic__log1p;pathology_neurodegenerative_dementia;pathology_neurodegenerative_dementia__missing;pathology_neurodegenerative_dementia__present;pathology_neurodegenerative_dementia__log1p;falls;hypertension;Cerebrovascular_accident;Epilepsy;Diabetes_mellitus;Chronic_kidney_disease;Parkinsons_disease;Transient_ischemic_attack;Chronic_obstructive_lung_disease;Arthritis;Heart_failure;Ischemic_heart_disease;Atrial_fibrillation;Chronic_liver_disease;Coronary_arteriosclerosis;IMD_Score_2019_synthetic;IMD_Decile_2019_synthetic,True,0.30699859558539383,0.301325222922,0.3,0.244,0.05940934043202202,0.07938250671104502,0.8936645998509334,0.8728766305381133,0.1966585464298496,0.19967352359065432,,integrated_brier_not_available_from_single_horizon_prediction,0.6626666666666667,-0.19241497836589458,0.7916890576952043,,0.6868045492649154
S4_nonPH_inst30,1,finegray_all_safe_reduced_R,Fine-Gray,all_safe_reduced,3500,1500,1050,854,1596,450,366,684,5.22835337500004,False,,,False,,,30,MMSE;Right_LateralVentricle_pct;Left_LateralVentricle_pct;Left_InfLatVentricle_pct;Right_InfLatVentricle_pct;Ventricles_total_pct;Right_Parahippocampal_pct;Right_Hippocampus_pct;Left_Hippocampus_pct;Left_Parahippocampal_pct;Left_Entorhinal_pct;Right_Entorhinal_pct;Right_ITG_pct;Right_TemporalPole_pct;Left_Temporal_Region04_pct;Right_MTG_pct;Right_Occipital_Region06_pct;Right_Occipital_Region05_pct;Left_STG_pct;Left_Temporal_Region06_pct;Left_Temporal_Region05_pct;Right_SPL_pct;Right_Temporal_Region03_pct;Left_MOG_pct;MTL_total_pct;Left_Temporal_Region03_pct;Left_Temporal_Region01_pct;Right_Occipital_Region03_pct;Left_SOG_pct;Right_Temporal_Region01_pct,True,0.3068290715019002,0.301325222922,0.3,0.244,0.0597777794097033,0.07632995331082564,0.8849176484078437,0.8819277769967846,0.20028398734667832,0.20941544248888955,,integrated_brier_not_available_from_single_horizon_prediction,0.63965291005291,-0.22035213515528146,0.7562406327819656,,0.661096570424859
S4_nonPH_inst30,1,cs_rsf_dgm_cif,Random Survival Forest,dgm,3500,1500,1050,854,1596,450,366,684,1.9152983339999992,False,,,False,,,36,age;sex_Female;MMSE;MTL_total_pct;Temporal_lateral_total_pct;Medial_parietal_total_pct;Posterior_total_pct;Ventricles_total_pct;wmh_icv_pct;wmh_log_icv;wmh_missing;pathology_ischaemic;pathology_ischaemic__missing;pathology_ischaemic__present;pathology_ischaemic__log1p;pathology_neurodegenerative_dementia;pathology_neurodegenerative_dementia__missing;pathology_neurodegenerative_dementia__present;pathology_neurodegenerative_dementia__log1p;falls;hypertension;Cerebrovascular_accident;Epilepsy;Diabetes_mellitus;Chronic_kidney_disease;Parkinsons_disease;Transient_ischemic_attack;Chronic_obstructive_lung_disease;Arthritis;Heart_failure;Ischemic_heart_disease;Atrial_fibrillation;Chronic_liver_disease;Coronary_arteriosclerosis;IMD_Score_2019_synthetic;IMD_Decile_2019_synthetic,True,0.32035964831168173,0.301325222922,0.3,0.244,0.06786492617506727,0.08490549843478219,0.8747169185408528,0.8659530997684899,0.1971668980732768,0.20269480414821087,,integrated_brier_not_available_from_single_horizon_prediction,0.6577693121693121,-0.11383081964754266,0.9824192340840003,,0.6865155573956299
S4_nonPH_inst30,1,cs_rsf_all_safe_cif,Random Survival Forest,all_safe,3500,1500,1050,854,1596,450,366,684,7.160901959,False,,,False,,,160,age;sex_Female;MMSE;IMD_Score_2019_synthetic;IMD_Decile_2019_synthetic;diagnosis_reference_NOT_PREDICTOR;wmh_icv_pct;wmh_log_icv;MTL_total_pct;Temporal_lateral_total_pct;Medial_parietal_total_pct;Posterior_total_pct;Ventricles_total_pct;LI_PCgG;LI_PCu;LI_MTG;LI_ITG;LI_STG;Right_Hippocampus_pct;Left_Hippocampus_pct;Right_Entorhinal_pct;Left_Entorhinal_pct;Right_Parahippocampal_pct;Left_Parahippocampal_pct;Right_MTG_pct;Left_MTG_pct;Right_ITG_pct;Left_ITG_pct;Right_STG_pct;Left_STG_pct;Right_Fusiform_pct;Left_Fusiform_pct;Right_TemporalPole_pct;Left_TemporalPole_pct;Right_PosteriorCingulate_pct;Left_PosteriorCingulate_pct;Right_Precuneus_pct;Left_Precuneus_pct;Right_SPL_pct;Left_SPL_pct;Right_SOG_pct;Left_SOG_pct;Right_MOG_pct;Left_MOG_pct;Right_IOG_pct;Left_IOG_pct;Right_LateralVentricle_pct;Left_LateralVentricle_pct;Right_InfLatVentricle_pct;Left_InfLatVentricle_pct;Right_Frontal_Region01_pct;Right_Frontal_Region02_pct;Right_Frontal_Region03_pct;Right_Frontal_Region04_pct;Right_Frontal_Region05_pct;Right_Frontal_Region06_pct;Right_Parietal_Region01_pct;Right_Parietal_Region02_pct;Right_Parietal_Region03_pct;Right_Parietal_Region04_pct;Right_Parietal_Region05_pct;Right_Parietal_Region06_pct;Right_Temporal_Region01_pct;Right_Temporal_Region02_pct;Right_Temporal_Region03_pct;Right_Temporal_Region04_pct;Right_Temporal_Region05_pct;Right_Temporal_Region06_pct;Right_Occipital_Region01_pct;Right_Occipital_Region02_pct;Right_Occipital_Region03_pct;Right_Occipital_Region04_pct;Right_Occipital_Region05_pct;Right_Occipital_Region06_pct;Right_Insula_Region01_pct;Right_Insula_Region02_pct;Right_Insula_Region03_pct;Right_Insula_Region04_pct;Right_Insula_Region05_pct;Right_Insula_Region06_pct;Right_Cingulate_Region01_pct;Right_Cingulate_Region02_pct;Right_Cingulate_Region03_pct;Right_Cingulate_Region04_pct;Right_Cingulate_Region05_pct;Right_Cingulate_Region06_pct;Right_DeepNuclei_Region01_pct;Right_DeepNuclei_Region02_pct;Right_DeepNuclei_Region03_pct;Right_DeepNuclei_Region04_pct;Right_DeepNuclei_Region05_pct;Right_DeepNuclei_Region06_pct;Left_Frontal_Region01_pct;Left_Frontal_Region02_pct;Left_Frontal_Region03_pct;Left_Frontal_Region04_pct;Left_Frontal_Region05_pct;Left_Frontal_Region06_pct;Left_Parietal_Region01_pct;Left_Parietal_Region02_pct;Left_Parietal_Region03_pct;Left_Parietal_Region04_pct;Left_Parietal_Region05_pct;Left_Parietal_Region06_pct;Left_Temporal_Region01_pct;Left_Temporal_Region02_pct;Left_Temporal_Region03_pct;Left_Temporal_Region04_pct;Left_Temporal_Region05_pct;Left_Temporal_Region06_pct;Left_Occipital_Region01_pct;Left_Occipital_Region02_pct;Left_Occipital_Region03_pct;Left_Occipital_Region04_pct;Left_Occipital_Region05_pct;Left_Occipital_Region06_pct;Left_Insula_Region01_pct;Left_Insula_Region02_pct;Left_Insula_Region03_pct;Left_Insula_Region04_pct;Left_Insula_Region05_pct;Left_Insula_Region06_pct;Left_Cingulate_Region01_pct;Left_Cingulate_Region02_pct;Left_Cingulate_Region03_pct;Left_Cingulate_Region04_pct;Left_Cingulate_Region05_pct;Left_Cingulate_Region06_pct;Left_DeepNuclei_Region01_pct;Left_DeepNuclei_Region02_pct;Left_DeepNuclei_Region03_pct;Left_DeepNuclei_Region04_pct;Left_DeepNuclei_Region05_pct;Left_DeepNuclei_Region06_pct;falls;hypertension;Cerebrovascular_accident;Epilepsy;Diabetes_mellitus;Chronic_kidney_disease;Parkinsons_disease;Transient_ischemic_attack;Chronic_obstructive_lung_disease;Arthritis;Heart_failure;Ischemic_heart_disease;Atrial_fibrillation;Chronic_liver_disease;Coronary_arteriosclerosis;pathology_ischaemic;pathology_neurodegenerative_dementia;wmh_missing;pathology_ischaemic__missing;pathology_ischaemic__present;pathology_ischaemic__log1p;pathology_neurodegenerative_dementia__missing;pathology_neurodegenerative_dementia__present;pathology_neurodegenerative_dementia__log1p,True,0.3348768311904358,0.301325222922,0.3,0.244,0.07879335866257015,0.09495233411265361,0.8476929207524093,0.8485966179541022,0.20297512707832918,0.21073668054810166,,integrated_brier_not_available_from_single_horizon_prediction,0.6280105820105819,-0.24437844027412,0.8829924591435883,,0.6579934946085595
S4_nonPH_inst30,1,cs_gbsa_dgm_cif,Gradient Boosting Survival,dgm,3500,1500,1050,854,1596,450,366,684,9.513049333000026,False,,,False,,,36,age;sex_Female;MMSE;MTL_total_pct;Temporal_lateral_total_pct;Medial_parietal_total_pct;Posterior_total_pct;Ventricles_total_pct;wmh_icv_pct;wmh_log_icv;wmh_missing;pathology_ischaemic;pathology_ischaemic__missing;pathology_ischaemic__present;pathology_ischaemic__log1p;pathology_neurodegenerative_dementia;pathology_neurodegenerative_dementia__missing;pathology_neurodegenerative_dementia__present;pathology_neurodegenerative_dementia__log1p;falls;hypertension;Cerebrovascular_accident;Epilepsy;Diabetes_mellitus;Chronic_kidney_disease;Parkinsons_disease;Transient_ischemic_attack;Chronic_obstructive_lung_disease;Arthritis;Heart_failure;Ischemic_heart_disease;Atrial_fibrillation;Chronic_liver_disease;Coronary_arteriosclerosis;IMD_Score_2019_synthetic;IMD_Decile_2019_synthetic,True,0.3105180341479533,0.301325222922,0.3,0.244,0.09733717083522504,0.11814809338722239,0.8113478971726156,0.8096102786850635,0.20196674725119138,0.21675276265748505,,integrated_brier_not_available_from_single_horizon_prediction,0.6377206349206349,0.4768144575506541,1.6808974324590962,,0.6658772337944222
S4_nonPH_inst30,1,cs_gbsa_all_safe_cif,Gradient Boosting Survival,all_safe,3500,1500,1050,854,1596,450,366,684,16.04998191699997,False,,,False,,,160,age;sex_Female;MMSE;IMD_Score_2019_synthetic;IMD_Decile_2019_synthetic;diagnosis_reference_NOT_PREDICTOR;wmh_icv_pct;wmh_log_icv;MTL_total_pct;Temporal_lateral_total_pct;Medial_parietal_total_pct;Posterior_total_pct;Ventricles_total_pct;LI_PCgG;LI_PCu;LI_MTG;LI_ITG;LI_STG;Right_Hippocampus_pct;Left_Hippocampus_pct;Right_Entorhinal_pct;Left_Entorhinal_pct;Right_Parahippocampal_pct;Left_Parahippocampal_pct;Right_MTG_pct;Left_MTG_pct;Right_ITG_pct;Left_ITG_pct;Right_STG_pct;Left_STG_pct;Right_Fusiform_pct;Left_Fusiform_pct;Right_TemporalPole_pct;Left_TemporalPole_pct;Right_PosteriorCingulate_pct;Left_PosteriorCingulate_pct;Right_Precuneus_pct;Left_Precuneus_pct;Right_SPL_pct;Left_SPL_pct;Right_SOG_pct;Left_SOG_pct;Right_MOG_pct;Left_MOG_pct;Right_IOG_pct;Left_IOG_pct;Right_LateralVentricle_pct;Left_LateralVentricle_pct;Right_InfLatVentricle_pct;Left_InfLatVentricle_pct;Right_Frontal_Region01_pct;Right_Frontal_Region02_pct;Right_Frontal_Region03_pct;Right_Frontal_Region04_pct;Right_Frontal_Region05_pct;Right_Frontal_Region06_pct;Right_Parietal_Region01_pct;Right_Parietal_Region02_pct;Right_Parietal_Region03_pct;Right_Parietal_Region04_pct;Right_Parietal_Region05_pct;Right_Parietal_Region06_pct;Right_Temporal_Region01_pct;Right_Temporal_Region02_pct;Right_Temporal_Region03_pct;Right_Temporal_Region04_pct;Right_Temporal_Region05_pct;Right_Temporal_Region06_pct;Right_Occipital_Region01_pct;Right_Occipital_Region02_pct;Right_Occipital_Region03_pct;Right_Occipital_Region04_pct;Right_Occipital_Region05_pct;Right_Occipital_Region06_pct;Right_Insula_Region01_pct;Right_Insula_Region02_pct;Right_Insula_Region03_pct;Right_Insula_Region04_pct;Right_Insula_Region05_pct;Right_Insula_Region06_pct;Right_Cingulate_Region01_pct;Right_Cingulate_Region02_pct;Right_Cingulate_Region03_pct;Right_Cingulate_Region04_pct;Right_Cingulate_Region05_pct;Right_Cingulate_Region06_pct;Right_DeepNuclei_Region01_pct;Right_DeepNuclei_Region02_pct;Right_DeepNuclei_Region03_pct;Right_DeepNuclei_Region04_pct;Right_DeepNuclei_Region05_pct;Right_DeepNuclei_Region06_pct;Left_Frontal_Region01_pct;Left_Frontal_Region02_pct;Left_Frontal_Region03_pct;Left_Frontal_Region04_pct;Left_Frontal_Region05_pct;Left_Frontal_Region06_pct;Left_Parietal_Region01_pct;Left_Parietal_Region02_pct;Left_Parietal_Region03_pct;Left_Parietal_Region04_pct;Left_Parietal_Region05_pct;Left_Parietal_Region06_pct;Left_Temporal_Region01_pct;Left_Temporal_Region02_pct;Left_Temporal_Region03_pct;Left_Temporal_Region04_pct;Left_Temporal_Region05_pct;Left_Temporal_Region06_pct;Left_Occipital_Region01_pct;Left_Occipital_Region02_pct;Left_Occipital_Region03_pct;Left_Occipital_Region04_pct;Left_Occipital_Region05_pct;Left_Occipital_Region06_pct;Left_Insula_Region01_pct;Left_Insula_Region02_pct;Left_Insula_Region03_pct;Left_Insula_Region04_pct;Left_Insula_Region05_pct;Left_Insula_Region06_pct;Left_Cingulate_Region01_pct;Left_Cingulate_Region02_pct;Left_Cingulate_Region03_pct;Left_Cingulate_Region04_pct;Left_Cingulate_Region05_pct;Left_Cingulate_Region06_pct;Left_DeepNuclei_Region01_pct;Left_DeepNuclei_Region02_pct;Left_DeepNuclei_Region03_pct;Left_DeepNuclei_Region04_pct;Left_DeepNuclei_Region05_pct;Left_DeepNuclei_Region06_pct;falls;hypertension;Cerebrovascular_accident;Epilepsy;Diabetes_mellitus;Chronic_kidney_disease;Parkinsons_disease;Transient_ischemic_attack;Chronic_obstructive_lung_disease;Arthritis;Heart_failure;Ischemic_heart_disease;Atrial_fibrillation;Chronic_liver_disease;Coronary_arteriosclerosis;pathology_ischaemic;pathology_neurodegenerative_dementia;wmh_missing;pathology_ischaemic__missing;pathology_ischaemic__present;pathology_ischaemic__log1p;pathology_neurodegenerative_dementia__missing;pathology_neurodegenerative_dementia__present;pathology_neurodegenerative_dementia__log1p,True,0.3109190295937177,0.301325222922,0.3,0.244,0.09565147517488412,0.11593781085308677,0.840754839502531,0.8245263444832632,0.20208917927233164,0.21673762397675553,,integrated_brier_not_available_from_single_horizon_prediction,0.6385079365079365,0.4182639518866844,1.6084799793914322,,0.6670116806004472
S4_nonPH_inst30,1,deepsurv_dgm_cause_specific_optional,DeepSurv optional,dgm,3500,1500,1050,854,1596,450,366,684,0.0013957500000287837,False,,,True,"missing_optional_deep_dependencies:torchtuples,pycox",,,,False,,0.301325222922,0.3,0.244,,,,,,,,,,,,,
S4_nonPH_inst30,1,deepsurv_all_safe_cause_specific_optional,DeepSurv optional,all_safe,3500,1500,1050,854,1596,450,366,684,0.0014153749999650245,False,,,True,"missing_optional_deep_dependencies:torchtuples,pycox",,,,False,,0.301325222922,0.3,0.244,,,,,,,,,,,,,
S4_nonPH_inst30,1,deephit_competing_risk_dgm_optional,DeepHit optional,dgm,3500,1500,1050,854,1596,450,366,684,0.001269667000087793,False,,,True,"missing_optional_deephit_dependencies:torchtuples,pycox",,,,False,,0.301325222922,0.3,0.244,,,,,,,,,,,,,
S4_nonPH_inst30,1,deephit_competing_risk_all_safe_reduced_optional,DeepHit optional,all_safe_reduced,3500,1500,1050,854,1596,450,366,684,0.001200208999989627,False,,,True,"missing_optional_deephit_dependencies:torchtuples,pycox",,,,False,,0.301325222922,0.3,0.244,,,,,,,,,,,,,
S4_nonPH_inst30,2,finegray_dgm_cif_R,Fine-Gray,dgm,3500,1500,1050,842,1608,450,361,689,6.360400040999934,False,,,False,,,36,age;sex_Female;MMSE;MTL_total_pct;Temporal_lateral_total_pct;Medial_parietal_total_pct;Posterior_total_pct;Ventricles_total_pct;wmh_icv_pct;wmh_log_icv;wmh_missing;pathology_ischaemic;pathology_ischaemic__missing;pathology_ischaemic__present;pathology_ischaemic__log1p;pathology_neurodegenerative_dementia;pathology_neurodegenerative_dementia__missing;pathology_neurodegenerative_dementia__present;pathology_neurodegenerative_dementia__log1p;falls;hypertension;Cerebrovascular_accident;Epilepsy;Diabetes_mellitus;Chronic_kidney_disease;Parkinsons_disease;Transient_ischemic_attack;Chronic_obstructive_lung_disease;Arthritis;Heart_failure;Ischemic_heart_disease;Atrial_fibrillation;Chronic_liver_disease;Coronary_arteriosclerosis;IMD_Score_2019_synthetic;IMD_Decile_2019_synthetic,True,0.3016911136359287,0.2995939261,0.3,0.24066666666666667,0.05415347426817008,0.07595934726169778,0.9097345341042374,0.886993891799321,0.19452107194876528,0.19759547293840604,,integrated_brier_not_available_from_single_horizon_prediction,0.6713629629629629,-0.17389825238623338,0.7856848977227575,,0.6876903543101439
S4_nonPH_inst30,2,finegray_all_safe_reduced_R,Fine-Gray,all_safe_reduced,3500,1500,1050,842,1608,450,361,689,5.001072416000056,False,,,False,,,30,MMSE;Right_LateralVentricle_pct;Left_InfLatVentricle_pct;Right_InfLatVentricle_pct;Left_LateralVentricle_pct;Left_Entorhinal_pct;Right_Parahippocampal_pct;Right_Hippocampus_pct;Left_Hippocampus_pct;MTL_total_pct;Ventricles_total_pct;Left_Parahippocampal_pct;Right_Entorhinal_pct;Right_Precuneus_pct;Left_IOG_pct;Right_Occipital_Region06_pct;Right_Occipital_Region05_pct;Right_SPL_pct;Right_SOG_pct;Left_Occipital_Region04_pct;Left_Occipital_Region06_pct;Right_PosteriorCingulate_pct;Left_Occipital_Region03_pct;Left_Occipital_Region02_pct;Right_Temporal_Region01_pct;Left_MOG_pct;Right_MOG_pct;age;Left_PosteriorCingulate_pct;Left_SPL_pct,True,0.29865262778184226,0.2995939261,0.3,0.24066666666666667,0.05684542111471247,0.07865545752507712,0.902769926564412,0.8762416062620906,0.19336667460081253,0.19824822535709413,,integrated_brier_not_available_from_single_horizon_prediction,0.6773100529100529,-0.142788773700837,0.8103756582653346,,0.6900710388222342
S4_nonPH_inst30,2,cs_rsf_dgm_cif,Random Survival Forest,dgm,3500,1500,1050,842,1608,450,361,689,2.0117367909999757,False,,,False,,,36,age;sex_Female;MMSE;MTL_total_pct;Temporal_lateral_total_pct;Medial_parietal_total_pct;Posterior_total_pct;Ventricles_total_pct;wmh_icv_pct;wmh_log_icv;wmh_missing;pathology_ischaemic;pathology_ischaemic__missing;pathology_ischaemic__present;pathology_ischaemic__log1p;pathology_neurodegenerative_dementia;pathology_neurodegenerative_dementia__missing;pathology_neurodegenerative_dementia__present;pathology_neurodegenerative_dementia__log1p;falls;hypertension;Cerebrovascular_accident;Epilepsy;Diabetes_mellitus;Chronic_kidney_disease;Parkinsons_disease;Transient_ischemic_attack;Chronic_obstructive_lung_disease;Arthritis;Heart_failure;Ischemic_heart_disease;Atrial_fibrillation;Chronic_liver_disease;Coronary_arteriosclerosis;IMD_Score_2019_synthetic;IMD_Decile_2019_synthetic,True,0.31815635234463974,0.2995939261,0.3,0.24066666666666667,0.06162728439678309,0.07839760680285547,0.8941341893929732,0.8834876086807503,0.19468438535074306,0.20032110692583702,,integrated_brier_not_available_from_single_horizon_prediction,0.6690179894179895,-0.10825379636334864,0.9763398118493344,,0.6840218902434124
S4_nonPH_inst30,2,cs_rsf_all_safe_cif,Random Survival Forest,all_safe,3500,1500,1050,842,1608,450,361,689,7.480414290999988,False,,,False,,,160,age;sex_Female;MMSE;IMD_Score_2019_synthetic;IMD_Decile_2019_synthetic;diagnosis_reference_NOT_PREDICTOR;wmh_icv_pct;wmh_log_icv;MTL_total_pct;Temporal_lateral_total_pct;Medial_parietal_total_pct;Posterior_total_pct;Ventricles_total_pct;LI_PCgG;LI_PCu;LI_MTG;LI_ITG;LI_STG;Right_Hippocampus_pct;Left_Hippocampus_pct;Right_Entorhinal_pct;Left_Entorhinal_pct;Right_Parahippocampal_pct;Left_Parahippocampal_pct;Right_MTG_pct;Left_MTG_pct;Right_ITG_pct;Left_ITG_pct;Right_STG_pct;Left_STG_pct;Right_Fusiform_pct;Left_Fusiform_pct;Right_TemporalPole_pct;Left_TemporalPole_pct;Right_PosteriorCingulate_pct;Left_PosteriorCingulate_pct;Right_Precuneus_pct;Left_Precuneus_pct;Right_SPL_pct;Left_SPL_pct;Right_SOG_pct;Left_SOG_pct;Right_MOG_pct;Left_MOG_pct;Right_IOG_pct;Left_IOG_pct;Right_LateralVentricle_pct;Left_LateralVentricle_pct;Right_InfLatVentricle_pct;Left_InfLatVentricle_pct;Right_Frontal_Region01_pct;Right_Frontal_Region02_pct;Right_Frontal_Region03_pct;Right_Frontal_Region04_pct;Right_Frontal_Region05_pct;Right_Frontal_Region06_pct;Right_Parietal_Region01_pct;Right_Parietal_Region02_pct;Right_Parietal_Region03_pct;Right_Parietal_Region04_pct;Right_Parietal_Region05_pct;Right_Parietal_Region06_pct;Right_Temporal_Region01_pct;Right_Temporal_Region02_pct;Right_Temporal_Region03_pct;Right_Temporal_Region04_pct;Right_Temporal_Region05_pct;Right_Temporal_Region06_pct;Right_Occipital_Region01_pct;Right_Occipital_Region02_pct;Right_Occipital_Region03_pct;Right_Occipital_Region04_pct;Right_Occipital_Region05_pct;Right_Occipital_Region06_pct;Right_Insula_Region01_pct;Right_Insula_Region02_pct;Right_Insula_Region03_pct;Right_Insula_Region04_pct;Right_Insula_Region05_pct;Right_Insula_Region06_pct;Right_Cingulate_Region01_pct;Right_Cingulate_Region02_pct;Right_Cingulate_Region03_pct;Right_Cingulate_Region04_pct;Right_Cingulate_Region05_pct;Right_Cingulate_Region06_pct;Right_DeepNuclei_Region01_pct;Right_DeepNuclei_Region02_pct;Right_DeepNuclei_Region03_pct;Right_DeepNuclei_Region04_pct;Right_DeepNuclei_Region05_pct;Right_DeepNuclei_Region06_pct;Left_Frontal_Region01_pct;Left_Frontal_Region02_pct;Left_Frontal_Region03_pct;Left_Frontal_Region04_pct;Left_Frontal_Region05_pct;Left_Frontal_Region06_pct;Left_Parietal_Region01_pct;Left_Parietal_Region02_pct;Left_Parietal_Region03_pct;Left_Parietal_Region04_pct;Left_Parietal_Region05_pct;Left_Parietal_Region06_pct;Left_Temporal_Region01_pct;Left_Temporal_Region02_pct;Left_Temporal_Region03_pct;Left_Temporal_Region04_pct;Left_Temporal_Region05_pct;Left_Temporal_Region06_pct;Left_Occipital_Region01_pct;Left_Occipital_Region02_pct;Left_Occipital_Region03_pct;Left_Occipital_Region04_pct;Left_Occipital_Region05_pct;Left_Occipital_Region06_pct;Left_Insula_Region01_pct;Left_Insula_Region02_pct;Left_Insula_Region03_pct;Left_Insula_Region04_pct;Left_Insula_Region05_pct;Left_Insula_Region06_pct;Left_Cingulate_Region01_pct;Left_Cingulate_Region02_pct;Left_Cingulate_Region03_pct;Left_Cingulate_Region04_pct;Left_Cingulate_Region05_pct;Left_Cingulate_Region06_pct;Left_DeepNuclei_Region01_pct;Left_DeepNuclei_Region02_pct;Left_DeepNuclei_Region03_pct;Left_DeepNuclei_Region04_pct;Left_DeepNuclei_Region05_pct;Left_DeepNuclei_Region06_pct;falls;hypertension;Cerebrovascular_accident;Epilepsy;Diabetes_mellitus;Chronic_kidney_disease;Parkinsons_disease;Transient_ischemic_attack;Chronic_obstructive_lung_disease;Arthritis;Heart_failure;Ischemic_heart_disease;Atrial_fibrillation;Chronic_liver_disease;Coronary_arteriosclerosis;pathology_ischaemic;pathology_neurodegenerative_dementia;wmh_missing;pathology_ischaemic__missing;pathology_ischaemic__present;pathology_ischaemic__log1p;pathology_neurodegenerative_dementia__missing;pathology_neurodegenerative_dementia__present;pathology_neurodegenerative_dementia__log1p,True,0.33468357773836815,0.2995939261,0.3,0.24066666666666667,0.07149276519894372,0.08860968412030767,0.863065155140069,0.8667667608949131,0.19858642499813728,0.2054055528781972,,integrated_brier_not_available_from_single_horizon_prediction,0.6522730158730159,-0.21823261590615187,0.924969743962677,,0.674585539903085
S4_nonPH_inst30,2,cs_gbsa_dgm_cif,Gradient Boosting Survival,dgm,3500,1500,1050,842,1608,450,361,689,9.592720708000002,False,,,False,,,36,age;sex_Female;MMSE;MTL_total_pct;Temporal_lateral_total_pct;Medial_parietal_total_pct;Posterior_total_pct;Ventricles_total_pct;wmh_icv_pct;wmh_log_icv;wmh_missing;pathology_ischaemic;pathology_ischaemic__missing;pathology_ischaemic__present;pathology_ischaemic__log1p;pathology_neurodegenerative_dementia;pathology_neurodegenerative_dementia__missing;pathology_neurodegenerative_dementia__present;pathology_neurodegenerative_dementia__log1p;falls;hypertension;Cerebrovascular_accident;Epilepsy;Diabetes_mellitus;Chronic_kidney_disease;Parkinsons_disease;Transient_ischemic_attack;Chronic_obstructive_lung_disease;Arthritis;Heart_failure;Ischemic_heart_disease;Atrial_fibrillation;Chronic_liver_disease;Coronary_arteriosclerosis;IMD_Score_2019_synthetic;IMD_Decile_2019_synthetic,True,0.3066604908796459,0.2995939261,0.3,0.24066666666666667,0.09361055239492354,0.11576354617453992,0.8129196555828582,0.8075320656385709,0.19911832101921778,0.2131442851782743,,integrated_brier_not_available_from_single_horizon_prediction,0.6573756613756614,0.6713137733693535,1.8937467226565874,,0.6754514259998875
S4_nonPH_inst30,2,cs_gbsa_all_safe_cif,Gradient Boosting Survival,all_safe,3500,1500,1050,842,1608,450,361,689,15.780173207999951,False,,,False,,,160,age;sex_Female;MMSE;IMD_Score_2019_synthetic;IMD_Decile_2019_synthetic;diagnosis_reference_NOT_PREDICTOR;wmh_icv_pct;wmh_log_icv;MTL_total_pct;Temporal_lateral_total_pct;Medial_parietal_total_pct;Posterior_total_pct;Ventricles_total_pct;LI_PCgG;LI_PCu;LI_MTG;LI_ITG;LI_STG;Right_Hippocampus_pct;Left_Hippocampus_pct;Right_Entorhinal_pct;Left_Entorhinal_pct;Right_Parahippocampal_pct;Left_Parahippocampal_pct;Right_MTG_pct;Left_MTG_pct;Right_ITG_pct;Left_ITG_pct;Right_STG_pct;Left_STG_pct;Right_Fusiform_pct;Left_Fusiform_pct;Right_TemporalPole_pct;Left_TemporalPole_pct;Right_PosteriorCingulate_pct;Left_PosteriorCingulate_pct;Right_Precuneus_pct;Left_Precuneus_pct;Right_SPL_pct;Left_SPL_pct;Right_SOG_pct;Left_SOG_pct;Right_MOG_pct;Left_MOG_pct;Right_IOG_pct;Left_IOG_pct;Right_LateralVentricle_pct;Left_LateralVentricle_pct;Right_InfLatVentricle_pct;Left_InfLatVentricle_pct;Right_Frontal_Region01_pct;Right_Frontal_Region02_pct;Right_Frontal_Region03_pct;Right_Frontal_Region04_pct;Right_Frontal_Region05_pct;Right_Frontal_Region06_pct;Right_Parietal_Region01_pct;Right_Parietal_Region02_pct;Right_Parietal_Region03_pct;Right_Parietal_Region04_pct;Right_Parietal_Region05_pct;Right_Parietal_Region06_pct;Right_Temporal_Region01_pct;Right_Temporal_Region02_pct;Right_Temporal_Region03_pct;Right_Temporal_Region04_pct;Right_Temporal_Region05_pct;Right_Temporal_Region06_pct;Right_Occipital_Region01_pct;Right_Occipital_Region02_pct;Right_Occipital_Region03_pct;Right_Occipital_Region04_pct;Right_Occipital_Region05_pct;Right_Occipital_Region06_pct;Right_Insula_Region01_pct;Right_Insula_Region02_pct;Right_Insula_Region03_pct;Right_Insula_Region04_pct;Right_Insula_Region05_pct;Right_Insula_Region06_pct;Right_Cingulate_Region01_pct;Right_Cingulate_Region02_pct;Right_Cingulate_Region03_pct;Right_Cingulate_Region04_pct;Right_Cingulate_Region05_pct;Right_Cingulate_Region06_pct;Right_DeepNuclei_Region01_pct;Right_DeepNuclei_Region02_pct;Right_DeepNuclei_Region03_pct;Right_DeepNuclei_Region04_pct;Right_DeepNuclei_Region05_pct;Right_DeepNuclei_Region06_pct;Left_Frontal_Region01_pct;Left_Frontal_Region02_pct;Left_Frontal_Region03_pct;Left_Frontal_Region04_pct;Left_Frontal_Region05_pct;Left_Frontal_Region06_pct;Left_Parietal_Region01_pct;Left_Parietal_Region02_pct;Left_Parietal_Region03_pct;Left_Parietal_Region04_pct;Left_Parietal_Region05_pct;Left_Parietal_Region06_pct;Left_Temporal_Region01_pct;Left_Temporal_Region02_pct;Left_Temporal_Region03_pct;Left_Temporal_Region04_pct;Left_Temporal_Region05_pct;Left_Temporal_Region06_pct;Left_Occipital_Region01_pct;Left_Occipital_Region02_pct;Left_Occipital_Region03_pct;Left_Occipital_Region04_pct;Left_Occipital_Region05_pct;Left_Occipital_Region06_pct;Left_Insula_Region01_pct;Left_Insula_Region02_pct;Left_Insula_Region03_pct;Left_Insula_Region04_pct;Left_Insula_Region05_pct;Left_Insula_Region06_pct;Left_Cingulate_Region01_pct;Left_Cingulate_Region02_pct;Left_Cingulate_Region03_pct;Left_Cingulate_Region04_pct;Left_Cingulate_Region05_pct;Left_Cingulate_Region06_pct;Left_DeepNuclei_Region01_pct;Left_DeepNuclei_Region02_pct;Left_DeepNuclei_Region03_pct;Left_DeepNuclei_Region04_pct;Left_DeepNuclei_Region05_pct;Left_DeepNuclei_Region06_pct;falls;hypertension;Cerebrovascular_accident;Epilepsy;Diabetes_mellitus;Chronic_kidney_disease;Parkinsons_disease;Transient_ischemic_attack;Chronic_obstructive_lung_disease;Arthritis;Heart_failure;Ischemic_heart_disease;Atrial_fibrillation;Chronic_liver_disease;Coronary_arteriosclerosis;pathology_ischaemic;pathology_neurodegenerative_dementia;wmh_missing;pathology_ischaemic__missing;pathology_ischaemic__present;pathology_ischaemic__log1p;pathology_neurodegenerative_dementia__missing;pathology_neurodegenerative_dementia__present;pathology_neurodegenerative_dementia__log1p,True,0.30674924600532344,0.2995939261,0.3,0.24066666666666667,0.09372702922791931,0.11480521790681054,0.8103170443289371,0.8218974039036618,0.19925058516752067,0.21335107223277455,,integrated_brier_not_available_from_single_horizon_prediction,0.655741798941799,0.6744083968834287,1.8978188822612865,,0.675122951807713
S4_nonPH_inst30,2,deepsurv_dgm_cause_specific_optional,DeepSurv optional,dgm,3500,1500,1050,842,1608,450,361,689,0.0013729999999441134,False,,,True,"missing_optional_deep_dependencies:torchtuples,pycox",,,,False,,0.2995939261,0.3,0.24066666666666667,,,,,,,,,,,,,
S4_nonPH_inst30,2,deepsurv_all_safe_cause_specific_optional,DeepSurv optional,all_safe,3500,1500,1050,842,1608,450,361,689,0.00132587500002046,False,,,True,"missing_optional_deep_dependencies:torchtuples,pycox",,,,False,,0.2995939261,0.3,0.24066666666666667,,,,,,,,,,,,,
S4_nonPH_inst30,2,deephit_competing_risk_dgm_optional,DeepHit optional,dgm,3500,1500,1050,842,1608,450,361,689,0.001369791999991321,False,,,True,"missing_optional_deephit_dependencies:torchtuples,pycox",,,,False,,0.2995939261,0.3,0.24066666666666667,,,,,,,,,,,,,
S4_nonPH_inst30,2,deephit_competing_risk_all_safe_reduced_optional,DeepHit optional,all_safe_reduced,3500,1500,1050,842,1608,450,361,689,0.001244792000079542,False,,,True,"missing_optional_deephit_dependencies:torchtuples,pycox",,,,False,,0.2995939261,0.3,0.24066666666666667,,,,,,,,,,,,,
S5_MAR_missingness_inst30,1,finegray_dgm_cif_R,Fine-Gray,dgm,3500,1500,1050,850,1600,450,364,686,6.514170499999977,False,,,False,,,36,age;sex_Female;MMSE;MTL_total_pct;Temporal_lateral_total_pct;Medial_parietal_total_pct;Posterior_total_pct;Ventricles_total_pct;wmh_icv_pct;wmh_log_icv;wmh_missing;pathology_ischaemic;pathology_ischaemic__missing;pathology_ischaemic__present;pathology_ischaemic__log1p;pathology_neurodegenerative_dementia;pathology_neurodegenerative_dementia__missing;pathology_neurodegenerative_dementia__present;pathology_neurodegenerative_dementia__log1p;falls;hypertension;Cerebrovascular_accident;Epilepsy;Diabetes_mellitus;Chronic_kidney_disease;Parkinsons_disease;Transient_ischemic_attack;Chronic_obstructive_lung_disease;Arthritis;Heart_failure;Ischemic_heart_disease;Atrial_fibrillation;Chronic_liver_disease;Coronary_arteriosclerosis;IMD_Score_2019_synthetic;IMD_Decile_2019_synthetic,True,0.303669563162092,0.291327924488,0.3,0.24266666666666667,0.043531949572856984,0.0629322748156605,0.9341543351797046,0.9111555479421222,0.19586175394779157,0.19844417276990695,,integrated_brier_not_available_from_single_horizon_prediction,0.6657544973544974,-0.1692241824595336,0.8025555154534124,,0.6841051170908259
S5_MAR_missingness_inst30,1,finegray_all_safe_reduced_R,Fine-Gray,all_safe_reduced,3500,1500,1050,850,1600,450,364,686,5.026478458000042,False,,,False,,,30,Right_Parahippocampal_pct;Right_Entorhinal_pct;Left_Parahippocampal_pct;Left_Hippocampus_pct;Right_Hippocampus_pct;MMSE;Left_Entorhinal_pct;Right_STG_pct;Left_MTG_pct;Left_Temporal_Region01_pct;Left_Temporal_Region05_pct;Left_STG_pct;Left_Temporal_Region06_pct;MTL_total_pct;Right_TemporalPole_pct;Right_LateralVentricle_pct;Right_Fusiform_pct;Left_Temporal_Region03_pct;Left_TemporalPole_pct;Right_Temporal_Region05_pct;Left_InfLatVentricle_pct;Left_Temporal_Region04_pct;Right_InfLatVentricle_pct;Right_ITG_pct;Temporal_lateral_total_pct;Right_Temporal_Region03_pct;Right_Temporal_Region02_pct;Left_LateralVentricle_pct;Right_Temporal_Region06_pct;Right_Temporal_Region01_pct,True,0.30087828478280576,0.291327924488,0.3,0.24266666666666667,0.05515981444282196,0.07168980403905066,0.865613810495027,0.8650007723749455,0.19858324566159224,0.20782934242492881,,integrated_brier_not_available_from_single_horizon_prediction,0.6432190476190477,-0.17240808124123533,0.7870744512480425,,0.6553785756180504
S5_MAR_missingness_inst30,1,cs_rsf_dgm_cif,Random Survival Forest,dgm,3500,1500,1050,850,1600,450,364,686,2.072239665999973,False,,,False,,,36,age;sex_Female;MMSE;MTL_total_pct;Temporal_lateral_total_pct;Medial_parietal_total_pct;Posterior_total_pct;Ventricles_total_pct;wmh_icv_pct;wmh_log_icv;wmh_missing;pathology_ischaemic;pathology_ischaemic__missing;pathology_ischaemic__present;pathology_ischaemic__log1p;pathology_neurodegenerative_dementia;pathology_neurodegenerative_dementia__missing;pathology_neurodegenerative_dementia__present;pathology_neurodegenerative_dementia__log1p;falls;hypertension;Cerebrovascular_accident;Epilepsy;Diabetes_mellitus;Chronic_kidney_disease;Parkinsons_disease;Transient_ischemic_attack;Chronic_obstructive_lung_disease;Arthritis;Heart_failure;Ischemic_heart_disease;Atrial_fibrillation;Chronic_liver_disease;Coronary_arteriosclerosis;IMD_Score_2019_synthetic;IMD_Decile_2019_synthetic,True,0.32133576398044983,0.291327924488,0.3,0.24266666666666667,0.056355841776621445,0.07050819349545955,0.9000201937867529,0.8875808940794552,0.1946519789129681,0.19872753833597356,,integrated_brier_not_available_from_single_horizon_prediction,0.6678708994708994,-0.09438099121491912,1.0195119781434203,,0.6894778683113948
S5_MAR_missingness_inst30,1,cs_rsf_all_safe_cif,Random Survival Forest,all_safe,3500,1500,1050,850,1600,450,364,686,6.756015541000011,False,,,False,,,160,age;sex_Female;MMSE;IMD_Score_2019_synthetic;IMD_Decile_2019_synthetic;diagnosis_reference_NOT_PREDICTOR;wmh_icv_pct;wmh_log_icv;MTL_total_pct;Temporal_lateral_total_pct;Medial_parietal_total_pct;Posterior_total_pct;Ventricles_total_pct;LI_PCgG;LI_PCu;LI_MTG;LI_ITG;LI_STG;Right_Hippocampus_pct;Left_Hippocampus_pct;Right_Entorhinal_pct;Left_Entorhinal_pct;Right_Parahippocampal_pct;Left_Parahippocampal_pct;Right_MTG_pct;Left_MTG_pct;Right_ITG_pct;Left_ITG_pct;Right_STG_pct;Left_STG_pct;Right_Fusiform_pct;Left_Fusiform_pct;Right_TemporalPole_pct;Left_TemporalPole_pct;Right_PosteriorCingulate_pct;Left_PosteriorCingulate_pct;Right_Precuneus_pct;Left_Precuneus_pct;Right_SPL_pct;Left_SPL_pct;Right_SOG_pct;Left_SOG_pct;Right_MOG_pct;Left_MOG_pct;Right_IOG_pct;Left_IOG_pct;Right_LateralVentricle_pct;Left_LateralVentricle_pct;Right_InfLatVentricle_pct;Left_InfLatVentricle_pct;Right_Frontal_Region01_pct;Right_Frontal_Region02_pct;Right_Frontal_Region03_pct;Right_Frontal_Region04_pct;Right_Frontal_Region05_pct;Right_Frontal_Region06_pct;Right_Parietal_Region01_pct;Right_Parietal_Region02_pct;Right_Parietal_Region03_pct;Right_Parietal_Region04_pct;Right_Parietal_Region05_pct;Right_Parietal_Region06_pct;Right_Temporal_Region01_pct;Right_Temporal_Region02_pct;Right_Temporal_Region03_pct;Right_Temporal_Region04_pct;Right_Temporal_Region05_pct;Right_Temporal_Region06_pct;Right_Occipital_Region01_pct;Right_Occipital_Region02_pct;Right_Occipital_Region03_pct;Right_Occipital_Region04_pct;Right_Occipital_Region05_pct;Right_Occipital_Region06_pct;Right_Insula_Region01_pct;Right_Insula_Region02_pct;Right_Insula_Region03_pct;Right_Insula_Region04_pct;Right_Insula_Region05_pct;Right_Insula_Region06_pct;Right_Cingulate_Region01_pct;Right_Cingulate_Region02_pct;Right_Cingulate_Region03_pct;Right_Cingulate_Region04_pct;Right_Cingulate_Region05_pct;Right_Cingulate_Region06_pct;Right_DeepNuclei_Region01_pct;Right_DeepNuclei_Region02_pct;Right_DeepNuclei_Region03_pct;Right_DeepNuclei_Region04_pct;Right_DeepNuclei_Region05_pct;Right_DeepNuclei_Region06_pct;Left_Frontal_Region01_pct;Left_Frontal_Region02_pct;Left_Frontal_Region03_pct;Left_Frontal_Region04_pct;Left_Frontal_Region05_pct;Left_Frontal_Region06_pct;Left_Parietal_Region01_pct;Left_Parietal_Region02_pct;Left_Parietal_Region03_pct;Left_Parietal_Region04_pct;Left_Parietal_Region05_pct;Left_Parietal_Region06_pct;Left_Temporal_Region01_pct;Left_Temporal_Region02_pct;Left_Temporal_Region03_pct;Left_Temporal_Region04_pct;Left_Temporal_Region05_pct;Left_Temporal_Region06_pct;Left_Occipital_Region01_pct;Left_Occipital_Region02_pct;Left_Occipital_Region03_pct;Left_Occipital_Region04_pct;Left_Occipital_Region05_pct;Left_Occipital_Region06_pct;Left_Insula_Region01_pct;Left_Insula_Region02_pct;Left_Insula_Region03_pct;Left_Insula_Region04_pct;Left_Insula_Region05_pct;Left_Insula_Region06_pct;Left_Cingulate_Region01_pct;Left_Cingulate_Region02_pct;Left_Cingulate_Region03_pct;Left_Cingulate_Region04_pct;Left_Cingulate_Region05_pct;Left_Cingulate_Region06_pct;Left_DeepNuclei_Region01_pct;Left_DeepNuclei_Region02_pct;Left_DeepNuclei_Region03_pct;Left_DeepNuclei_Region04_pct;Left_DeepNuclei_Region05_pct;Left_DeepNuclei_Region06_pct;falls;hypertension;Cerebrovascular_accident;Epilepsy;Diabetes_mellitus;Chronic_kidney_disease;Parkinsons_disease;Transient_ischemic_attack;Chronic_obstructive_lung_disease;Arthritis;Heart_failure;Ischemic_heart_disease;Atrial_fibrillation;Chronic_liver_disease;Coronary_arteriosclerosis;pathology_ischaemic;pathology_neurodegenerative_dementia;wmh_missing;pathology_ischaemic__missing;pathology_ischaemic__present;pathology_ischaemic__log1p;pathology_neurodegenerative_dementia__missing;pathology_neurodegenerative_dementia__present;pathology_neurodegenerative_dementia__log1p,True,0.33577230413065307,0.291327924488,0.3,0.24266666666666667,0.06965150802886398,0.08677450337086286,0.8388745061664473,0.8452195390415621,0.19803552115470005,0.20313928107401755,,integrated_brier_not_available_from_single_horizon_prediction,0.6552486772486773,-0.21362501254784255,0.940757804852315,,0.6731981664387999
S5_MAR_missingness_inst30,1,cs_gbsa_dgm_cif,Gradient Boosting Survival,dgm,3500,1500,1050,850,1600,450,364,686,9.477733916000034,False,,,False,,,36,age;sex_Female;MMSE;MTL_total_pct;Temporal_lateral_total_pct;Medial_parietal_total_pct;Posterior_total_pct;Ventricles_total_pct;wmh_icv_pct;wmh_log_icv;wmh_missing;pathology_ischaemic;pathology_ischaemic__missing;pathology_ischaemic__present;pathology_ischaemic__log1p;pathology_neurodegenerative_dementia;pathology_neurodegenerative_dementia__missing;pathology_neurodegenerative_dementia__present;pathology_neurodegenerative_dementia__log1p;falls;hypertension;Cerebrovascular_accident;Epilepsy;Diabetes_mellitus;Chronic_kidney_disease;Parkinsons_disease;Transient_ischemic_attack;Chronic_obstructive_lung_disease;Arthritis;Heart_failure;Ischemic_heart_disease;Atrial_fibrillation;Chronic_liver_disease;Coronary_arteriosclerosis;IMD_Score_2019_synthetic;IMD_Decile_2019_synthetic,True,0.30920572179427724,0.291327924488,0.3,0.24266666666666667,0.0805797829902339,0.09918433490020143,0.8220537195729885,0.8106629126380683,0.2006674552592616,0.21447249692963763,,integrated_brier_not_available_from_single_horizon_prediction,0.6460359788359789,0.725638553995499,1.9921836035988154,,0.666223194998784
S5_MAR_missingness_inst30,1,cs_gbsa_all_safe_cif,Gradient Boosting Survival,all_safe,3500,1500,1050,850,1600,450,364,686,15.959467750000044,False,,,False,,,160,age;sex_Female;MMSE;IMD_Score_2019_synthetic;IMD_Decile_2019_synthetic;diagnosis_reference_NOT_PREDICTOR;wmh_icv_pct;wmh_log_icv;MTL_total_pct;Temporal_lateral_total_pct;Medial_parietal_total_pct;Posterior_total_pct;Ventricles_total_pct;LI_PCgG;LI_PCu;LI_MTG;LI_ITG;LI_STG;Right_Hippocampus_pct;Left_Hippocampus_pct;Right_Entorhinal_pct;Left_Entorhinal_pct;Right_Parahippocampal_pct;Left_Parahippocampal_pct;Right_MTG_pct;Left_MTG_pct;Right_ITG_pct;Left_ITG_pct;Right_STG_pct;Left_STG_pct;Right_Fusiform_pct;Left_Fusiform_pct;Right_TemporalPole_pct;Left_TemporalPole_pct;Right_PosteriorCingulate_pct;Left_PosteriorCingulate_pct;Right_Precuneus_pct;Left_Precuneus_pct;Right_SPL_pct;Left_SPL_pct;Right_SOG_pct;Left_SOG_pct;Right_MOG_pct;Left_MOG_pct;Right_IOG_pct;Left_IOG_pct;Right_LateralVentricle_pct;Left_LateralVentricle_pct;Right_InfLatVentricle_pct;Left_InfLatVentricle_pct;Right_Frontal_Region01_pct;Right_Frontal_Region02_pct;Right_Frontal_Region03_pct;Right_Frontal_Region04_pct;Right_Frontal_Region05_pct;Right_Frontal_Region06_pct;Right_Parietal_Region01_pct;Right_Parietal_Region02_pct;Right_Parietal_Region03_pct;Right_Parietal_Region04_pct;Right_Parietal_Region05_pct;Right_Parietal_Region06_pct;Right_Temporal_Region01_pct;Right_Temporal_Region02_pct;Right_Temporal_Region03_pct;Right_Temporal_Region04_pct;Right_Temporal_Region05_pct;Right_Temporal_Region06_pct;Right_Occipital_Region01_pct;Right_Occipital_Region02_pct;Right_Occipital_Region03_pct;Right_Occipital_Region04_pct;Right_Occipital_Region05_pct;Right_Occipital_Region06_pct;Right_Insula_Region01_pct;Right_Insula_Region02_pct;Right_Insula_Region03_pct;Right_Insula_Region04_pct;Right_Insula_Region05_pct;Right_Insula_Region06_pct;Right_Cingulate_Region01_pct;Right_Cingulate_Region02_pct;Right_Cingulate_Region03_pct;Right_Cingulate_Region04_pct;Right_Cingulate_Region05_pct;Right_Cingulate_Region06_pct;Right_DeepNuclei_Region01_pct;Right_DeepNuclei_Region02_pct;Right_DeepNuclei_Region03_pct;Right_DeepNuclei_Region04_pct;Right_DeepNuclei_Region05_pct;Right_DeepNuclei_Region06_pct;Left_Frontal_Region01_pct;Left_Frontal_Region02_pct;Left_Frontal_Region03_pct;Left_Frontal_Region04_pct;Left_Frontal_Region05_pct;Left_Frontal_Region06_pct;Left_Parietal_Region01_pct;Left_Parietal_Region02_pct;Left_Parietal_Region03_pct;Left_Parietal_Region04_pct;Left_Parietal_Region05_pct;Left_Parietal_Region06_pct;Left_Temporal_Region01_pct;Left_Temporal_Region02_pct;Left_Temporal_Region03_pct;Left_Temporal_Region04_pct;Left_Temporal_Region05_pct;Left_Temporal_Region06_pct;Left_Occipital_Region01_pct;Left_Occipital_Region02_pct;Left_Occipital_Region03_pct;Left_Occipital_Region04_pct;Left_Occipital_Region05_pct;Left_Occipital_Region06_pct;Left_Insula_Region01_pct;Left_Insula_Region02_pct;Left_Insula_Region03_pct;Left_Insula_Region04_pct;Left_Insula_Region05_pct;Left_Insula_Region06_pct;Left_Cingulate_Region01_pct;Left_Cingulate_Region02_pct;Left_Cingulate_Region03_pct;Left_Cingulate_Region04_pct;Left_Cingulate_Region05_pct;Left_Cingulate_Region06_pct;Left_DeepNuclei_Region01_pct;Left_DeepNuclei_Region02_pct;Left_DeepNuclei_Region03_pct;Left_DeepNuclei_Region04_pct;Left_DeepNuclei_Region05_pct;Left_DeepNuclei_Region06_pct;falls;hypertension;Cerebrovascular_accident;Epilepsy;Diabetes_mellitus;Chronic_kidney_disease;Parkinsons_disease;Transient_ischemic_attack;Chronic_obstructive_lung_disease;Arthritis;Heart_failure;Ischemic_heart_disease;Atrial_fibrillation;Chronic_liver_disease;Coronary_arteriosclerosis;pathology_ischaemic;pathology_neurodegenerative_dementia;wmh_missing;pathology_ischaemic__missing;pathology_ischaemic__present;pathology_ischaemic__log1p;pathology_neurodegenerative_dementia__missing;pathology_neurodegenerative_dementia__present;pathology_neurodegenerative_dementia__log1p,True,0.3097063857730107,0.291327924488,0.3,0.24266666666666667,0.07775302386411459,0.09544453872587973,0.8457766249602364,0.8515058073916822,0.20068823907535732,0.214402369744916,,integrated_brier_not_available_from_single_horizon_prediction,0.6472518518518519,0.6910374349873859,1.9517690065362931,,0.6684701862376641
S5_MAR_missingness_inst30,1,deepsurv_dgm_cause_specific_optional,DeepSurv optional,dgm,3500,1500,1050,850,1600,450,364,686,0.0014054580000220085,False,,,True,"missing_optional_deep_dependencies:torchtuples,pycox",,,,False,,0.291327924488,0.3,0.24266666666666667,,,,,,,,,,,,,
S5_MAR_missingness_inst30,1,deepsurv_all_safe_cause_specific_optional,DeepSurv optional,all_safe,3500,1500,1050,850,1600,450,364,686,0.0012141659999542753,False,,,True,"missing_optional_deep_dependencies:torchtuples,pycox",,,,False,,0.291327924488,0.3,0.24266666666666667,,,,,,,,,,,,,
S5_MAR_missingness_inst30,1,deephit_competing_risk_dgm_optional,DeepHit optional,dgm,3500,1500,1050,850,1600,450,364,686,0.0011579580000216083,False,,,True,"missing_optional_deephit_dependencies:torchtuples,pycox",,,,False,,0.291327924488,0.3,0.24266666666666667,,,,,,,,,,,,,
S5_MAR_missingness_inst30,1,deephit_competing_risk_all_safe_reduced_optional,DeepHit optional,all_safe_reduced,3500,1500,1050,850,1600,450,364,686,0.001179125000021486,False,,,True,"missing_optional_deephit_dependencies:torchtuples,pycox",,,,False,,0.291327924488,0.3,0.24266666666666667,,,,,,,,,,,,,
S5_MAR_missingness_inst30,2,finegray_dgm_cif_R,Fine-Gray,dgm,3500,1500,1050,867,1583,450,371,679,6.310550959000011,False,,,False,,,36,age;sex_Female;MMSE;MTL_total_pct;Temporal_lateral_total_pct;Medial_parietal_total_pct;Posterior_total_pct;Ventricles_total_pct;wmh_icv_pct;wmh_log_icv;wmh_missing;pathology_ischaemic;pathology_ischaemic__missing;pathology_ischaemic__present;pathology_ischaemic__log1p;pathology_neurodegenerative_dementia;pathology_neurodegenerative_dementia__missing;pathology_neurodegenerative_dementia__present;pathology_neurodegenerative_dementia__log1p;falls;hypertension;Cerebrovascular_accident;Epilepsy;Diabetes_mellitus;Chronic_kidney_disease;Parkinsons_disease;Transient_ischemic_attack;Chronic_obstructive_lung_disease;Arthritis;Heart_failure;Ischemic_heart_disease;Atrial_fibrillation;Chronic_liver_disease;Coronary_arteriosclerosis;IMD_Score_2019_synthetic;IMD_Decile_2019_synthetic,True,0.3041396605678492,0.29794347464733334,0.3,0.24733333333333332,0.04288799220468164,0.06001753517753956,0.9277780941235974,0.9120477342451958,0.19148015872682428,0.1961137974962481,,integrated_brier_not_available_from_single_horizon_prediction,0.6970666666666666,-0.02305051662916968,0.9981684998550161,,0.702168382896758
S5_MAR_missingness_inst30,2,finegray_all_safe_reduced_R,Fine-Gray,all_safe_reduced,3500,1500,1050,867,1583,450,371,679,5.017784958999982,False,,,False,,,30,Left_Entorhinal_pct;Right_Entorhinal_pct;Right_Parahippocampal_pct;Right_Hippocampus_pct;Left_Hippocampus_pct;Left_Parahippocampal_pct;Left_LateralVentricle_pct;Right_Temporal_Region04_pct;Left_InfLatVentricle_pct;MMSE;Right_LateralVentricle_pct;Right_InfLatVentricle_pct;Right_Temporal_Region01_pct;Right_Temporal_Region03_pct;MTL_total_pct;Left_Temporal_Region03_pct;Left_Temporal_Region06_pct;Left_Fusiform_pct;Right_Temporal_Region06_pct;Right_STG_pct;Ventricles_total_pct;Right_TemporalPole_pct;Left_Temporal_Region02_pct;Left_ITG_pct;Right_Fusiform_pct;Left_MTG_pct;Left_Temporal_Region05_pct;Left_Temporal_Region04_pct;Right_MTG_pct;Left_STG_pct,True,0.30507537395998663,0.29794347464733334,0.3,0.24733333333333332,0.04945707960441634,0.06615614067069686,0.8923487379327726,0.8897249481153685,0.1936822151823385,0.20157977298093185,,integrated_brier_not_available_from_single_horizon_prediction,0.6819492063492064,-0.05659512465424495,0.9602092289407291,,0.6848570801602718
S5_MAR_missingness_inst30,2,cs_rsf_dgm_cif,Random Survival Forest,dgm,3500,1500,1050,867,1583,450,371,679,2.0344186660000787,False,,,False,,,36,age;sex_Female;MMSE;MTL_total_pct;Temporal_lateral_total_pct;Medial_parietal_total_pct;Posterior_total_pct;Ventricles_total_pct;wmh_icv_pct;wmh_log_icv;wmh_missing;pathology_ischaemic;pathology_ischaemic__missing;pathology_ischaemic__present;pathology_ischaemic__log1p;pathology_neurodegenerative_dementia;pathology_neurodegenerative_dementia__missing;pathology_neurodegenerative_dementia__present;pathology_neurodegenerative_dementia__log1p;falls;hypertension;Cerebrovascular_accident;Epilepsy;Diabetes_mellitus;Chronic_kidney_disease;Parkinsons_disease;Transient_ischemic_attack;Chronic_obstructive_lung_disease;Arthritis;Heart_failure;Ischemic_heart_disease;Atrial_fibrillation;Chronic_liver_disease;Coronary_arteriosclerosis;IMD_Score_2019_synthetic;IMD_Decile_2019_synthetic,True,0.3209934015304831,0.29794347464733334,0.3,0.24733333333333332,0.05418143959151035,0.06840252833988368,0.9003112374716612,0.8916374265254132,0.19106596990052982,0.19708687250864615,,integrated_brier_not_available_from_single_horizon_prediction,0.6941460317460318,0.08631397534084802,1.2894909979484872,,0.7073759966190132
S5_MAR_missingness_inst30,2,cs_rsf_all_safe_cif,Random Survival Forest,all_safe,3500,1500,1050,867,1583,450,371,679,7.114116459000002,False,,,False,,,160,age;sex_Female;MMSE;IMD_Score_2019_synthetic;IMD_Decile_2019_synthetic;diagnosis_reference_NOT_PREDICTOR;wmh_icv_pct;wmh_log_icv;MTL_total_pct;Temporal_lateral_total_pct;Medial_parietal_total_pct;Posterior_total_pct;Ventricles_total_pct;LI_PCgG;LI_PCu;LI_MTG;LI_ITG;LI_STG;Right_Hippocampus_pct;Left_Hippocampus_pct;Right_Entorhinal_pct;Left_Entorhinal_pct;Right_Parahippocampal_pct;Left_Parahippocampal_pct;Right_MTG_pct;Left_MTG_pct;Right_ITG_pct;Left_ITG_pct;Right_STG_pct;Left_STG_pct;Right_Fusiform_pct;Left_Fusiform_pct;Right_TemporalPole_pct;Left_TemporalPole_pct;Right_PosteriorCingulate_pct;Left_PosteriorCingulate_pct;Right_Precuneus_pct;Left_Precuneus_pct;Right_SPL_pct;Left_SPL_pct;Right_SOG_pct;Left_SOG_pct;Right_MOG_pct;Left_MOG_pct;Right_IOG_pct;Left_IOG_pct;Right_LateralVentricle_pct;Left_LateralVentricle_pct;Right_InfLatVentricle_pct;Left_InfLatVentricle_pct;Right_Frontal_Region01_pct;Right_Frontal_Region02_pct;Right_Frontal_Region03_pct;Right_Frontal_Region04_pct;Right_Frontal_Region05_pct;Right_Frontal_Region06_pct;Right_Parietal_Region01_pct;Right_Parietal_Region02_pct;Right_Parietal_Region03_pct;Right_Parietal_Region04_pct;Right_Parietal_Region05_pct;Right_Parietal_Region06_pct;Right_Temporal_Region01_pct;Right_Temporal_Region02_pct;Right_Temporal_Region03_pct;Right_Temporal_Region04_pct;Right_Temporal_Region05_pct;Right_Temporal_Region06_pct;Right_Occipital_Region01_pct;Right_Occipital_Region02_pct;Right_Occipital_Region03_pct;Right_Occipital_Region04_pct;Right_Occipital_Region05_pct;Right_Occipital_Region06_pct;Right_Insula_Region01_pct;Right_Insula_Region02_pct;Right_Insula_Region03_pct;Right_Insula_Region04_pct;Right_Insula_Region05_pct;Right_Insula_Region06_pct;Right_Cingulate_Region01_pct;Right_Cingulate_Region02_pct;Right_Cingulate_Region03_pct;Right_Cingulate_Region04_pct;Right_Cingulate_Region05_pct;Right_Cingulate_Region06_pct;Right_DeepNuclei_Region01_pct;Right_DeepNuclei_Region02_pct;Right_DeepNuclei_Region03_pct;Right_DeepNuclei_Region04_pct;Right_DeepNuclei_Region05_pct;Right_DeepNuclei_Region06_pct;Left_Frontal_Region01_pct;Left_Frontal_Region02_pct;Left_Frontal_Region03_pct;Left_Frontal_Region04_pct;Left_Frontal_Region05_pct;Left_Frontal_Region06_pct;Left_Parietal_Region01_pct;Left_Parietal_Region02_pct;Left_Parietal_Region03_pct;Left_Parietal_Region04_pct;Left_Parietal_Region05_pct;Left_Parietal_Region06_pct;Left_Temporal_Region01_pct;Left_Temporal_Region02_pct;Left_Temporal_Region03_pct;Left_Temporal_Region04_pct;Left_Temporal_Region05_pct;Left_Temporal_Region06_pct;Left_Occipital_Region01_pct;Left_Occipital_Region02_pct;Left_Occipital_Region03_pct;Left_Occipital_Region04_pct;Left_Occipital_Region05_pct;Left_Occipital_Region06_pct;Left_Insula_Region01_pct;Left_Insula_Region02_pct;Left_Insula_Region03_pct;Left_Insula_Region04_pct;Left_Insula_Region05_pct;Left_Insula_Region06_pct;Left_Cingulate_Region01_pct;Left_Cingulate_Region02_pct;Left_Cingulate_Region03_pct;Left_Cingulate_Region04_pct;Left_Cingulate_Region05_pct;Left_Cingulate_Region06_pct;Left_DeepNuclei_Region01_pct;Left_DeepNuclei_Region02_pct;Left_DeepNuclei_Region03_pct;Left_DeepNuclei_Region04_pct;Left_DeepNuclei_Region05_pct;Left_DeepNuclei_Region06_pct;falls;hypertension;Cerebrovascular_accident;Epilepsy;Diabetes_mellitus;Chronic_kidney_disease;Parkinsons_disease;Transient_ischemic_attack;Chronic_obstructive_lung_disease;Arthritis;Heart_failure;Ischemic_heart_disease;Atrial_fibrillation;Chronic_liver_disease;Coronary_arteriosclerosis;pathology_ischaemic;pathology_neurodegenerative_dementia;wmh_missing;pathology_ischaemic__missing;pathology_ischaemic__present;pathology_ischaemic__log1p;pathology_neurodegenerative_dementia__missing;pathology_neurodegenerative_dementia__present;pathology_neurodegenerative_dementia__log1p,True,0.3343098834706647,0.29794347464733334,0.3,0.24733333333333332,0.06588876866641499,0.08459990216790214,0.8471695000753334,0.8429530659970554,0.1942599916145328,0.20168567422537167,,integrated_brier_not_available_from_single_horizon_prediction,0.6812042328042327,-0.08857381489459429,1.134695808763314,,0.6925821474142766
S5_MAR_missingness_inst30,2,cs_gbsa_dgm_cif,Gradient Boosting Survival,dgm,3500,1500,1050,867,1583,450,371,679,9.508200582999962,False,,,False,,,36,age;sex_Female;MMSE;MTL_total_pct;Temporal_lateral_total_pct;Medial_parietal_total_pct;Posterior_total_pct;Ventricles_total_pct;wmh_icv_pct;wmh_log_icv;wmh_missing;pathology_ischaemic;pathology_ischaemic__missing;pathology_ischaemic__present;pathology_ischaemic__log1p;pathology_neurodegenerative_dementia;pathology_neurodegenerative_dementia__missing;pathology_neurodegenerative_dementia__present;pathology_neurodegenerative_dementia__log1p;falls;hypertension;Cerebrovascular_accident;Epilepsy;Diabetes_mellitus;Chronic_kidney_disease;Parkinsons_disease;Transient_ischemic_attack;Chronic_obstructive_lung_disease;Arthritis;Heart_failure;Ischemic_heart_disease;Atrial_fibrillation;Chronic_liver_disease;Coronary_arteriosclerosis;IMD_Score_2019_synthetic;IMD_Decile_2019_synthetic,True,0.30904964389670725,0.29794347464733334,0.3,0.24733333333333332,0.08227072677754829,0.10097866744820005,0.8252365039612665,0.8293029993884624,0.19822774831744686,0.21354765459123382,,integrated_brier_not_available_from_single_horizon_prediction,0.6834296296296296,1.1821596659282256,2.5832458369049522,,0.6911781438707423
S5_MAR_missingness_inst30,2,cs_gbsa_all_safe_cif,Gradient Boosting Survival,all_safe,3500,1500,1050,867,1583,450,371,679,15.985729499999934,False,,,False,,,160,age;sex_Female;MMSE;IMD_Score_2019_synthetic;IMD_Decile_2019_synthetic;diagnosis_reference_NOT_PREDICTOR;wmh_icv_pct;wmh_log_icv;MTL_total_pct;Temporal_lateral_total_pct;Medial_parietal_total_pct;Posterior_total_pct;Ventricles_total_pct;LI_PCgG;LI_PCu;LI_MTG;LI_ITG;LI_STG;Right_Hippocampus_pct;Left_Hippocampus_pct;Right_Entorhinal_pct;Left_Entorhinal_pct;Right_Parahippocampal_pct;Left_Parahippocampal_pct;Right_MTG_pct;Left_MTG_pct;Right_ITG_pct;Left_ITG_pct;Right_STG_pct;Left_STG_pct;Right_Fusiform_pct;Left_Fusiform_pct;Right_TemporalPole_pct;Left_TemporalPole_pct;Right_PosteriorCingulate_pct;Left_PosteriorCingulate_pct;Right_Precuneus_pct;Left_Precuneus_pct;Right_SPL_pct;Left_SPL_pct;Right_SOG_pct;Left_SOG_pct;Right_MOG_pct;Left_MOG_pct;Right_IOG_pct;Left_IOG_pct;Right_LateralVentricle_pct;Left_LateralVentricle_pct;Right_InfLatVentricle_pct;Left_InfLatVentricle_pct;Right_Frontal_Region01_pct;Right_Frontal_Region02_pct;Right_Frontal_Region03_pct;Right_Frontal_Region04_pct;Right_Frontal_Region05_pct;Right_Frontal_Region06_pct;Right_Parietal_Region01_pct;Right_Parietal_Region02_pct;Right_Parietal_Region03_pct;Right_Parietal_Region04_pct;Right_Parietal_Region05_pct;Right_Parietal_Region06_pct;Right_Temporal_Region01_pct;Right_Temporal_Region02_pct;Right_Temporal_Region03_pct;Right_Temporal_Region04_pct;Right_Temporal_Region05_pct;Right_Temporal_Region06_pct;Right_Occipital_Region01_pct;Right_Occipital_Region02_pct;Right_Occipital_Region03_pct;Right_Occipital_Region04_pct;Right_Occipital_Region05_pct;Right_Occipital_Region06_pct;Right_Insula_Region01_pct;Right_Insula_Region02_pct;Right_Insula_Region03_pct;Right_Insula_Region04_pct;Right_Insula_Region05_pct;Right_Insula_Region06_pct;Right_Cingulate_Region01_pct;Right_Cingulate_Region02_pct;Right_Cingulate_Region03_pct;Right_Cingulate_Region04_pct;Right_Cingulate_Region05_pct;Right_Cingulate_Region06_pct;Right_DeepNuclei_Region01_pct;Right_DeepNuclei_Region02_pct;Right_DeepNuclei_Region03_pct;Right_DeepNuclei_Region04_pct;Right_DeepNuclei_Region05_pct;Right_DeepNuclei_Region06_pct;Left_Frontal_Region01_pct;Left_Frontal_Region02_pct;Left_Frontal_Region03_pct;Left_Frontal_Region04_pct;Left_Frontal_Region05_pct;Left_Frontal_Region06_pct;Left_Parietal_Region01_pct;Left_Parietal_Region02_pct;Left_Parietal_Region03_pct;Left_Parietal_Region04_pct;Left_Parietal_Region05_pct;Left_Parietal_Region06_pct;Left_Temporal_Region01_pct;Left_Temporal_Region02_pct;Left_Temporal_Region03_pct;Left_Temporal_Region04_pct;Left_Temporal_Region05_pct;Left_Temporal_Region06_pct;Left_Occipital_Region01_pct;Left_Occipital_Region02_pct;Left_Occipital_Region03_pct;Left_Occipital_Region04_pct;Left_Occipital_Region05_pct;Left_Occipital_Region06_pct;Left_Insula_Region01_pct;Left_Insula_Region02_pct;Left_Insula_Region03_pct;Left_Insula_Region04_pct;Left_Insula_Region05_pct;Left_Insula_Region06_pct;Left_Cingulate_Region01_pct;Left_Cingulate_Region02_pct;Left_Cingulate_Region03_pct;Left_Cingulate_Region04_pct;Left_Cingulate_Region05_pct;Left_Cingulate_Region06_pct;Left_DeepNuclei_Region01_pct;Left_DeepNuclei_Region02_pct;Left_DeepNuclei_Region03_pct;Left_DeepNuclei_Region04_pct;Left_DeepNuclei_Region05_pct;Left_DeepNuclei_Region06_pct;falls;hypertension;Cerebrovascular_accident;Epilepsy;Diabetes_mellitus;Chronic_kidney_disease;Parkinsons_disease;Transient_ischemic_attack;Chronic_obstructive_lung_disease;Arthritis;Heart_failure;Ischemic_heart_disease;Atrial_fibrillation;Chronic_liver_disease;Coronary_arteriosclerosis;pathology_ischaemic;pathology_neurodegenerative_dementia;wmh_missing;pathology_ischaemic__missing;pathology_ischaemic__present;pathology_ischaemic__log1p;pathology_neurodegenerative_dementia__missing;pathology_neurodegenerative_dementia__present;pathology_neurodegenerative_dementia__log1p,True,0.30866080460155265,0.29794347464733334,0.3,0.24733333333333332,0.08052452459464925,0.0984089099536994,0.8409667008096565,0.8445152404498577,0.19848690349182252,0.21424704061121197,,integrated_brier_not_available_from_single_horizon_prediction,0.682184126984127,1.0281358431602479,2.3774988949191322,,0.688803935273608
S5_MAR_missingness_inst30,2,deepsurv_dgm_cause_specific_optional,DeepSurv optional,dgm,3500,1500,1050,867,1583,450,371,679,0.001685374999965461,False,,,True,"missing_optional_deep_dependencies:torchtuples,pycox",,,,False,,0.29794347464733334,0.3,0.24733333333333332,,,,,,,,,,,,,
S5_MAR_missingness_inst30,2,deepsurv_all_safe_cause_specific_optional,DeepSurv optional,all_safe,3500,1500,1050,867,1583,450,371,679,0.0011487919999808582,False,,,True,"missing_optional_deep_dependencies:torchtuples,pycox",,,,False,,0.29794347464733334,0.3,0.24733333333333332,,,,,,,,,,,,,
S5_MAR_missingness_inst30,2,deephit_competing_risk_dgm_optional,DeepHit optional,dgm,3500,1500,1050,867,1583,450,371,679,0.001110708000055638,False,,,True,"missing_optional_deephit_dependencies:torchtuples,pycox",,,,False,,0.29794347464733334,0.3,0.24733333333333332,,,,,,,,,,,,,
S5_MAR_missingness_inst30,2,deephit_competing_risk_all_safe_reduced_optional,DeepHit optional,all_safe_reduced,3500,1500,1050,867,1583,450,371,679,0.0011199580000038623,False,,,True,"missing_optional_deephit_dependencies:torchtuples,pycox",,,,False,,0.29794347464733334,0.3,0.24733333333333332,,,,,,,,,,,,,
S6_highdim_sparseMRI_inst30,1,finegray_dgm_cif_R,Fine-Gray,dgm,3500,1500,1049,884,1567,450,378,672,9.486737833000007,False,,,False,,,36,age;sex_Female;MMSE;MTL_total_pct;Temporal_lateral_total_pct;Medial_parietal_total_pct;Posterior_total_pct;Ventricles_total_pct;wmh_icv_pct;wmh_log_icv;wmh_missing;pathology_ischaemic;pathology_ischaemic__missing;pathology_ischaemic__present;pathology_ischaemic__log1p;pathology_neurodegenerative_dementia;pathology_neurodegenerative_dementia__missing;pathology_neurodegenerative_dementia__present;pathology_neurodegenerative_dementia__log1p;falls;hypertension;Cerebrovascular_accident;Epilepsy;Diabetes_mellitus;Chronic_kidney_disease;Parkinsons_disease;Transient_ischemic_attack;Chronic_obstructive_lung_disease;Arthritis;Heart_failure;Ischemic_heart_disease;Atrial_fibrillation;Chronic_liver_disease;Coronary_arteriosclerosis;IMD_Score_2019_synthetic;IMD_Decile_2019_synthetic,True,0.29569491024338534,0.29628105446133335,0.3,0.252,0.048838042048500334,0.0663791283552954,0.9348326821478588,0.9289929402326959,0.1899839412740542,0.19899958212583996,,integrated_brier_not_available_from_single_horizon_prediction,0.6881566137566137,-0.12185994259459607,0.8182873573876293,,0.6820606954060892
S6_highdim_sparseMRI_inst30,1,finegray_all_safe_reduced_R,Fine-Gray,all_safe_reduced,3500,1500,1049,884,1567,450,378,672,5.011461833999988,False,,,False,,,30,Left_Entorhinal_pct;Right_Entorhinal_pct;Left_Hippocampus_pct;Left_Parahippocampal_pct;Right_Hippocampus_pct;Right_Parahippocampal_pct;Right_LateralVentricle_pct;Right_Temporal_Region05_pct;Right_InfLatVentricle_pct;Left_LateralVentricle_pct;Left_InfLatVentricle_pct;Left_Temporal_Region01_pct;MTL_total_pct;Left_TemporalPole_pct;Right_Precuneus_pct;Left_Temporal_Region05_pct;Left_MTG_pct;Left_Fusiform_pct;Left_STG_pct;Right_TemporalPole_pct;Left_Occipital_Region03_pct;Right_PosteriorCingulate_pct;Left_Occipital_Region01_pct;Right_Temporal_Region06_pct;Right_Temporal_Region02_pct;Left_SOG_pct;Left_Temporal_Region03_pct;Left_IOG_pct;Right_Occipital_Region01_pct;Left_Temporal_Region04_pct,True,0.30057396739678194,0.29628105446133335,0.3,0.252,0.03182824465504593,0.04495238553490542,0.9724690295417909,0.968375418339042,0.18790474711084906,0.19436302929090357,,integrated_brier_not_available_from_single_horizon_prediction,0.7051661375661376,-0.12617820723361828,0.8402099620949558,,0.6990201263075362
S6_highdim_sparseMRI_inst30,1,cs_rsf_dgm_cif,Random Survival Forest,dgm,3500,1500,1049,884,1567,450,378,672,2.1144460840000647,False,,,False,,,36,age;sex_Female;MMSE;MTL_total_pct;Temporal_lateral_total_pct;Medial_parietal_total_pct;Posterior_total_pct;Ventricles_total_pct;wmh_icv_pct;wmh_log_icv;wmh_missing;pathology_ischaemic;pathology_ischaemic__missing;pathology_ischaemic__present;pathology_ischaemic__log1p;pathology_neurodegenerative_dementia;pathology_neurodegenerative_dementia__missing;pathology_neurodegenerative_dementia__present;pathology_neurodegenerative_dementia__log1p;falls;hypertension;Cerebrovascular_accident;Epilepsy;Diabetes_mellitus;Chronic_kidney_disease;Parkinsons_disease;Transient_ischemic_attack;Chronic_obstructive_lung_disease;Arthritis;Heart_failure;Ischemic_heart_disease;Atrial_fibrillation;Chronic_liver_disease;Coronary_arteriosclerosis;IMD_Score_2019_synthetic;IMD_Decile_2019_synthetic,True,0.31549882375686805,0.29628105446133335,0.3,0.252,0.06556445913874605,0.08434883509887775,0.9027199780977682,0.8936508866843181,0.19209140918547396,0.19983356270297403,,integrated_brier_not_available_from_single_horizon_prediction,0.6791999999999999,-0.12897464841557296,0.9285079773412795,,0.6808192634306401
S6_highdim_sparseMRI_inst30,1,cs_rsf_all_safe_cif,Random Survival Forest,all_safe,3500,1500,1049,884,1567,450,378,672,7.294582959000081,False,,,False,,,160,age;sex_Female;MMSE;IMD_Score_2019_synthetic;IMD_Decile_2019_synthetic;diagnosis_reference_NOT_PREDICTOR;wmh_icv_pct;wmh_log_icv;MTL_total_pct;Temporal_lateral_total_pct;Medial_parietal_total_pct;Posterior_total_pct;Ventricles_total_pct;LI_PCgG;LI_PCu;LI_MTG;LI_ITG;LI_STG;Right_Hippocampus_pct;Left_Hippocampus_pct;Right_Entorhinal_pct;Left_Entorhinal_pct;Right_Parahippocampal_pct;Left_Parahippocampal_pct;Right_MTG_pct;Left_MTG_pct;Right_ITG_pct;Left_ITG_pct;Right_STG_pct;Left_STG_pct;Right_Fusiform_pct;Left_Fusiform_pct;Right_TemporalPole_pct;Left_TemporalPole_pct;Right_PosteriorCingulate_pct;Left_PosteriorCingulate_pct;Right_Precuneus_pct;Left_Precuneus_pct;Right_SPL_pct;Left_SPL_pct;Right_SOG_pct;Left_SOG_pct;Right_MOG_pct;Left_MOG_pct;Right_IOG_pct;Left_IOG_pct;Right_LateralVentricle_pct;Left_LateralVentricle_pct;Right_InfLatVentricle_pct;Left_InfLatVentricle_pct;Right_Frontal_Region01_pct;Right_Frontal_Region02_pct;Right_Frontal_Region03_pct;Right_Frontal_Region04_pct;Right_Frontal_Region05_pct;Right_Frontal_Region06_pct;Right_Parietal_Region01_pct;Right_Parietal_Region02_pct;Right_Parietal_Region03_pct;Right_Parietal_Region04_pct;Right_Parietal_Region05_pct;Right_Parietal_Region06_pct;Right_Temporal_Region01_pct;Right_Temporal_Region02_pct;Right_Temporal_Region03_pct;Right_Temporal_Region04_pct;Right_Temporal_Region05_pct;Right_Temporal_Region06_pct;Right_Occipital_Region01_pct;Right_Occipital_Region02_pct;Right_Occipital_Region03_pct;Right_Occipital_Region04_pct;Right_Occipital_Region05_pct;Right_Occipital_Region06_pct;Right_Insula_Region01_pct;Right_Insula_Region02_pct;Right_Insula_Region03_pct;Right_Insula_Region04_pct;Right_Insula_Region05_pct;Right_Insula_Region06_pct;Right_Cingulate_Region01_pct;Right_Cingulate_Region02_pct;Right_Cingulate_Region03_pct;Right_Cingulate_Region04_pct;Right_Cingulate_Region05_pct;Right_Cingulate_Region06_pct;Right_DeepNuclei_Region01_pct;Right_DeepNuclei_Region02_pct;Right_DeepNuclei_Region03_pct;Right_DeepNuclei_Region04_pct;Right_DeepNuclei_Region05_pct;Right_DeepNuclei_Region06_pct;Left_Frontal_Region01_pct;Left_Frontal_Region02_pct;Left_Frontal_Region03_pct;Left_Frontal_Region04_pct;Left_Frontal_Region05_pct;Left_Frontal_Region06_pct;Left_Parietal_Region01_pct;Left_Parietal_Region02_pct;Left_Parietal_Region03_pct;Left_Parietal_Region04_pct;Left_Parietal_Region05_pct;Left_Parietal_Region06_pct;Left_Temporal_Region01_pct;Left_Temporal_Region02_pct;Left_Temporal_Region03_pct;Left_Temporal_Region04_pct;Left_Temporal_Region05_pct;Left_Temporal_Region06_pct;Left_Occipital_Region01_pct;Left_Occipital_Region02_pct;Left_Occipital_Region03_pct;Left_Occipital_Region04_pct;Left_Occipital_Region05_pct;Left_Occipital_Region06_pct;Left_Insula_Region01_pct;Left_Insula_Region02_pct;Left_Insula_Region03_pct;Left_Insula_Region04_pct;Left_Insula_Region05_pct;Left_Insula_Region06_pct;Left_Cingulate_Region01_pct;Left_Cingulate_Region02_pct;Left_Cingulate_Region03_pct;Left_Cingulate_Region04_pct;Left_Cingulate_Region05_pct;Left_Cingulate_Region06_pct;Left_DeepNuclei_Region01_pct;Left_DeepNuclei_Region02_pct;Left_DeepNuclei_Region03_pct;Left_DeepNuclei_Region04_pct;Left_DeepNuclei_Region05_pct;Left_DeepNuclei_Region06_pct;falls;hypertension;Cerebrovascular_accident;Epilepsy;Diabetes_mellitus;Chronic_kidney_disease;Parkinsons_disease;Transient_ischemic_attack;Chronic_obstructive_lung_disease;Arthritis;Heart_failure;Ischemic_heart_disease;Atrial_fibrillation;Chronic_liver_disease;Coronary_arteriosclerosis;pathology_ischaemic;pathology_neurodegenerative_dementia;wmh_missing;pathology_ischaemic__missing;pathology_ischaemic__present;pathology_ischaemic__log1p;pathology_neurodegenerative_dementia__missing;pathology_neurodegenerative_dementia__present;pathology_neurodegenerative_dementia__log1p,True,0.32754683449998157,0.29628105446133335,0.3,0.252,0.05499307653679502,0.07107242669728597,0.9323882223947657,0.9345593846072949,0.19094883441667276,0.19537653175836897,,integrated_brier_not_available_from_single_horizon_prediction,0.6914920634920635,-0.22926448302584426,0.8619294780099997,,0.6907200918006277
S6_highdim_sparseMRI_inst30,1,cs_gbsa_dgm_cif,Gradient Boosting Survival,dgm,3500,1500,1049,884,1567,450,378,672,9.66885287499997,False,,,False,,,36,age;sex_Female;MMSE;MTL_total_pct;Temporal_lateral_total_pct;Medial_parietal_total_pct;Posterior_total_pct;Ventricles_total_pct;wmh_icv_pct;wmh_log_icv;wmh_missing;pathology_ischaemic;pathology_ischaemic__missing;pathology_ischaemic__present;pathology_ischaemic__log1p;pathology_neurodegenerative_dementia;pathology_neurodegenerative_dementia__missing;pathology_neurodegenerative_dementia__present;pathology_neurodegenerative_dementia__log1p;falls;hypertension;Cerebrovascular_accident;Epilepsy;Diabetes_mellitus;Chronic_kidney_disease;Parkinsons_disease;Transient_ischemic_attack;Chronic_obstructive_lung_disease;Arthritis;Heart_failure;Ischemic_heart_disease;Atrial_fibrillation;Chronic_liver_disease;Coronary_arteriosclerosis;IMD_Score_2019_synthetic;IMD_Decile_2019_synthetic,True,0.30969929200170865,0.29628105446133335,0.3,0.252,0.10006839192578632,0.12454535438600747,0.8701222334740584,0.8685754425276464,0.19666519179231334,0.21218810787897913,,integrated_brier_not_available_from_single_horizon_prediction,0.6738211640211641,0.6935062382076062,1.9634702063685676,,0.673329834999806
S6_highdim_sparseMRI_inst30,1,cs_gbsa_all_safe_cif,Gradient Boosting Survival,all_safe,3500,1500,1049,884,1567,450,378,672,15.861591541999928,False,,,False,,,160,age;sex_Female;MMSE;IMD_Score_2019_synthetic;IMD_Decile_2019_synthetic;diagnosis_reference_NOT_PREDICTOR;wmh_icv_pct;wmh_log_icv;MTL_total_pct;Temporal_lateral_total_pct;Medial_parietal_total_pct;Posterior_total_pct;Ventricles_total_pct;LI_PCgG;LI_PCu;LI_MTG;LI_ITG;LI_STG;Right_Hippocampus_pct;Left_Hippocampus_pct;Right_Entorhinal_pct;Left_Entorhinal_pct;Right_Parahippocampal_pct;Left_Parahippocampal_pct;Right_MTG_pct;Left_MTG_pct;Right_ITG_pct;Left_ITG_pct;Right_STG_pct;Left_STG_pct;Right_Fusiform_pct;Left_Fusiform_pct;Right_TemporalPole_pct;Left_TemporalPole_pct;Right_PosteriorCingulate_pct;Left_PosteriorCingulate_pct;Right_Precuneus_pct;Left_Precuneus_pct;Right_SPL_pct;Left_SPL_pct;Right_SOG_pct;Left_SOG_pct;Right_MOG_pct;Left_MOG_pct;Right_IOG_pct;Left_IOG_pct;Right_LateralVentricle_pct;Left_LateralVentricle_pct;Right_InfLatVentricle_pct;Left_InfLatVentricle_pct;Right_Frontal_Region01_pct;Right_Frontal_Region02_pct;Right_Frontal_Region03_pct;Right_Frontal_Region04_pct;Right_Frontal_Region05_pct;Right_Frontal_Region06_pct;Right_Parietal_Region01_pct;Right_Parietal_Region02_pct;Right_Parietal_Region03_pct;Right_Parietal_Region04_pct;Right_Parietal_Region05_pct;Right_Parietal_Region06_pct;Right_Temporal_Region01_pct;Right_Temporal_Region02_pct;Right_Temporal_Region03_pct;Right_Temporal_Region04_pct;Right_Temporal_Region05_pct;Right_Temporal_Region06_pct;Right_Occipital_Region01_pct;Right_Occipital_Region02_pct;Right_Occipital_Region03_pct;Right_Occipital_Region04_pct;Right_Occipital_Region05_pct;Right_Occipital_Region06_pct;Right_Insula_Region01_pct;Right_Insula_Region02_pct;Right_Insula_Region03_pct;Right_Insula_Region04_pct;Right_Insula_Region05_pct;Right_Insula_Region06_pct;Right_Cingulate_Region01_pct;Right_Cingulate_Region02_pct;Right_Cingulate_Region03_pct;Right_Cingulate_Region04_pct;Right_Cingulate_Region05_pct;Right_Cingulate_Region06_pct;Right_DeepNuclei_Region01_pct;Right_DeepNuclei_Region02_pct;Right_DeepNuclei_Region03_pct;Right_DeepNuclei_Region04_pct;Right_DeepNuclei_Region05_pct;Right_DeepNuclei_Region06_pct;Left_Frontal_Region01_pct;Left_Frontal_Region02_pct;Left_Frontal_Region03_pct;Left_Frontal_Region04_pct;Left_Frontal_Region05_pct;Left_Frontal_Region06_pct;Left_Parietal_Region01_pct;Left_Parietal_Region02_pct;Left_Parietal_Region03_pct;Left_Parietal_Region04_pct;Left_Parietal_Region05_pct;Left_Parietal_Region06_pct;Left_Temporal_Region01_pct;Left_Temporal_Region02_pct;Left_Temporal_Region03_pct;Left_Temporal_Region04_pct;Left_Temporal_Region05_pct;Left_Temporal_Region06_pct;Left_Occipital_Region01_pct;Left_Occipital_Region02_pct;Left_Occipital_Region03_pct;Left_Occipital_Region04_pct;Left_Occipital_Region05_pct;Left_Occipital_Region06_pct;Left_Insula_Region01_pct;Left_Insula_Region02_pct;Left_Insula_Region03_pct;Left_Insula_Region04_pct;Left_Insula_Region05_pct;Left_Insula_Region06_pct;Left_Cingulate_Region01_pct;Left_Cingulate_Region02_pct;Left_Cingulate_Region03_pct;Left_Cingulate_Region04_pct;Left_Cingulate_Region05_pct;Left_Cingulate_Region06_pct;Left_DeepNuclei_Region01_pct;Left_DeepNuclei_Region02_pct;Left_DeepNuclei_Region03_pct;Left_DeepNuclei_Region04_pct;Left_DeepNuclei_Region05_pct;Left_DeepNuclei_Region06_pct;falls;hypertension;Cerebrovascular_accident;Epilepsy;Diabetes_mellitus;Chronic_kidney_disease;Parkinsons_disease;Transient_ischemic_attack;Chronic_obstructive_lung_disease;Arthritis;Heart_failure;Ischemic_heart_disease;Atrial_fibrillation;Chronic_liver_disease;Coronary_arteriosclerosis;pathology_ischaemic;pathology_neurodegenerative_dementia;wmh_missing;pathology_ischaemic__missing;pathology_ischaemic__present;pathology_ischaemic__log1p;pathology_neurodegenerative_dementia__missing;pathology_neurodegenerative_dementia__present;pathology_neurodegenerative_dementia__log1p,True,0.31174368844598443,0.29628105446133335,0.3,0.252,0.08770707119245845,0.10700356410706317,0.907851624593841,0.9256175965092395,0.19133641123574838,0.20557882127203403,,integrated_brier_not_available_from_single_horizon_prediction,0.7086550264550265,0.6435854173038233,1.9303183789814784,,0.7017929299632266
S6_highdim_sparseMRI_inst30,1,deepsurv_dgm_cause_specific_optional,DeepSurv optional,dgm,3500,1500,1049,884,1567,450,378,672,0.0013726659999520052,False,,,True,"missing_optional_deep_dependencies:torchtuples,pycox",,,,False,,0.29628105446133335,0.3,0.252,,,,,,,,,,,,,
S6_highdim_sparseMRI_inst30,1,deepsurv_all_safe_cause_specific_optional,DeepSurv optional,all_safe,3500,1500,1049,884,1567,450,378,672,0.0012240000000929285,False,,,True,"missing_optional_deep_dependencies:torchtuples,pycox",,,,False,,0.29628105446133335,0.3,0.252,,,,,,,,,,,,,
S6_highdim_sparseMRI_inst30,1,deephit_competing_risk_dgm_optional,DeepHit optional,dgm,3500,1500,1049,884,1567,450,378,672,0.001241999999933796,False,,,True,"missing_optional_deephit_dependencies:torchtuples,pycox",,,,False,,0.29628105446133335,0.3,0.252,,,,,,,,,,,,,
S6_highdim_sparseMRI_inst30,1,deephit_competing_risk_all_safe_reduced_optional,DeepHit optional,all_safe_reduced,3500,1500,1049,884,1567,450,378,672,0.0011872920000541853,False,,,True,"missing_optional_deephit_dependencies:torchtuples,pycox",,,,False,,0.29628105446133335,0.3,0.252,,,,,,,,,,,,,
S6_highdim_sparseMRI_inst30,2,finegray_dgm_cif_R,Fine-Gray,dgm,3500,1500,1050,921,1529,450,394,656,8.577949417000013,False,,,False,,,36,age;sex_Female;MMSE;MTL_total_pct;Temporal_lateral_total_pct;Medial_parietal_total_pct;Posterior_total_pct;Ventricles_total_pct;wmh_icv_pct;wmh_log_icv;wmh_missing;pathology_ischaemic;pathology_ischaemic__missing;pathology_ischaemic__present;pathology_ischaemic__log1p;pathology_neurodegenerative_dementia;pathology_neurodegenerative_dementia__missing;pathology_neurodegenerative_dementia__present;pathology_neurodegenerative_dementia__log1p;falls;hypertension;Cerebrovascular_accident;Epilepsy;Diabetes_mellitus;Chronic_kidney_disease;Parkinsons_disease;Transient_ischemic_attack;Chronic_obstructive_lung_disease;Arthritis;Heart_failure;Ischemic_heart_disease;Atrial_fibrillation;Chronic_liver_disease;Coronary_arteriosclerosis;IMD_Score_2019_synthetic;IMD_Decile_2019_synthetic,True,0.305943220465917,0.31378692493733334,0.3,0.26266666666666666,0.05482032098563313,0.07584483992604658,0.9172184520970899,0.9150906339153329,0.18969033602681093,0.20065452154190003,,integrated_brier_not_available_from_single_horizon_prediction,0.6953142857142858,-0.1941911180005091,0.7806136531818488,,0.6854396114917182
S6_highdim_sparseMRI_inst30,2,finegray_all_safe_reduced_R,Fine-Gray,all_safe_reduced,3500,1500,1050,921,1529,450,394,656,5.046954625000012,False,,,False,,,30,Left_Hippocampus_pct;Right_Parahippocampal_pct;Left_Entorhinal_pct;Right_Entorhinal_pct;Right_Hippocampus_pct;Left_Parahippocampal_pct;Right_LateralVentricle_pct;Right_InfLatVentricle_pct;Left_STG_pct;Left_Temporal_Region01_pct;Right_Temporal_Region06_pct;Left_InfLatVentricle_pct;Left_LateralVentricle_pct;Right_STG_pct;Right_ITG_pct;Right_TemporalPole_pct;Left_Temporal_Region05_pct;Left_MTG_pct;Left_Temporal_Region06_pct;Right_Temporal_Region01_pct;Right_Fusiform_pct;Right_Temporal_Region04_pct;Right_Temporal_Region03_pct;Left_Precuneus_pct;Left_Occipital_Region06_pct;Left_PosteriorCingulate_pct;Left_Temporal_Region04_pct;Left_Temporal_Region02_pct;Left_Occipital_Region05_pct;MTL_total_pct,True,0.3120661644337768,0.31378692493733334,0.3,0.26266666666666666,0.036905080605317456,0.05383151133161126,0.9664696633198505,0.9575287460123912,0.18667688884388217,0.19240000010192018,,integrated_brier_not_available_from_single_horizon_prediction,0.7135619047619047,-0.1955919398705338,0.8160430248944869,,0.7111419451017316
S6_highdim_sparseMRI_inst30,2,cs_rsf_dgm_cif,Random Survival Forest,dgm,3500,1500,1050,921,1529,450,394,656,2.0381470830000126,False,,,False,,,36,age;sex_Female;MMSE;MTL_total_pct;Temporal_lateral_total_pct;Medial_parietal_total_pct;Posterior_total_pct;Ventricles_total_pct;wmh_icv_pct;wmh_log_icv;wmh_missing;pathology_ischaemic;pathology_ischaemic__missing;pathology_ischaemic__present;pathology_ischaemic__log1p;pathology_neurodegenerative_dementia;pathology_neurodegenerative_dementia__missing;pathology_neurodegenerative_dementia__present;pathology_neurodegenerative_dementia__log1p;falls;hypertension;Cerebrovascular_accident;Epilepsy;Diabetes_mellitus;Chronic_kidney_disease;Parkinsons_disease;Transient_ischemic_attack;Chronic_obstructive_lung_disease;Arthritis;Heart_failure;Ischemic_heart_disease;Atrial_fibrillation;Chronic_liver_disease;Coronary_arteriosclerosis;IMD_Score_2019_synthetic;IMD_Decile_2019_synthetic,True,0.32461938126136153,0.31378692493733334,0.3,0.26266666666666666,0.0628743576767409,0.07950026543198145,0.9079202044089798,0.9016549901052795,0.18920920304303446,0.19857538163097813,,integrated_brier_not_available_from_single_horizon_prediction,0.6974984126984127,-0.1330329186040412,0.991723082731156,,0.6943326024025736
S6_highdim_sparseMRI_inst30,2,cs_rsf_all_safe_cif,Random Survival Forest,all_safe,3500,1500,1050,921,1529,450,394,656,7.678112665999947,False,,,False,,,160,age;sex_Female;MMSE;IMD_Score_2019_synthetic;IMD_Decile_2019_synthetic;diagnosis_reference_NOT_PREDICTOR;wmh_icv_pct;wmh_log_icv;MTL_total_pct;Temporal_lateral_total_pct;Medial_parietal_total_pct;Posterior_total_pct;Ventricles_total_pct;LI_PCgG;LI_PCu;LI_MTG;LI_ITG;LI_STG;Right_Hippocampus_pct;Left_Hippocampus_pct;Right_Entorhinal_pct;Left_Entorhinal_pct;Right_Parahippocampal_pct;Left_Parahippocampal_pct;Right_MTG_pct;Left_MTG_pct;Right_ITG_pct;Left_ITG_pct;Right_STG_pct;Left_STG_pct;Right_Fusiform_pct;Left_Fusiform_pct;Right_TemporalPole_pct;Left_TemporalPole_pct;Right_PosteriorCingulate_pct;Left_PosteriorCingulate_pct;Right_Precuneus_pct;Left_Precuneus_pct;Right_SPL_pct;Left_SPL_pct;Right_SOG_pct;Left_SOG_pct;Right_MOG_pct;Left_MOG_pct;Right_IOG_pct;Left_IOG_pct;Right_LateralVentricle_pct;Left_LateralVentricle_pct;Right_InfLatVentricle_pct;Left_InfLatVentricle_pct;Right_Frontal_Region01_pct;Right_Frontal_Region02_pct;Right_Frontal_Region03_pct;Right_Frontal_Region04_pct;Right_Frontal_Region05_pct;Right_Frontal_Region06_pct;Right_Parietal_Region01_pct;Right_Parietal_Region02_pct;Right_Parietal_Region03_pct;Right_Parietal_Region04_pct;Right_Parietal_Region05_pct;Right_Parietal_Region06_pct;Right_Temporal_Region01_pct;Right_Temporal_Region02_pct;Right_Temporal_Region03_pct;Right_Temporal_Region04_pct;Right_Temporal_Region05_pct;Right_Temporal_Region06_pct;Right_Occipital_Region01_pct;Right_Occipital_Region02_pct;Right_Occipital_Region03_pct;Right_Occipital_Region04_pct;Right_Occipital_Region05_pct;Right_Occipital_Region06_pct;Right_Insula_Region01_pct;Right_Insula_Region02_pct;Right_Insula_Region03_pct;Right_Insula_Region04_pct;Right_Insula_Region05_pct;Right_Insula_Region06_pct;Right_Cingulate_Region01_pct;Right_Cingulate_Region02_pct;Right_Cingulate_Region03_pct;Right_Cingulate_Region04_pct;Right_Cingulate_Region05_pct;Right_Cingulate_Region06_pct;Right_DeepNuclei_Region01_pct;Right_DeepNuclei_Region02_pct;Right_DeepNuclei_Region03_pct;Right_DeepNuclei_Region04_pct;Right_DeepNuclei_Region05_pct;Right_DeepNuclei_Region06_pct;Left_Frontal_Region01_pct;Left_Frontal_Region02_pct;Left_Frontal_Region03_pct;Left_Frontal_Region04_pct;Left_Frontal_Region05_pct;Left_Frontal_Region06_pct;Left_Parietal_Region01_pct;Left_Parietal_Region02_pct;Left_Parietal_Region03_pct;Left_Parietal_Region04_pct;Left_Parietal_Region05_pct;Left_Parietal_Region06_pct;Left_Temporal_Region01_pct;Left_Temporal_Region02_pct;Left_Temporal_Region03_pct;Left_Temporal_Region04_pct;Left_Temporal_Region05_pct;Left_Temporal_Region06_pct;Left_Occipital_Region01_pct;Left_Occipital_Region02_pct;Left_Occipital_Region03_pct;Left_Occipital_Region04_pct;Left_Occipital_Region05_pct;Left_Occipital_Region06_pct;Left_Insula_Region01_pct;Left_Insula_Region02_pct;Left_Insula_Region03_pct;Left_Insula_Region04_pct;Left_Insula_Region05_pct;Left_Insula_Region06_pct;Left_Cingulate_Region01_pct;Left_Cingulate_Region02_pct;Left_Cingulate_Region03_pct;Left_Cingulate_Region04_pct;Left_Cingulate_Region05_pct;Left_Cingulate_Region06_pct;Left_DeepNuclei_Region01_pct;Left_DeepNuclei_Region02_pct;Left_DeepNuclei_Region03_pct;Left_DeepNuclei_Region04_pct;Left_DeepNuclei_Region05_pct;Left_DeepNuclei_Region06_pct;falls;hypertension;Cerebrovascular_accident;Epilepsy;Diabetes_mellitus;Chronic_kidney_disease;Parkinsons_disease;Transient_ischemic_attack;Chronic_obstructive_lung_disease;Arthritis;Heart_failure;Ischemic_heart_disease;Atrial_fibrillation;Chronic_liver_disease;Coronary_arteriosclerosis;pathology_ischaemic;pathology_neurodegenerative_dementia;wmh_missing;pathology_ischaemic__missing;pathology_ischaemic__present;pathology_ischaemic__log1p;pathology_neurodegenerative_dementia__missing;pathology_neurodegenerative_dementia__present;pathology_neurodegenerative_dementia__log1p,True,0.3373022339350925,0.31378692493733334,0.3,0.26266666666666666,0.05079668211031291,0.06637288794620813,0.9494229215212984,0.939717658865253,0.18786963614783653,0.1951369962482333,,integrated_brier_not_available_from_single_horizon_prediction,0.7092296296296297,-0.24184212790582163,0.9189118876976358,,0.7077970077263924
S6_highdim_sparseMRI_inst30,2,cs_gbsa_dgm_cif,Gradient Boosting Survival,dgm,3500,1500,1050,921,1529,450,394,656,9.672700666999958,False,,,False,,,36,age;sex_Female;MMSE;MTL_total_pct;Temporal_lateral_total_pct;Medial_parietal_total_pct;Posterior_total_pct;Ventricles_total_pct;wmh_icv_pct;wmh_log_icv;wmh_missing;pathology_ischaemic;pathology_ischaemic__missing;pathology_ischaemic__present;pathology_ischaemic__log1p;pathology_neurodegenerative_dementia;pathology_neurodegenerative_dementia__missing;pathology_neurodegenerative_dementia__present;pathology_neurodegenerative_dementia__log1p;falls;hypertension;Cerebrovascular_accident;Epilepsy;Diabetes_mellitus;Chronic_kidney_disease;Parkinsons_disease;Transient_ischemic_attack;Chronic_obstructive_lung_disease;Arthritis;Heart_failure;Ischemic_heart_disease;Atrial_fibrillation;Chronic_liver_disease;Coronary_arteriosclerosis;IMD_Score_2019_synthetic;IMD_Decile_2019_synthetic,True,0.31427506221896906,0.31378692493733334,0.3,0.26266666666666666,0.09635357594033499,0.12096951620169163,0.8846742937140879,0.8752260245653377,0.19432448745746592,0.21079142841447523,,integrated_brier_not_available_from_single_horizon_prediction,0.7009555555555556,0.7216161066158356,2.0624203717108007,,0.6938690601551886
S6_highdim_sparseMRI_inst30,2,cs_gbsa_all_safe_cif,Gradient Boosting Survival,all_safe,3500,1500,1050,921,1529,450,394,656,16.008893124999986,False,,,False,,,160,age;sex_Female;MMSE;IMD_Score_2019_synthetic;IMD_Decile_2019_synthetic;diagnosis_reference_NOT_PREDICTOR;wmh_icv_pct;wmh_log_icv;MTL_total_pct;Temporal_lateral_total_pct;Medial_parietal_total_pct;Posterior_total_pct;Ventricles_total_pct;LI_PCgG;LI_PCu;LI_MTG;LI_ITG;LI_STG;Right_Hippocampus_pct;Left_Hippocampus_pct;Right_Entorhinal_pct;Left_Entorhinal_pct;Right_Parahippocampal_pct;Left_Parahippocampal_pct;Right_MTG_pct;Left_MTG_pct;Right_ITG_pct;Left_ITG_pct;Right_STG_pct;Left_STG_pct;Right_Fusiform_pct;Left_Fusiform_pct;Right_TemporalPole_pct;Left_TemporalPole_pct;Right_PosteriorCingulate_pct;Left_PosteriorCingulate_pct;Right_Precuneus_pct;Left_Precuneus_pct;Right_SPL_pct;Left_SPL_pct;Right_SOG_pct;Left_SOG_pct;Right_MOG_pct;Left_MOG_pct;Right_IOG_pct;Left_IOG_pct;Right_LateralVentricle_pct;Left_LateralVentricle_pct;Right_InfLatVentricle_pct;Left_InfLatVentricle_pct;Right_Frontal_Region01_pct;Right_Frontal_Region02_pct;Right_Frontal_Region03_pct;Right_Frontal_Region04_pct;Right_Frontal_Region05_pct;Right_Frontal_Region06_pct;Right_Parietal_Region01_pct;Right_Parietal_Region02_pct;Right_Parietal_Region03_pct;Right_Parietal_Region04_pct;Right_Parietal_Region05_pct;Right_Parietal_Region06_pct;Right_Temporal_Region01_pct;Right_Temporal_Region02_pct;Right_Temporal_Region03_pct;Right_Temporal_Region04_pct;Right_Temporal_Region05_pct;Right_Temporal_Region06_pct;Right_Occipital_Region01_pct;Right_Occipital_Region02_pct;Right_Occipital_Region03_pct;Right_Occipital_Region04_pct;Right_Occipital_Region05_pct;Right_Occipital_Region06_pct;Right_Insula_Region01_pct;Right_Insula_Region02_pct;Right_Insula_Region03_pct;Right_Insula_Region04_pct;Right_Insula_Region05_pct;Right_Insula_Region06_pct;Right_Cingulate_Region01_pct;Right_Cingulate_Region02_pct;Right_Cingulate_Region03_pct;Right_Cingulate_Region04_pct;Right_Cingulate_Region05_pct;Right_Cingulate_Region06_pct;Right_DeepNuclei_Region01_pct;Right_DeepNuclei_Region02_pct;Right_DeepNuclei_Region03_pct;Right_DeepNuclei_Region04_pct;Right_DeepNuclei_Region05_pct;Right_DeepNuclei_Region06_pct;Left_Frontal_Region01_pct;Left_Frontal_Region02_pct;Left_Frontal_Region03_pct;Left_Frontal_Region04_pct;Left_Frontal_Region05_pct;Left_Frontal_Region06_pct;Left_Parietal_Region01_pct;Left_Parietal_Region02_pct;Left_Parietal_Region03_pct;Left_Parietal_Region04_pct;Left_Parietal_Region05_pct;Left_Parietal_Region06_pct;Left_Temporal_Region01_pct;Left_Temporal_Region02_pct;Left_Temporal_Region03_pct;Left_Temporal_Region04_pct;Left_Temporal_Region05_pct;Left_Temporal_Region06_pct;Left_Occipital_Region01_pct;Left_Occipital_Region02_pct;Left_Occipital_Region03_pct;Left_Occipital_Region04_pct;Left_Occipital_Region05_pct;Left_Occipital_Region06_pct;Left_Insula_Region01_pct;Left_Insula_Region02_pct;Left_Insula_Region03_pct;Left_Insula_Region04_pct;Left_Insula_Region05_pct;Left_Insula_Region06_pct;Left_Cingulate_Region01_pct;Left_Cingulate_Region02_pct;Left_Cingulate_Region03_pct;Left_Cingulate_Region04_pct;Left_Cingulate_Region05_pct;Left_Cingulate_Region06_pct;Left_DeepNuclei_Region01_pct;Left_DeepNuclei_Region02_pct;Left_DeepNuclei_Region03_pct;Left_DeepNuclei_Region04_pct;Left_DeepNuclei_Region05_pct;Left_DeepNuclei_Region06_pct;falls;hypertension;Cerebrovascular_accident;Epilepsy;Diabetes_mellitus;Chronic_kidney_disease;Parkinsons_disease;Transient_ischemic_attack;Chronic_obstructive_lung_disease;Arthritis;Heart_failure;Ischemic_heart_disease;Atrial_fibrillation;Chronic_liver_disease;Coronary_arteriosclerosis;pathology_ischaemic;pathology_neurodegenerative_dementia;wmh_missing;pathology_ischaemic__missing;pathology_ischaemic__present;pathology_ischaemic__log1p;pathology_neurodegenerative_dementia__missing;pathology_neurodegenerative_dementia__present;pathology_neurodegenerative_dementia__log1p,True,0.31685502101131224,0.31378692493733334,0.3,0.26266666666666666,0.08408475738196922,0.10528211210776331,0.9102986768960722,0.9127810783930359,0.19088875029253738,0.20730963333310917,,integrated_brier_not_available_from_single_horizon_prediction,0.7081227513227513,0.4990628818372839,1.8064950050455892,,0.6998507166838043
S6_highdim_sparseMRI_inst30,2,deepsurv_dgm_cause_specific_optional,DeepSurv optional,dgm,3500,1500,1050,921,1529,450,394,656,0.0013089579999814305,False,,,True,"missing_optional_deep_dependencies:torchtuples,pycox",,,,False,,0.31378692493733334,0.3,0.26266666666666666,,,,,,,,,,,,,
S6_highdim_sparseMRI_inst30,2,deepsurv_all_safe_cause_specific_optional,DeepSurv optional,all_safe,3500,1500,1050,921,1529,450,394,656,0.0011530000000448126,False,,,True,"missing_optional_deep_dependencies:torchtuples,pycox",,,,False,,0.31378692493733334,0.3,0.26266666666666666,,,,,,,,,,,,,
S6_highdim_sparseMRI_inst30,2,deephit_competing_risk_dgm_optional,DeepHit optional,dgm,3500,1500,1050,921,1529,450,394,656,0.0011602909999055555,False,,,True,"missing_optional_deephit_dependencies:torchtuples,pycox",,,,False,,0.31378692493733334,0.3,0.26266666666666666,,,,,,,,,,,,,
S6_highdim_sparseMRI_inst30,2,deephit_competing_risk_all_safe_reduced_optional,DeepHit optional,all_safe_reduced,3500,1500,1050,921,1529,450,394,656,0.0014705419999927472,False,,,True,"missing_optional_deephit_dependencies:torchtuples,pycox",,,,False,,0.31378692493733334,0.3,0.26266666666666666,,,,,,,,,,,,,
S7_strong_death_competing_inst30,1,finegray_dgm_cif_R,Fine-Gray,dgm,3500,1500,1050,1074,1376,450,460,590,7.407110124999917,False,,,False,,,36,age;sex_Female;MMSE;MTL_total_pct;Temporal_lateral_total_pct;Medial_parietal_total_pct;Posterior_total_pct;Ventricles_total_pct;wmh_icv_pct;wmh_log_icv;wmh_missing;pathology_ischaemic;pathology_ischaemic__missing;pathology_ischaemic__present;pathology_ischaemic__log1p;pathology_neurodegenerative_dementia;pathology_neurodegenerative_dementia__missing;pathology_neurodegenerative_dementia__present;pathology_neurodegenerative_dementia__log1p;falls;hypertension;Cerebrovascular_accident;Epilepsy;Diabetes_mellitus;Chronic_kidney_disease;Parkinsons_disease;Transient_ischemic_attack;Chronic_obstructive_lung_disease;Arthritis;Heart_failure;Ischemic_heart_disease;Atrial_fibrillation;Chronic_liver_disease;Coronary_arteriosclerosis;IMD_Score_2019_synthetic;IMD_Decile_2019_synthetic,True,0.3031388116977377,0.29994657451733336,0.3,0.30666666666666664,0.039402562251462506,0.05682900062696885,0.9317434256637448,0.9216974400630525,0.1924683182891152,0.20162232524697357,,integrated_brier_not_available_from_single_horizon_prediction,0.6795873015873015,-0.08751533564148548,0.9064750023533944,,0.6934355578495923
S7_strong_death_competing_inst30,1,finegray_all_safe_reduced_R,Fine-Gray,all_safe_reduced,3500,1500,1050,1074,1376,450,460,590,4.99089845900005,False,,,False,,,30,Left_Hippocampus_pct;Left_Parahippocampal_pct;Right_Parahippocampal_pct;MMSE;Right_InfLatVentricle_pct;Left_LateralVentricle_pct;Right_Entorhinal_pct;Left_Entorhinal_pct;Left_InfLatVentricle_pct;Right_Hippocampus_pct;Right_LateralVentricle_pct;Left_IOG_pct;Left_Occipital_Region04_pct;Left_Fusiform_pct;Right_Temporal_Region06_pct;Right_Occipital_Region03_pct;Left_Occipital_Region06_pct;Left_MTG_pct;Right_Temporal_Region03_pct;Left_Temporal_Region03_pct;Right_MOG_pct;MTL_total_pct;Ventricles_total_pct;Right_Occipital_Region04_pct;Left_Temporal_Region04_pct;Left_ITG_pct;Right_STG_pct;Right_PosteriorCingulate_pct;Left_SOG_pct;Left_STG_pct,True,0.3037328581399817,0.29994657451733336,0.3,0.30666666666666664,0.04534350197527677,0.059154421468254996,0.9086564109584049,0.9093493140053552,0.1918820063889995,0.20351130807518514,,integrated_brier_not_available_from_single_horizon_prediction,0.6815957671957672,-0.04727952949018476,0.9631943228584028,,0.6899504404130945
S7_strong_death_competing_inst30,1,cs_rsf_dgm_cif,Random Survival Forest,dgm,3500,1500,1050,1074,1376,450,460,590,2.1657439589999967,False,,,False,,,36,age;sex_Female;MMSE;MTL_total_pct;Temporal_lateral_total_pct;Medial_parietal_total_pct;Posterior_total_pct;Ventricles_total_pct;wmh_icv_pct;wmh_log_icv;wmh_missing;pathology_ischaemic;pathology_ischaemic__missing;pathology_ischaemic__present;pathology_ischaemic__log1p;pathology_neurodegenerative_dementia;pathology_neurodegenerative_dementia__missing;pathology_neurodegenerative_dementia__present;pathology_neurodegenerative_dementia__log1p;falls;hypertension;Cerebrovascular_accident;Epilepsy;Diabetes_mellitus;Chronic_kidney_disease;Parkinsons_disease;Transient_ischemic_attack;Chronic_obstructive_lung_disease;Arthritis;Heart_failure;Ischemic_heart_disease;Atrial_fibrillation;Chronic_liver_disease;Coronary_arteriosclerosis;IMD_Score_2019_synthetic;IMD_Decile_2019_synthetic,True,0.31742309170900673,0.29994657451733336,0.3,0.30666666666666664,0.050196614963144516,0.06383485970953026,0.898843144374731,0.8917848095987597,0.19349450653044345,0.20475003735400882,,integrated_brier_not_available_from_single_horizon_prediction,0.6734074074074075,0.03588289270979539,1.1770973384917607,,0.6945476061586494
S7_strong_death_competing_inst30,1,cs_rsf_all_safe_cif,Random Survival Forest,all_safe,3500,1500,1050,1074,1376,450,460,590,7.612187709000068,False,,,False,,,160,age;sex_Female;MMSE;IMD_Score_2019_synthetic;IMD_Decile_2019_synthetic;diagnosis_reference_NOT_PREDICTOR;wmh_icv_pct;wmh_log_icv;MTL_total_pct;Temporal_lateral_total_pct;Medial_parietal_total_pct;Posterior_total_pct;Ventricles_total_pct;LI_PCgG;LI_PCu;LI_MTG;LI_ITG;LI_STG;Right_Hippocampus_pct;Left_Hippocampus_pct;Right_Entorhinal_pct;Left_Entorhinal_pct;Right_Parahippocampal_pct;Left_Parahippocampal_pct;Right_MTG_pct;Left_MTG_pct;Right_ITG_pct;Left_ITG_pct;Right_STG_pct;Left_STG_pct;Right_Fusiform_pct;Left_Fusiform_pct;Right_TemporalPole_pct;Left_TemporalPole_pct;Right_PosteriorCingulate_pct;Left_PosteriorCingulate_pct;Right_Precuneus_pct;Left_Precuneus_pct;Right_SPL_pct;Left_SPL_pct;Right_SOG_pct;Left_SOG_pct;Right_MOG_pct;Left_MOG_pct;Right_IOG_pct;Left_IOG_pct;Right_LateralVentricle_pct;Left_LateralVentricle_pct;Right_InfLatVentricle_pct;Left_InfLatVentricle_pct;Right_Frontal_Region01_pct;Right_Frontal_Region02_pct;Right_Frontal_Region03_pct;Right_Frontal_Region04_pct;Right_Frontal_Region05_pct;Right_Frontal_Region06_pct;Right_Parietal_Region01_pct;Right_Parietal_Region02_pct;Right_Parietal_Region03_pct;Right_Parietal_Region04_pct;Right_Parietal_Region05_pct;Right_Parietal_Region06_pct;Right_Temporal_Region01_pct;Right_Temporal_Region02_pct;Right_Temporal_Region03_pct;Right_Temporal_Region04_pct;Right_Temporal_Region05_pct;Right_Temporal_Region06_pct;Right_Occipital_Region01_pct;Right_Occipital_Region02_pct;Right_Occipital_Region03_pct;Right_Occipital_Region04_pct;Right_Occipital_Region05_pct;Right_Occipital_Region06_pct;Right_Insula_Region01_pct;Right_Insula_Region02_pct;Right_Insula_Region03_pct;Right_Insula_Region04_pct;Right_Insula_Region05_pct;Right_Insula_Region06_pct;Right_Cingulate_Region01_pct;Right_Cingulate_Region02_pct;Right_Cingulate_Region03_pct;Right_Cingulate_Region04_pct;Right_Cingulate_Region05_pct;Right_Cingulate_Region06_pct;Right_DeepNuclei_Region01_pct;Right_DeepNuclei_Region02_pct;Right_DeepNuclei_Region03_pct;Right_DeepNuclei_Region04_pct;Right_DeepNuclei_Region05_pct;Right_DeepNuclei_Region06_pct;Left_Frontal_Region01_pct;Left_Frontal_Region02_pct;Left_Frontal_Region03_pct;Left_Frontal_Region04_pct;Left_Frontal_Region05_pct;Left_Frontal_Region06_pct;Left_Parietal_Region01_pct;Left_Parietal_Region02_pct;Left_Parietal_Region03_pct;Left_Parietal_Region04_pct;Left_Parietal_Region05_pct;Left_Parietal_Region06_pct;Left_Temporal_Region01_pct;Left_Temporal_Region02_pct;Left_Temporal_Region03_pct;Left_Temporal_Region04_pct;Left_Temporal_Region05_pct;Left_Temporal_Region06_pct;Left_Occipital_Region01_pct;Left_Occipital_Region02_pct;Left_Occipital_Region03_pct;Left_Occipital_Region04_pct;Left_Occipital_Region05_pct;Left_Occipital_Region06_pct;Left_Insula_Region01_pct;Left_Insula_Region02_pct;Left_Insula_Region03_pct;Left_Insula_Region04_pct;Left_Insula_Region05_pct;Left_Insula_Region06_pct;Left_Cingulate_Region01_pct;Left_Cingulate_Region02_pct;Left_Cingulate_Region03_pct;Left_Cingulate_Region04_pct;Left_Cingulate_Region05_pct;Left_Cingulate_Region06_pct;Left_DeepNuclei_Region01_pct;Left_DeepNuclei_Region02_pct;Left_DeepNuclei_Region03_pct;Left_DeepNuclei_Region04_pct;Left_DeepNuclei_Region05_pct;Left_DeepNuclei_Region06_pct;falls;hypertension;Cerebrovascular_accident;Epilepsy;Diabetes_mellitus;Chronic_kidney_disease;Parkinsons_disease;Transient_ischemic_attack;Chronic_obstructive_lung_disease;Arthritis;Heart_failure;Ischemic_heart_disease;Atrial_fibrillation;Chronic_liver_disease;Coronary_arteriosclerosis;pathology_ischaemic;pathology_neurodegenerative_dementia;wmh_missing;pathology_ischaemic__missing;pathology_ischaemic__present;pathology_ischaemic__log1p;pathology_neurodegenerative_dementia__missing;pathology_neurodegenerative_dementia__present;pathology_neurodegenerative_dementia__log1p,True,0.32850384878914507,0.29994657451733336,0.3,0.30666666666666664,0.060211827090481375,0.07697135647548009,0.84631790503018,0.8540842829532969,0.19555911368146262,0.20724975388221958,,integrated_brier_not_available_from_single_horizon_prediction,0.6644825396825396,-0.13996020621083538,1.0041862761880564,,0.6833012308066756
S7_strong_death_competing_inst30,1,cs_gbsa_dgm_cif,Gradient Boosting Survival,dgm,3500,1500,1050,1074,1376,450,460,590,9.796677499999987,False,,,False,,,36,age;sex_Female;MMSE;MTL_total_pct;Temporal_lateral_total_pct;Medial_parietal_total_pct;Posterior_total_pct;Ventricles_total_pct;wmh_icv_pct;wmh_log_icv;wmh_missing;pathology_ischaemic;pathology_ischaemic__missing;pathology_ischaemic__present;pathology_ischaemic__log1p;pathology_neurodegenerative_dementia;pathology_neurodegenerative_dementia__missing;pathology_neurodegenerative_dementia__present;pathology_neurodegenerative_dementia__log1p;falls;hypertension;Cerebrovascular_accident;Epilepsy;Diabetes_mellitus;Chronic_kidney_disease;Parkinsons_disease;Transient_ischemic_attack;Chronic_obstructive_lung_disease;Arthritis;Heart_failure;Ischemic_heart_disease;Atrial_fibrillation;Chronic_liver_disease;Coronary_arteriosclerosis;IMD_Score_2019_synthetic;IMD_Decile_2019_synthetic,True,0.30585191362428116,0.29994657451733336,0.3,0.30666666666666664,0.07760973097817586,0.09598100003089736,0.7895773360665658,0.7780359560129444,0.19853304728327453,0.21889753004806406,,integrated_brier_not_available_from_single_horizon_prediction,0.665968253968254,0.8373059315266252,2.086248616392029,,0.6893734342149989
S7_strong_death_competing_inst30,1,cs_gbsa_all_safe_cif,Gradient Boosting Survival,all_safe,3500,1500,1050,1074,1376,450,460,590,16.115459166999926,False,,,False,,,160,age;sex_Female;MMSE;IMD_Score_2019_synthetic;IMD_Decile_2019_synthetic;diagnosis_reference_NOT_PREDICTOR;wmh_icv_pct;wmh_log_icv;MTL_total_pct;Temporal_lateral_total_pct;Medial_parietal_total_pct;Posterior_total_pct;Ventricles_total_pct;LI_PCgG;LI_PCu;LI_MTG;LI_ITG;LI_STG;Right_Hippocampus_pct;Left_Hippocampus_pct;Right_Entorhinal_pct;Left_Entorhinal_pct;Right_Parahippocampal_pct;Left_Parahippocampal_pct;Right_MTG_pct;Left_MTG_pct;Right_ITG_pct;Left_ITG_pct;Right_STG_pct;Left_STG_pct;Right_Fusiform_pct;Left_Fusiform_pct;Right_TemporalPole_pct;Left_TemporalPole_pct;Right_PosteriorCingulate_pct;Left_PosteriorCingulate_pct;Right_Precuneus_pct;Left_Precuneus_pct;Right_SPL_pct;Left_SPL_pct;Right_SOG_pct;Left_SOG_pct;Right_MOG_pct;Left_MOG_pct;Right_IOG_pct;Left_IOG_pct;Right_LateralVentricle_pct;Left_LateralVentricle_pct;Right_InfLatVentricle_pct;Left_InfLatVentricle_pct;Right_Frontal_Region01_pct;Right_Frontal_Region02_pct;Right_Frontal_Region03_pct;Right_Frontal_Region04_pct;Right_Frontal_Region05_pct;Right_Frontal_Region06_pct;Right_Parietal_Region01_pct;Right_Parietal_Region02_pct;Right_Parietal_Region03_pct;Right_Parietal_Region04_pct;Right_Parietal_Region05_pct;Right_Parietal_Region06_pct;Right_Temporal_Region01_pct;Right_Temporal_Region02_pct;Right_Temporal_Region03_pct;Right_Temporal_Region04_pct;Right_Temporal_Region05_pct;Right_Temporal_Region06_pct;Right_Occipital_Region01_pct;Right_Occipital_Region02_pct;Right_Occipital_Region03_pct;Right_Occipital_Region04_pct;Right_Occipital_Region05_pct;Right_Occipital_Region06_pct;Right_Insula_Region01_pct;Right_Insula_Region02_pct;Right_Insula_Region03_pct;Right_Insula_Region04_pct;Right_Insula_Region05_pct;Right_Insula_Region06_pct;Right_Cingulate_Region01_pct;Right_Cingulate_Region02_pct;Right_Cingulate_Region03_pct;Right_Cingulate_Region04_pct;Right_Cingulate_Region05_pct;Right_Cingulate_Region06_pct;Right_DeepNuclei_Region01_pct;Right_DeepNuclei_Region02_pct;Right_DeepNuclei_Region03_pct;Right_DeepNuclei_Region04_pct;Right_DeepNuclei_Region05_pct;Right_DeepNuclei_Region06_pct;Left_Frontal_Region01_pct;Left_Frontal_Region02_pct;Left_Frontal_Region03_pct;Left_Frontal_Region04_pct;Left_Frontal_Region05_pct;Left_Frontal_Region06_pct;Left_Parietal_Region01_pct;Left_Parietal_Region02_pct;Left_Parietal_Region03_pct;Left_Parietal_Region04_pct;Left_Parietal_Region05_pct;Left_Parietal_Region06_pct;Left_Temporal_Region01_pct;Left_Temporal_Region02_pct;Left_Temporal_Region03_pct;Left_Temporal_Region04_pct;Left_Temporal_Region05_pct;Left_Temporal_Region06_pct;Left_Occipital_Region01_pct;Left_Occipital_Region02_pct;Left_Occipital_Region03_pct;Left_Occipital_Region04_pct;Left_Occipital_Region05_pct;Left_Occipital_Region06_pct;Left_Insula_Region01_pct;Left_Insula_Region02_pct;Left_Insula_Region03_pct;Left_Insula_Region04_pct;Left_Insula_Region05_pct;Left_Insula_Region06_pct;Left_Cingulate_Region01_pct;Left_Cingulate_Region02_pct;Left_Cingulate_Region03_pct;Left_Cingulate_Region04_pct;Left_Cingulate_Region05_pct;Left_Cingulate_Region06_pct;Left_DeepNuclei_Region01_pct;Left_DeepNuclei_Region02_pct;Left_DeepNuclei_Region03_pct;Left_DeepNuclei_Region04_pct;Left_DeepNuclei_Region05_pct;Left_DeepNuclei_Region06_pct;falls;hypertension;Cerebrovascular_accident;Epilepsy;Diabetes_mellitus;Chronic_kidney_disease;Parkinsons_disease;Transient_ischemic_attack;Chronic_obstructive_lung_disease;Arthritis;Heart_failure;Ischemic_heart_disease;Atrial_fibrillation;Chronic_liver_disease;Coronary_arteriosclerosis;pathology_ischaemic;pathology_neurodegenerative_dementia;wmh_missing;pathology_ischaemic__missing;pathology_ischaemic__present;pathology_ischaemic__log1p;pathology_neurodegenerative_dementia__missing;pathology_neurodegenerative_dementia__present;pathology_neurodegenerative_dementia__log1p,True,0.3061716296813886,0.29994657451733336,0.3,0.30666666666666664,0.07464280315051798,0.09160725840138129,0.8092653507603147,0.8241890977512063,0.19770374185271963,0.21851942152200823,,integrated_brier_not_available_from_single_horizon_prediction,0.6715111111111111,0.9035162451075073,2.1779312911469,,0.6918671500929504
S7_strong_death_competing_inst30,1,deepsurv_dgm_cause_specific_optional,DeepSurv optional,dgm,3500,1500,1050,1074,1376,450,460,590,0.0013978749999523643,False,,,True,"missing_optional_deep_dependencies:torchtuples,pycox",,,,False,,0.29994657451733336,0.3,0.30666666666666664,,,,,,,,,,,,,
S7_strong_death_competing_inst30,1,deepsurv_all_safe_cause_specific_optional,DeepSurv optional,all_safe,3500,1500,1050,1074,1376,450,460,590,0.0013187079999852358,False,,,True,"missing_optional_deep_dependencies:torchtuples,pycox",,,,False,,0.29994657451733336,0.3,0.30666666666666664,,,,,,,,,,,,,
S7_strong_death_competing_inst30,1,deephit_competing_risk_dgm_optional,DeepHit optional,dgm,3500,1500,1050,1074,1376,450,460,590,0.0011382909999611002,False,,,True,"missing_optional_deephit_dependencies:torchtuples,pycox",,,,False,,0.29994657451733336,0.3,0.30666666666666664,,,,,,,,,,,,,
S7_strong_death_competing_inst30,1,deephit_competing_risk_all_safe_reduced_optional,DeepHit optional,all_safe_reduced,3500,1500,1050,1074,1376,450,460,590,0.001118457999950806,False,,,True,"missing_optional_deephit_dependencies:torchtuples,pycox",,,,False,,0.29994657451733336,0.3,0.30666666666666664,,,,,,,,,,,,,
S7_strong_death_competing_inst30,2,finegray_dgm_cif_R,Fine-Gray,dgm,3500,1500,1050,1064,1386,450,456,594,6.282283957999994,False,,,False,,,36,age;sex_Female;MMSE;MTL_total_pct;Temporal_lateral_total_pct;Medial_parietal_total_pct;Posterior_total_pct;Ventricles_total_pct;wmh_icv_pct;wmh_log_icv;wmh_missing;pathology_ischaemic;pathology_ischaemic__missing;pathology_ischaemic__present;pathology_ischaemic__log1p;pathology_neurodegenerative_dementia;pathology_neurodegenerative_dementia__missing;pathology_neurodegenerative_dementia__present;pathology_neurodegenerative_dementia__log1p;falls;hypertension;Cerebrovascular_accident;Epilepsy;Diabetes_mellitus;Chronic_kidney_disease;Parkinsons_disease;Transient_ischemic_attack;Chronic_obstructive_lung_disease;Arthritis;Heart_failure;Ischemic_heart_disease;Atrial_fibrillation;Chronic_liver_disease;Coronary_arteriosclerosis;IMD_Score_2019_synthetic;IMD_Decile_2019_synthetic,True,0.3070430186552767,0.30209547084866667,0.3,0.304,0.03820967916853574,0.05619211161605997,0.9405586011371563,0.9204388623441655,0.19496962493860323,0.20262018473774507,,integrated_brier_not_available_from_single_horizon_prediction,0.665621164021164,-0.13929730837959678,0.861721499444301,,0.6648004970891925
S7_strong_death_competing_inst30,2,finegray_all_safe_reduced_R,Fine-Gray,all_safe_reduced,3500,1500,1050,1064,1386,450,456,594,5.006040459000019,False,,,False,,,30,Right_InfLatVentricle_pct;Left_InfLatVentricle_pct;Right_LateralVentricle_pct;MMSE;Left_Entorhinal_pct;Right_Parahippocampal_pct;Left_LateralVentricle_pct;Left_Temporal_Region06_pct;Right_Hippocampus_pct;Right_Temporal_Region03_pct;Left_Hippocampus_pct;Left_Temporal_Region05_pct;Ventricles_total_pct;Right_Entorhinal_pct;Left_Parahippocampal_pct;Right_MTG_pct;Left_Temporal_Region01_pct;Right_Temporal_Region06_pct;Left_Temporal_Region03_pct;Right_STG_pct;Left_STG_pct;Right_TemporalPole_pct;Left_TemporalPole_pct;Left_Temporal_Region02_pct;Right_Temporal_Region02_pct;Left_ITG_pct;Right_Temporal_Region05_pct;Right_Temporal_Region01_pct;Right_Temporal_Region04_pct;Left_MTG_pct,True,0.3043814621670949,0.30209547084866667,0.3,0.304,0.05227337069128806,0.06750266329397434,0.875169420075298,0.8756268298207858,0.19477242332153488,0.20602730002488734,,integrated_brier_not_available_from_single_horizon_prediction,0.6652190476190477,-0.09256387845904304,0.9085278294322757,,0.6521459907588116
S7_strong_death_competing_inst30,2,cs_rsf_dgm_cif,Random Survival Forest,dgm,3500,1500,1050,1064,1386,450,456,594,2.165417166999987,False,,,False,,,36,age;sex_Female;MMSE;MTL_total_pct;Temporal_lateral_total_pct;Medial_parietal_total_pct;Posterior_total_pct;Ventricles_total_pct;wmh_icv_pct;wmh_log_icv;wmh_missing;pathology_ischaemic;pathology_ischaemic__missing;pathology_ischaemic__present;pathology_ischaemic__log1p;pathology_neurodegenerative_dementia;pathology_neurodegenerative_dementia__missing;pathology_neurodegenerative_dementia__present;pathology_neurodegenerative_dementia__log1p;falls;hypertension;Cerebrovascular_accident;Epilepsy;Diabetes_mellitus;Chronic_kidney_disease;Parkinsons_disease;Transient_ischemic_attack;Chronic_obstructive_lung_disease;Arthritis;Heart_failure;Ischemic_heart_disease;Atrial_fibrillation;Chronic_liver_disease;Coronary_arteriosclerosis;IMD_Score_2019_synthetic;IMD_Decile_2019_synthetic,True,0.32070335542069384,0.30209547084866667,0.3,0.304,0.05200491533312839,0.06658910155444772,0.8939817555474471,0.8833404126849727,0.19581345651997178,0.20448357607370557,,integrated_brier_not_available_from_single_horizon_prediction,0.660821164021164,-0.07320496739970891,1.0444867172886172,,0.6710391332632738
S7_strong_death_competing_inst30,2,cs_rsf_all_safe_cif,Random Survival Forest,all_safe,3500,1500,1050,1064,1386,450,456,594,7.823779000000059,False,,,False,,,160,age;sex_Female;MMSE;IMD_Score_2019_synthetic;IMD_Decile_2019_synthetic;diagnosis_reference_NOT_PREDICTOR;wmh_icv_pct;wmh_log_icv;MTL_total_pct;Temporal_lateral_total_pct;Medial_parietal_total_pct;Posterior_total_pct;Ventricles_total_pct;LI_PCgG;LI_PCu;LI_MTG;LI_ITG;LI_STG;Right_Hippocampus_pct;Left_Hippocampus_pct;Right_Entorhinal_pct;Left_Entorhinal_pct;Right_Parahippocampal_pct;Left_Parahippocampal_pct;Right_MTG_pct;Left_MTG_pct;Right_ITG_pct;Left_ITG_pct;Right_STG_pct;Left_STG_pct;Right_Fusiform_pct;Left_Fusiform_pct;Right_TemporalPole_pct;Left_TemporalPole_pct;Right_PosteriorCingulate_pct;Left_PosteriorCingulate_pct;Right_Precuneus_pct;Left_Precuneus_pct;Right_SPL_pct;Left_SPL_pct;Right_SOG_pct;Left_SOG_pct;Right_MOG_pct;Left_MOG_pct;Right_IOG_pct;Left_IOG_pct;Right_LateralVentricle_pct;Left_LateralVentricle_pct;Right_InfLatVentricle_pct;Left_InfLatVentricle_pct;Right_Frontal_Region01_pct;Right_Frontal_Region02_pct;Right_Frontal_Region03_pct;Right_Frontal_Region04_pct;Right_Frontal_Region05_pct;Right_Frontal_Region06_pct;Right_Parietal_Region01_pct;Right_Parietal_Region02_pct;Right_Parietal_Region03_pct;Right_Parietal_Region04_pct;Right_Parietal_Region05_pct;Right_Parietal_Region06_pct;Right_Temporal_Region01_pct;Right_Temporal_Region02_pct;Right_Temporal_Region03_pct;Right_Temporal_Region04_pct;Right_Temporal_Region05_pct;Right_Temporal_Region06_pct;Right_Occipital_Region01_pct;Right_Occipital_Region02_pct;Right_Occipital_Region03_pct;Right_Occipital_Region04_pct;Right_Occipital_Region05_pct;Right_Occipital_Region06_pct;Right_Insula_Region01_pct;Right_Insula_Region02_pct;Right_Insula_Region03_pct;Right_Insula_Region04_pct;Right_Insula_Region05_pct;Right_Insula_Region06_pct;Right_Cingulate_Region01_pct;Right_Cingulate_Region02_pct;Right_Cingulate_Region03_pct;Right_Cingulate_Region04_pct;Right_Cingulate_Region05_pct;Right_Cingulate_Region06_pct;Right_DeepNuclei_Region01_pct;Right_DeepNuclei_Region02_pct;Right_DeepNuclei_Region03_pct;Right_DeepNuclei_Region04_pct;Right_DeepNuclei_Region05_pct;Right_DeepNuclei_Region06_pct;Left_Frontal_Region01_pct;Left_Frontal_Region02_pct;Left_Frontal_Region03_pct;Left_Frontal_Region04_pct;Left_Frontal_Region05_pct;Left_Frontal_Region06_pct;Left_Parietal_Region01_pct;Left_Parietal_Region02_pct;Left_Parietal_Region03_pct;Left_Parietal_Region04_pct;Left_Parietal_Region05_pct;Left_Parietal_Region06_pct;Left_Temporal_Region01_pct;Left_Temporal_Region02_pct;Left_Temporal_Region03_pct;Left_Temporal_Region04_pct;Left_Temporal_Region05_pct;Left_Temporal_Region06_pct;Left_Occipital_Region01_pct;Left_Occipital_Region02_pct;Left_Occipital_Region03_pct;Left_Occipital_Region04_pct;Left_Occipital_Region05_pct;Left_Occipital_Region06_pct;Left_Insula_Region01_pct;Left_Insula_Region02_pct;Left_Insula_Region03_pct;Left_Insula_Region04_pct;Left_Insula_Region05_pct;Left_Insula_Region06_pct;Left_Cingulate_Region01_pct;Left_Cingulate_Region02_pct;Left_Cingulate_Region03_pct;Left_Cingulate_Region04_pct;Left_Cingulate_Region05_pct;Left_Cingulate_Region06_pct;Left_DeepNuclei_Region01_pct;Left_DeepNuclei_Region02_pct;Left_DeepNuclei_Region03_pct;Left_DeepNuclei_Region04_pct;Left_DeepNuclei_Region05_pct;Left_DeepNuclei_Region06_pct;falls;hypertension;Cerebrovascular_accident;Epilepsy;Diabetes_mellitus;Chronic_kidney_disease;Parkinsons_disease;Transient_ischemic_attack;Chronic_obstructive_lung_disease;Arthritis;Heart_failure;Ischemic_heart_disease;Atrial_fibrillation;Chronic_liver_disease;Coronary_arteriosclerosis;pathology_ischaemic;pathology_neurodegenerative_dementia;wmh_missing;pathology_ischaemic__missing;pathology_ischaemic__present;pathology_ischaemic__log1p;pathology_neurodegenerative_dementia__missing;pathology_neurodegenerative_dementia__present;pathology_neurodegenerative_dementia__log1p,True,0.33306693495935236,0.30209547084866667,0.3,0.304,0.06267667549912959,0.07846310886357687,0.8390208671203855,0.8498369258291305,0.19706563097138527,0.20632323900162283,,integrated_brier_not_available_from_single_horizon_prediction,0.6580042328042328,-0.14535151934971555,1.0288870921672681,,0.665626198935762
S7_strong_death_competing_inst30,2,cs_gbsa_dgm_cif,Gradient Boosting Survival,dgm,3500,1500,1050,1064,1386,450,456,594,9.663192291999962,False,,,False,,,36,age;sex_Female;MMSE;MTL_total_pct;Temporal_lateral_total_pct;Medial_parietal_total_pct;Posterior_total_pct;Ventricles_total_pct;wmh_icv_pct;wmh_log_icv;wmh_missing;pathology_ischaemic;pathology_ischaemic__missing;pathology_ischaemic__present;pathology_ischaemic__log1p;pathology_neurodegenerative_dementia;pathology_neurodegenerative_dementia__missing;pathology_neurodegenerative_dementia__present;pathology_neurodegenerative_dementia__log1p;falls;hypertension;Cerebrovascular_accident;Epilepsy;Diabetes_mellitus;Chronic_kidney_disease;Parkinsons_disease;Transient_ischemic_attack;Chronic_obstructive_lung_disease;Arthritis;Heart_failure;Ischemic_heart_disease;Atrial_fibrillation;Chronic_liver_disease;Coronary_arteriosclerosis;IMD_Score_2019_synthetic;IMD_Decile_2019_synthetic,True,0.30903854911736406,0.30209547084866667,0.3,0.304,0.07836416349391018,0.09715419711154989,0.8154357669526764,0.8116499250040482,0.20115973043953067,0.2206773074744443,,integrated_brier_not_available_from_single_horizon_prediction,0.6378603174603175,0.7357871406636985,1.9955711174090818,,0.6539162454753207
S7_strong_death_competing_inst30,2,cs_gbsa_all_safe_cif,Gradient Boosting Survival,all_safe,3500,1500,1050,1064,1386,450,456,594,16.028448042000036,False,,,False,,,160,age;sex_Female;MMSE;IMD_Score_2019_synthetic;IMD_Decile_2019_synthetic;diagnosis_reference_NOT_PREDICTOR;wmh_icv_pct;wmh_log_icv;MTL_total_pct;Temporal_lateral_total_pct;Medial_parietal_total_pct;Posterior_total_pct;Ventricles_total_pct;LI_PCgG;LI_PCu;LI_MTG;LI_ITG;LI_STG;Right_Hippocampus_pct;Left_Hippocampus_pct;Right_Entorhinal_pct;Left_Entorhinal_pct;Right_Parahippocampal_pct;Left_Parahippocampal_pct;Right_MTG_pct;Left_MTG_pct;Right_ITG_pct;Left_ITG_pct;Right_STG_pct;Left_STG_pct;Right_Fusiform_pct;Left_Fusiform_pct;Right_TemporalPole_pct;Left_TemporalPole_pct;Right_PosteriorCingulate_pct;Left_PosteriorCingulate_pct;Right_Precuneus_pct;Left_Precuneus_pct;Right_SPL_pct;Left_SPL_pct;Right_SOG_pct;Left_SOG_pct;Right_MOG_pct;Left_MOG_pct;Right_IOG_pct;Left_IOG_pct;Right_LateralVentricle_pct;Left_LateralVentricle_pct;Right_InfLatVentricle_pct;Left_InfLatVentricle_pct;Right_Frontal_Region01_pct;Right_Frontal_Region02_pct;Right_Frontal_Region03_pct;Right_Frontal_Region04_pct;Right_Frontal_Region05_pct;Right_Frontal_Region06_pct;Right_Parietal_Region01_pct;Right_Parietal_Region02_pct;Right_Parietal_Region03_pct;Right_Parietal_Region04_pct;Right_Parietal_Region05_pct;Right_Parietal_Region06_pct;Right_Temporal_Region01_pct;Right_Temporal_Region02_pct;Right_Temporal_Region03_pct;Right_Temporal_Region04_pct;Right_Temporal_Region05_pct;Right_Temporal_Region06_pct;Right_Occipital_Region01_pct;Right_Occipital_Region02_pct;Right_Occipital_Region03_pct;Right_Occipital_Region04_pct;Right_Occipital_Region05_pct;Right_Occipital_Region06_pct;Right_Insula_Region01_pct;Right_Insula_Region02_pct;Right_Insula_Region03_pct;Right_Insula_Region04_pct;Right_Insula_Region05_pct;Right_Insula_Region06_pct;Right_Cingulate_Region01_pct;Right_Cingulate_Region02_pct;Right_Cingulate_Region03_pct;Right_Cingulate_Region04_pct;Right_Cingulate_Region05_pct;Right_Cingulate_Region06_pct;Right_DeepNuclei_Region01_pct;Right_DeepNuclei_Region02_pct;Right_DeepNuclei_Region03_pct;Right_DeepNuclei_Region04_pct;Right_DeepNuclei_Region05_pct;Right_DeepNuclei_Region06_pct;Left_Frontal_Region01_pct;Left_Frontal_Region02_pct;Left_Frontal_Region03_pct;Left_Frontal_Region04_pct;Left_Frontal_Region05_pct;Left_Frontal_Region06_pct;Left_Parietal_Region01_pct;Left_Parietal_Region02_pct;Left_Parietal_Region03_pct;Left_Parietal_Region04_pct;Left_Parietal_Region05_pct;Left_Parietal_Region06_pct;Left_Temporal_Region01_pct;Left_Temporal_Region02_pct;Left_Temporal_Region03_pct;Left_Temporal_Region04_pct;Left_Temporal_Region05_pct;Left_Temporal_Region06_pct;Left_Occipital_Region01_pct;Left_Occipital_Region02_pct;Left_Occipital_Region03_pct;Left_Occipital_Region04_pct;Left_Occipital_Region05_pct;Left_Occipital_Region06_pct;Left_Insula_Region01_pct;Left_Insula_Region02_pct;Left_Insula_Region03_pct;Left_Insula_Region04_pct;Left_Insula_Region05_pct;Left_Insula_Region06_pct;Left_Cingulate_Region01_pct;Left_Cingulate_Region02_pct;Left_Cingulate_Region03_pct;Left_Cingulate_Region04_pct;Left_Cingulate_Region05_pct;Left_Cingulate_Region06_pct;Left_DeepNuclei_Region01_pct;Left_DeepNuclei_Region02_pct;Left_DeepNuclei_Region03_pct;Left_DeepNuclei_Region04_pct;Left_DeepNuclei_Region05_pct;Left_DeepNuclei_Region06_pct;falls;hypertension;Cerebrovascular_accident;Epilepsy;Diabetes_mellitus;Chronic_kidney_disease;Parkinsons_disease;Transient_ischemic_attack;Chronic_obstructive_lung_disease;Arthritis;Heart_failure;Ischemic_heart_disease;Atrial_fibrillation;Chronic_liver_disease;Coronary_arteriosclerosis;pathology_ischaemic;pathology_neurodegenerative_dementia;wmh_missing;pathology_ischaemic__missing;pathology_ischaemic__present;pathology_ischaemic__log1p;pathology_neurodegenerative_dementia__missing;pathology_neurodegenerative_dementia__present;pathology_neurodegenerative_dementia__log1p,True,0.3087909980084694,0.30209547084866667,0.3,0.304,0.07828804143512957,0.09616467662869435,0.8115630636459978,0.8041110220054372,0.20043952165335005,0.219975919966474,,integrated_brier_not_available_from_single_horizon_prediction,0.6442433862433863,0.7218043667553313,1.974142036850881,,0.6574035847136733
S7_strong_death_competing_inst30,2,deepsurv_dgm_cause_specific_optional,DeepSurv optional,dgm,3500,1500,1050,1064,1386,450,456,594,0.0013355000000956352,False,,,True,"missing_optional_deep_dependencies:torchtuples,pycox",,,,False,,0.30209547084866667,0.3,0.304,,,,,,,,,,,,,
S7_strong_death_competing_inst30,2,deepsurv_all_safe_cause_specific_optional,DeepSurv optional,all_safe,3500,1500,1050,1064,1386,450,456,594,0.0013778750000028595,False,,,True,"missing_optional_deep_dependencies:torchtuples,pycox",,,,False,,0.30209547084866667,0.3,0.304,,,,,,,,,,,,,
S7_strong_death_competing_inst30,2,deephit_competing_risk_dgm_optional,DeepHit optional,dgm,3500,1500,1050,1064,1386,450,456,594,0.0012646249999761494,False,,,True,"missing_optional_deephit_dependencies:torchtuples,pycox",,,,False,,0.30209547084866667,0.3,0.304,,,,,,,,,,,,,
S7_strong_death_competing_inst30,2,deephit_competing_risk_all_safe_reduced_optional,DeepHit optional,all_safe_reduced,3500,1500,1050,1064,1386,450,456,594,0.0012180420000049708,False,,,True,"missing_optional_deephit_dependencies:torchtuples,pycox",,,,False,,0.30209547084866667,0.3,0.304,,,,,,,,,,,,,
